path,percentage,emoji,state,detail,bytes,lines
".editorconfig",85,"🟢","INTÉGRÉ","ressource intégrée",141,0
".env.example",85,"🟢","INTÉGRÉ","ressource intégrée",241,0
".gitignore",85,"🟢","INTÉGRÉ","ressource intégrée",87,0
"CHANGELOG.md",88,"📘","DOCUMENTÉ","documentation ou rapport",6534,94
"CMakeLists.txt",88,"📘","DOCUMENTÉ","documentation ou rapport",2901,67
"CMakePresets.json",92,"⚙️✅","CONFIGURATION","configuration valide",1686,75
"CONTRIBUTING.md",88,"📘","DOCUMENTÉ","documentation ou rapport",193,4
"LICENSE.txt",88,"📘","DOCUMENTÉ","documentation ou rapport",255,4
"PROJECT_DEEP_ANALYSIS_V3.md",88,"📘","DOCUMENTÉ","documentation ou rapport",2557,44
"PROJECT_DEEP_ANALYSIS_V4.md",88,"📘","DOCUMENTÉ","documentation ou rapport",2017,42
"PROJECT_DEEP_ANALYSIS_V5.md",88,"📘","DOCUMENTÉ","documentation ou rapport",3376,79
"PROJECT_DEEP_ANALYSIS_V6.md",88,"📘","DOCUMENTÉ","documentation ou rapport",1656,43
"PROJECT_DEEP_ANALYSIS_V7.md",88,"📘","DOCUMENTÉ","documentation ou rapport",3145,78
"PROJECT_FILE_STATUS_V3.csv",85,"🟢","INTÉGRÉ","ressource intégrée",411290,0
"PROJECT_FILE_STATUS_V4.csv",85,"🟢","INTÉGRÉ","ressource intégrée",286765,0
"PROJECT_FILE_STATUS_V5.csv",85,"🟢","INTÉGRÉ","ressource intégrée",255701,0
"PROJECT_FILE_STATUS_V6.csv",85,"🟢","INTÉGRÉ","ressource intégrée",260284,0
"PROJECT_FILE_STATUS_V7.csv",85,"🟢","INTÉGRÉ","ressource intégrée",263307,0
"PROJECT_MANIFEST.txt",88,"📘","DOCUMENTÉ","documentation ou rapport",152411,1923
"PROJECT_MANIFEST_SHA256.txt",88,"📘","DOCUMENTÉ","documentation ou rapport",211512,1924
"PROJECT_MANIFEST_SHA256_V3.txt",88,"📘","DOCUMENTÉ","documentation ou rapport",211512,1924
"PROJECT_MANIFEST_SHA256_V4.txt",88,"📘","DOCUMENTÉ","documentation ou rapport",213545,1944
"PROJECT_MANIFEST_SHA256_V5.txt",88,"📘","DOCUMENTÉ","documentation ou rapport",214879,1957
"PROJECT_MANIFEST_SHA256_V6.txt",88,"📘","DOCUMENTÉ","documentation ou rapport",218435,1990
"PROJECT_MANIFEST_SHA256_V7.txt",88,"📘","DOCUMENTÉ","documentation ou rapport",220961,2017
"PROJECT_STATUS.json",92,"⚙️✅","CONFIGURATION","configuration valide",2339,73
"PROJECT_STATUS_V3.json",92,"⚙️✅","CONFIGURATION","configuration valide",2339,73
"PROJECT_STATUS_V4.json",92,"⚙️✅","CONFIGURATION","configuration valide",1364,49
"PROJECT_STATUS_V5.json",92,"⚙️✅","CONFIGURATION","configuration valide",501117,17646
"PROJECT_STATUS_V6.json",92,"⚙️✅","CONFIGURATION","configuration valide",509834,17943
"PROJECT_STATUS_V7.json",92,"⚙️✅","CONFIGURATION","configuration valide",515703,18150
"PROJECT_TREE_CMD_EMOJI_V3.txt",88,"📘","DOCUMENTÉ","documentation ou rapport",271693,2181
"PROJECT_TREE_CMD_EMOJI_V4.txt",88,"📘","DOCUMENTÉ","documentation ou rapport",281250,2183
"PROJECT_TREE_CMD_EMOJI_V4_CPP.txt",88,"📘","DOCUMENTÉ","documentation ou rapport",257025,1952
"PROJECT_TREE_CMD_EMOJI_V5.txt",88,"📘","DOCUMENTÉ","documentation ou rapport",266699,2187
"PROJECT_TREE_CMD_EMOJI_V6.txt",88,"📘","DOCUMENTÉ","documentation ou rapport",271443,2223
"PROJECT_TREE_CMD_EMOJI_V7.txt",88,"📘","DOCUMENTÉ","documentation ou rapport",274559,2247
"PROJECT_TREE_EMOJI.txt",88,"📘","DOCUMENTÉ","documentation ou rapport",271693,2181
"README.md",88,"📘","DOCUMENTÉ","documentation ou rapport",6683,141
"SECURITY.md",88,"📘","DOCUMENTÉ","documentation ou rapport",2383,47
"TARGET_TREE_COMPLIANCE.json",92,"⚙️✅","CONFIGURATION","configuration valide",424,11
"TARGET_TREE_COMPLIANCE_V4.json",92,"⚙️✅","CONFIGURATION","configuration valide",164,9
"TARGET_TREE_COMPLIANCE_V5.json",92,"⚙️✅","CONFIGURATION","configuration valide",943,37
"TARGET_TREE_COMPLIANCE_V6.json",92,"⚙️✅","CONFIGURATION","configuration valide",316,14
"TARGET_TREE_COMPLIANCE_V7.json",92,"⚙️✅","CONFIGURATION","configuration valide",1651,44
"VALIDATION_REPORT.txt",88,"📘","DOCUMENTÉ","documentation ou rapport",1962,72
"VALIDATION_REPORT_V3.txt",88,"📘","DOCUMENTÉ","documentation ou rapport",1962,72
"VALIDATION_REPORT_V4.txt",88,"📘","DOCUMENTÉ","documentation ou rapport",1902,47
"VALIDATION_REPORT_V5.txt",88,"📘","DOCUMENTÉ","documentation ou rapport",3626,89
"VALIDATION_REPORT_V6.txt",88,"📘","DOCUMENTÉ","documentation ou rapport",1217,48
"VALIDATION_REPORT_V7.txt",88,"📘","DOCUMENTÉ","documentation ou rapport",2208,72
"VERSION",85,"🟢","INTÉGRÉ","ressource intégrée",6,0
"apps/aliexpress_oauth_helper/main.cpp",90,"✅","IMPLÉMENTÉ","implémentation substantielle",1655,39
"apps/autonomous_manager/main.cpp",84,"🟢","FONCTIONNEL","code dédié compilable",3247,95
"apps/backup_manager/main.cpp",90,"✅","IMPLÉMENTÉ","implémentation substantielle",3443,80
"apps/configuration_validator/main.cpp",84,"🟢","FONCTIONNEL","code dédié compilable",3391,66
"apps/database_migrator/main.cpp",90,"✅","IMPLÉMENTÉ","implémentation substantielle",681,6
"apps/diagnostics/main.cpp",90,"✅","IMPLÉMENTÉ","implémentation substantielle",1171,7
"apps/emergency_recovery/main.cpp",90,"✅","IMPLÉMENTÉ","implémentation substantielle",737,5
"apps/manager/main.cpp",84,"🟢","FONCTIONNEL","code dédié compilable",1814,55
"apps/replay_tool/main.cpp",97,"✅","MÉTIER AVANCÉ","logique métier et intégration détectées",2250,47
"apps/sandbox_simulator/main.cpp",97,"✅","MÉTIER AVANCÉ","logique métier et intégration détectées",2024,54
"apps/scheduler_service/main.cpp",97,"✅","MÉTIER AVANCÉ","logique métier et intégration détectées",2616,81
"apps/shopify_control_center/main.cpp",97,"✅","MÉTIER AVANCÉ","logique métier et intégration détectées",5903,147
"apps/shopify_oauth_helper/main.cpp",90,"✅","IMPLÉMENTÉ","implémentation substantielle",1630,39
"apps/shopify_readiness/main.cpp",97,"✅","SHOPIFY TRANSACTIONNEL","monnaie sûre, états, admission, confidentialité ou readiness",1097,23
"apps/shopify_reconciler/main.cpp",97,"✅","SHOPIFY RÉSILIENT","idempotence, version, GID, ordre temporel, CAS ou réconciliation",1731,51
"apps/webhook_server/main.cpp",97,"✅","MÉTIER AVANCÉ","logique métier et intégration détectées",2932,76
"apps/worker_service/main.cpp",97,"✅","MÉTIER AVANCÉ","logique métier et intégration détectées",21353,414
"cmake/CompilerOptions.cmake",94,"🛠️✅","OUTILLAGE","construction ou automatisation",93,4
"cmake/CompilerWarnings.cmake",94,"🛠️✅","OUTILLAGE","construction ou automatisation",119,6
"cmake/Dependencies.cmake",94,"🛠️✅","OUTILLAGE","construction ou automatisation",212,6
"cmake/InstallLayout.cmake",94,"🛠️✅","OUTILLAGE","construction ou automatisation",24,2
"cmake/LinuxToolchain.cmake",94,"🛠️✅","OUTILLAGE","construction ou automatisation",29,2
"cmake/MingwToolchain.cmake",94,"🛠️✅","OUTILLAGE","construction ou automatisation",78,3
"cmake/Packaging.cmake",94,"🛠️✅","OUTILLAGE","construction ou automatisation",134,4
"cmake/Sanitizers.cmake",94,"🛠️✅","OUTILLAGE","construction ou automatisation",249,6
"cmake/StaticAnalysis.cmake",94,"🛠️✅","OUTILLAGE","construction ou automatisation",233,8
"cmake/TestConfiguration.cmake",94,"🛠️✅","OUTILLAGE","construction ou automatisation",32,3
"cmake/VersionInfo.cmake",94,"🛠️✅","OUTILLAGE","construction ou automatisation",83,2
"cmake/WindowsToolchain.cmake",94,"🛠️✅","OUTILLAGE","construction ou automatisation",31,2
"config/aliexpress.example.json",92,"⚙️✅","CONFIGURATION","configuration valide",306,11
"config/app.example.json",92,"⚙️✅","CONFIGURATION","configuration valide",1830,76
"config/app.json",92,"⚙️✅","CONFIGURATION","configuration valide",1830,76
"config/application.example.json",92,"⚙️✅","CONFIGURATION","configuration valide",175,9
"config/automation.example.json",92,"⚙️✅","CONFIGURATION","configuration valide",191,10
"config/canada_compliance.example.json",92,"⚙️✅","CONFIGURATION","configuration valide",172,8
"config/customer_service.example.json",92,"⚙️✅","CONFIGURATION","configuration valide",157,10
"config/database.example.json",92,"⚙️✅","CONFIGURATION","configuration valide",159,9
"config/development.example.json",92,"⚙️✅","CONFIGURATION","configuration valide",104,7
"config/fulfillment.example.json",92,"⚙️✅","CONFIGURATION","configuration valide",149,8
"config/inventory.example.json",92,"⚙️✅","CONFIGURATION","configuration valide",143,8
"config/logging.example.json",92,"⚙️✅","CONFIGURATION","configuration valide",132,8
"config/notifications.example.json",92,"⚙️✅","CONFIGURATION","configuration valide",127,8
"config/pricing.example.json",92,"⚙️✅","CONFIGURATION","configuration valide",208,9
"config/production.example.json",92,"⚙️✅","CONFIGURATION","configuration valide",139,8
"config/secrets.example.env",82,"🔐⚙️","CONFIG À ACTIVER","identifiants réels requis",133,0
"config/security.example.json",92,"⚙️✅","CONFIGURATION","configuration valide",158,8
"config/shopify.app.example.toml",85,"🟢","INTÉGRÉ","ressource intégrée",855,0
"config/shopify.example.json",82,"🔐⚙️","CONFIG À ACTIVER","identifiants réels requis",262,9
"config/sourcing.example.json",92,"⚙️✅","CONFIGURATION","configuration valide",169,9
"config/terminal_ui.example.json",92,"⚙️✅","CONFIGURATION","configuration valide",132,8
"data/audit/.gitkeep",100,"💤","RUNTIME","dossier runtime réservé",44,0
"data/backups/.gitkeep",100,"💤","RUNTIME","dossier runtime réservé",44,0
"data/cache/.gitkeep",100,"💤","RUNTIME","dossier runtime réservé",44,0
"data/database/.gitkeep",100,"💤","RUNTIME","dossier runtime réservé",44,0
"data/exports/.gitkeep",100,"💤","RUNTIME","dossier runtime réservé",44,0
"data/exports/accounting/.gitkeep",100,"💤","RUNTIME","dossier runtime réservé",44,0
"data/exports/analytics/.gitkeep",100,"💤","RUNTIME","dossier runtime réservé",44,0
"data/exports/catalog/.gitkeep",100,"💤","RUNTIME","dossier runtime réservé",44,0
"data/exports/customers/.gitkeep",100,"💤","RUNTIME","dossier runtime réservé",44,0
"data/exports/inventory/.gitkeep",100,"💤","RUNTIME","dossier runtime réservé",44,0
"data/exports/orders/.gitkeep",100,"💤","RUNTIME","dossier runtime réservé",44,0
"data/exports/taxes/.gitkeep",100,"💤","RUNTIME","dossier runtime réservé",44,0
"data/imports/.gitkeep",100,"💤","RUNTIME","dossier runtime réservé",44,0
"data/logs/.gitkeep",100,"💤","RUNTIME","dossier runtime réservé",44,0
"data/queue/.gitkeep",100,"💤","RUNTIME","dossier runtime réservé",44,0
"data/queue/completed/.gitkeep",100,"💤","RUNTIME","dossier runtime réservé",44,0
"data/queue/dead_letter/.gitkeep",100,"💤","RUNTIME","dossier runtime réservé",44,0
"data/queue/failed/.gitkeep",100,"💤","RUNTIME","dossier runtime réservé",44,0
"data/queue/pending/.gitkeep",100,"💤","RUNTIME","dossier runtime réservé",44,0
"data/queue/processing/.gitkeep",100,"💤","RUNTIME","dossier runtime réservé",44,0
"data/reports/.gitkeep",100,"💤","RUNTIME","dossier runtime réservé",44,0
"data/runtime/.gitkeep",100,"💤","RUNTIME","dossier runtime réservé",44,0
"data/temporary/.gitkeep",100,"💤","RUNTIME","dossier runtime réservé",44,0
"docs/ALIEXPRESS_INTEGRATION.md",88,"📘","DOCUMENTÉ","documentation ou rapport",281,4
"docs/API_ENDPOINTS.md",88,"📘","DOCUMENTÉ","documentation ou rapport",713,15
"docs/ARCHITECTURE.md",88,"📘","DOCUMENTÉ","documentation ou rapport",235,4
"docs/AUTONOMOUS_WORKFLOWS.md",88,"📘","DOCUMENTÉ","documentation ou rapport",364,4
"docs/BUILD_LINUX.md",88,"📘","DOCUMENTÉ","documentation ou rapport",180,8
"docs/BUILD_WINDOWS_MSVC.md",88,"📘","DOCUMENTÉ","documentation ou rapport",168,8
"docs/BUILD_WINDOWS_MSYS2.md",88,"📘","DOCUMENTÉ","documentation ou rapport",183,8
"docs/CANADA.md",88,"📘","DOCUMENTÉ","documentation ou rapport",322,4
"docs/CANADA_CONFIGURATION.md",88,"📘","DOCUMENTÉ","documentation ou rapport",219,4
"docs/CONFIGURATION.md",88,"📘","DOCUMENTÉ","documentation ou rapport",182,4
"docs/DATABASE_SCHEMA.md",88,"📘","DOCUMENTÉ","documentation ou rapport",231,4
"docs/DEPLOYMENT.md",88,"📘","DOCUMENTÉ","documentation ou rapport",209,4
"docs/DISASTER_RECOVERY.md",88,"📘","DOCUMENTÉ","documentation ou rapport",202,4
"docs/IMPROVEMENTS_V3.md",88,"📘","DOCUMENTÉ","documentation ou rapport",1343,20
"docs/PRODUCTION_READINESS.md",88,"📘","DOCUMENTÉ","documentation ou rapport",1389,28
"docs/README_V2_ARCHIVE.md",88,"📘","DOCUMENTÉ","documentation ou rapport",4446,105
"docs/SECURITY.md",88,"📘","DOCUMENTÉ","documentation ou rapport",302,4
"docs/SECURITY_MODEL.md",88,"📘","DOCUMENTÉ","documentation ou rapport",182,4
"docs/SHOPIFY_ADVANCED_V4.md",88,"📘","DOCUMENTÉ","documentation ou rapport",1684,29
"docs/SHOPIFY_AUTONOMY_V5.md",88,"📘","DOCUMENTÉ","documentation ou rapport",866,26
"docs/SHOPIFY_INTEGRATION.md",88,"📘","DOCUMENTÉ","documentation ou rapport",232,4
"docs/SHOPIFY_RESILIENCE_V7.md",88,"📘","DOCUMENTÉ","documentation ou rapport",704,12
"docs/SHOPIFY_TRANSACTIONAL_V6.md",88,"📘","DOCUMENTÉ","documentation ou rapport",871,16
"docs/TECHNICAL_CODE_OPERATION_V6.md",88,"📘","DOCUMENTÉ","documentation ou rapport",18547,501
"docs/TECHNICAL_CODE_OPERATION_V7.md",88,"📘","DOCUMENTÉ","documentation ou rapport",8836,222
"docs/TERMINAL_COMMANDS.md",88,"📘","DOCUMENTÉ","documentation ou rapport",216,4
"docs/TESTING.md",88,"📘","DOCUMENTÉ","documentation ou rapport",236,4
"docs/TROUBLESHOOTING.md",88,"📘","DOCUMENTÉ","documentation ou rapport",226,4
"docs/WORKER_WEBHOOK_PIPELINE.md",88,"📘","DOCUMENTÉ","documentation ou rapport",734,22
"include/elit21/aliexpress/AliExpressClient.h",90,"✅","IMPLÉMENTÉ","implémentation substantielle",1967,50
"include/elit21/aliexpress/AliExpressConfig.h",76,"🟡","ADAPTATEUR PARTAGÉ","invariants métier communs; spécialisation limitée",323,14
"include/elit21/aliexpress/AliExpressEndpoints.h",68,"🟡","PARTIEL","interface ou module minimal",679,6
"include/elit21/aliexpress/AliExpressError.h",76,"🟡","ADAPTATEUR PARTAGÉ","invariants métier communs; spécialisation limitée",321,14
"include/elit21/aliexpress/AliExpressErrorMapper.h",76,"🟡","ADAPTATEUR PARTAGÉ","invariants métier communs; spécialisation limitée",333,14
"include/elit21/aliexpress/AliExpressMethodNames.h",68,"🟡","PARTIEL","interface ou module minimal",617,7
"include/elit21/aliexpress/AliExpressModels.h",84,"🟢","FONCTIONNEL","code dédié compilable",1153,53
"include/elit21/aliexpress/AliExpressServiceFactory.h",76,"🟡","ADAPTATEUR PARTAGÉ","invariants métier communs; spécialisation limitée",339,14
"include/elit21/aliexpress/AliExpressSession.h",76,"🟡","ADAPTATEUR PARTAGÉ","invariants métier communs; spécialisation limitée",325,14
"include/elit21/aliexpress/auth/AliExpressAuthorizationUrlBuilder.h",68,"🟡","PARTIEL","interface ou module minimal",248,4
"include/elit21/aliexpress/auth/AliExpressOAuthClient.h",90,"✅","IMPLÉMENTÉ","implémentation substantielle",607,7
"include/elit21/aliexpress/auth/AliExpressOAuthStateStore.h",90,"✅","IMPLÉMENTÉ","implémentation substantielle",380,7
"include/elit21/aliexpress/auth/AliExpressToken.h",68,"🟡","PARTIEL","interface ou module minimal",311,5
"include/elit21/aliexpress/auth/AliExpressTokenManager.h",68,"🟡","PARTIEL","interface ou module minimal",575,7
"include/elit21/aliexpress/auth/AliExpressTokenRefreshPolicy.h",68,"🟡","PARTIEL","interface ou module minimal",267,5
"include/elit21/aliexpress/models/AliExpressCommissionOrder.h",68,"🟡","PARTIEL","interface ou module minimal",171,4
"include/elit21/aliexpress/models/AliExpressDropshippingMember.h",68,"🟡","PARTIEL","interface ou module minimal",180,4
"include/elit21/aliexpress/models/AliExpressFreightQuote.h",68,"🟡","PARTIEL","interface ou module minimal",206,4
"include/elit21/aliexpress/models/AliExpressOrder.h",68,"🟡","PARTIEL","interface ou module minimal",197,5
"include/elit21/aliexpress/models/AliExpressOrderLine.h",68,"🟡","PARTIEL","interface ou module minimal",176,4
"include/elit21/aliexpress/models/AliExpressOrderStatus.h",68,"🟡","PARTIEL","interface ou module minimal",152,4
"include/elit21/aliexpress/models/AliExpressProduct.h",68,"🟡","PARTIEL","interface ou module minimal",301,5
"include/elit21/aliexpress/models/AliExpressProductDescription.h",68,"🟡","PARTIEL","interface ou module minimal",152,4
"include/elit21/aliexpress/models/AliExpressProductImage.h",68,"🟡","PARTIEL","interface ou module minimal",146,4
"include/elit21/aliexpress/models/AliExpressProductProperty.h",68,"🟡","PARTIEL","interface ou module minimal",129,4
"include/elit21/aliexpress/models/AliExpressProductSku.h",68,"🟡","PARTIEL","interface ou module minimal",222,5
"include/elit21/aliexpress/models/AliExpressSeller.h",68,"🟡","PARTIEL","interface ou module minimal",176,4
"include/elit21/aliexpress/models/AliExpressShippingMethod.h",68,"🟡","PARTIEL","interface ou module minimal",208,4
"include/elit21/aliexpress/models/AliExpressTrackingEvent.h",68,"🟡","PARTIEL","interface ou module minimal",156,4
"include/elit21/aliexpress/requests/CommissionOrderListRequest.h",68,"🟡","PARTIEL","interface ou module minimal",278,6
"include/elit21/aliexpress/requests/DsAddInfoRequest.h",68,"🟡","PARTIEL","interface ou module minimal",268,6
"include/elit21/aliexpress/requests/DsImageSearchRequest.h",68,"🟡","PARTIEL","interface ou module minimal",272,6
"include/elit21/aliexpress/requests/DsProductGetRequest.h",68,"🟡","PARTIEL","interface ou module minimal",271,6
"include/elit21/aliexpress/requests/DsRecommendFeedGetRequest.h",68,"🟡","PARTIEL","interface ou module minimal",277,6
"include/elit21/aliexpress/requests/DsTradeOrderGetRequest.h",68,"🟡","PARTIEL","interface ou module minimal",274,6
"include/elit21/aliexpress/requests/FindProductByIdForDropshipperRequest.h",68,"🟡","PARTIEL","interface ou module minimal",288,6
"include/elit21/aliexpress/requests/FreightCalculateRequest.h",68,"🟡","PARTIEL","interface ou module minimal",275,6
"include/elit21/aliexpress/requests/MemberOrderDataSubmitRequest.h",68,"🟡","PARTIEL","interface ou module minimal",280,6
"include/elit21/aliexpress/requests/PlaceOrderRequest.h",68,"🟡","PARTIEL","interface ou module minimal",269,6
"include/elit21/aliexpress/requests/SimpleProductQueryRequest.h",68,"🟡","PARTIEL","interface ou module minimal",277,6
"include/elit21/aliexpress/requests/TrackingInfoQueryRequest.h",68,"🟡","PARTIEL","interface ou module minimal",276,6
"include/elit21/aliexpress/requests/TradeDsOrderGetRequest.h",68,"🟡","PARTIEL","interface ou module minimal",274,6
"include/elit21/aliexpress/responses/CommissionOrderListResponse.h",76,"🟡","ADAPTATEUR PARTAGÉ","invariants métier communs; spécialisation limitée",367,14
"include/elit21/aliexpress/responses/DsAddInfoResponse.h",76,"🟡","ADAPTATEUR PARTAGÉ","invariants métier communs; spécialisation limitée",347,14
"include/elit21/aliexpress/responses/DsImageSearchResponse.h",76,"🟡","ADAPTATEUR PARTAGÉ","invariants métier communs; spécialisation limitée",355,14
"include/elit21/aliexpress/responses/DsProductGetResponse.h",76,"🟡","ADAPTATEUR PARTAGÉ","invariants métier communs; spécialisation limitée",353,14
"include/elit21/aliexpress/responses/DsRecommendFeedGetResponse.h",76,"🟡","ADAPTATEUR PARTAGÉ","invariants métier communs; spécialisation limitée",365,14
"include/elit21/aliexpress/responses/DsTradeOrderGetResponse.h",76,"🟡","ADAPTATEUR PARTAGÉ","invariants métier communs; spécialisation limitée",359,14
"include/elit21/aliexpress/responses/FindProductByIdForDropshipperResponse.h",76,"🟡","ADAPTATEUR PARTAGÉ","invariants métier communs; spécialisation limitée",387,14
"include/elit21/aliexpress/responses/FreightCalculateResponse.h",76,"🟡","ADAPTATEUR PARTAGÉ","invariants métier communs; spécialisation limitée",361,14
"include/elit21/aliexpress/responses/MemberOrderDataSubmitResponse.h",76,"🟡","ADAPTATEUR PARTAGÉ","invariants métier communs; spécialisation limitée",371,14
"include/elit21/aliexpress/responses/PlaceOrderResponse.h",76,"🟡","ADAPTATEUR PARTAGÉ","invariants métier communs; spécialisation limitée",349,14
"include/elit21/aliexpress/responses/SimpleProductQueryResponse.h",76,"🟡","ADAPTATEUR PARTAGÉ","invariants métier communs; spécialisation limitée",365,14
"include/elit21/aliexpress/responses/TrackingInfoQueryResponse.h",76,"🟡","ADAPTATEUR PARTAGÉ","invariants métier communs; spécialisation limitée",363,14
"include/elit21/aliexpress/responses/TradeDsOrderGetResponse.h",76,"🟡","ADAPTATEUR PARTAGÉ","invariants métier communs; spécialisation limitée",359,14
"include/elit21/aliexpress/services/AliExpressCapabilityService.h",76,"🟡","ADAPTATEUR PARTAGÉ","invariants métier communs; spécialisation limitée",365,14
"include/elit21/aliexpress/services/AliExpressCatalogService.h",76,"🟡","ADAPTATEUR PARTAGÉ","invariants métier communs; spécialisation limitée",359,14
"include/elit21/aliexpress/services/AliExpressCommissionService.h",76,"🟡","ADAPTATEUR PARTAGÉ","invariants métier communs; spécialisation limitée",365,14
"include/elit21/aliexpress/services/AliExpressFreightService.h",76,"🟡","ADAPTATEUR PARTAGÉ","invariants métier communs; spécialisation limitée",359,14
"include/elit21/aliexpress/services/AliExpressImageSearchService.h",76,"🟡","ADAPTATEUR PARTAGÉ","invariants métier communs; spécialisation limitée",367,14
"include/elit21/aliexpress/services/AliExpressMemberReportingService.h",76,"🟡","ADAPTATEUR PARTAGÉ","invariants métier communs; spécialisation limitée",375,14
"include/elit21/aliexpress/services/AliExpressOrderService.h",76,"🟡","ADAPTATEUR PARTAGÉ","invariants métier communs; spécialisation limitée",355,14
"include/elit21/aliexpress/services/AliExpressProductService.h",76,"🟡","ADAPTATEUR PARTAGÉ","invariants métier communs; spécialisation limitée",359,14
"include/elit21/aliexpress/services/AliExpressRecommendationService.h",76,"🟡","ADAPTATEUR PARTAGÉ","invariants métier communs; spécialisation limitée",373,14
"include/elit21/aliexpress/services/AliExpressSupplierAccountService.h",76,"🟡","ADAPTATEUR PARTAGÉ","invariants métier communs; spécialisation limitée",375,14
"include/elit21/aliexpress/services/AliExpressTrackingService.h",76,"🟡","ADAPTATEUR PARTAGÉ","invariants métier communs; spécialisation limitée",361,14
"include/elit21/aliexpress/transport/AliExpressApiTransport.h",76,"🟡","ADAPTATEUR PARTAGÉ","invariants métier communs; spécialisation limitée",357,14
"include/elit21/aliexpress/transport/AliExpressIopClient.h",76,"🟡","ADAPTATEUR PARTAGÉ","invariants métier communs; spécialisation limitée",351,14
"include/elit21/aliexpress/transport/AliExpressRateLimiter.h",76,"🟡","ADAPTATEUR PARTAGÉ","invariants métier communs; spécialisation limitée",355,14
"include/elit21/aliexpress/transport/AliExpressRequest.h",68,"🟡","PARTIEL","interface ou module minimal",772,9
"include/elit21/aliexpress/transport/AliExpressTopClient.h",76,"🟡","ADAPTATEUR PARTAGÉ","invariants métier communs; spécialisation limitée",351,14
"include/elit21/aliexpress/transport/AliExpressTransportSelector.h",76,"🟡","ADAPTATEUR PARTAGÉ","invariants métier communs; spécialisation limitée",367,14
"include/elit21/aliexpress/transport/IopRequest.h",76,"🟡","ADAPTATEUR PARTAGÉ","invariants métier communs; spécialisation limitée",333,14
"include/elit21/aliexpress/transport/IopResponse.h",76,"🟡","ADAPTATEUR PARTAGÉ","invariants métier communs; spécialisation limitée",335,14
"include/elit21/aliexpress/transport/TopCommonParameters.h",68,"🟡","PARTIEL","interface ou module minimal",284,5
"include/elit21/aliexpress/transport/TopRequest.h",76,"🟡","ADAPTATEUR PARTAGÉ","invariants métier communs; spécialisation limitée",333,14
"include/elit21/aliexpress/transport/TopRequestSigner.h",68,"🟡","PARTIEL","interface ou module minimal",337,5
"include/elit21/aliexpress/transport/TopResponse.h",76,"🟡","ADAPTATEUR PARTAGÉ","invariants métier communs; spécialisation limitée",335,14
"include/elit21/aliexpress/transport/TopResponseParser.h",76,"🟡","ADAPTATEUR PARTAGÉ","invariants métier communs; spécialisation limitée",347,14
"include/elit21/analytics/Analytics.h",68,"🟡","PARTIEL","interface ou module minimal",163,5
"include/elit21/analytics/AnalyticsCoordinator.h",76,"🟡","ADAPTATEUR PARTAGÉ","invariants métier communs; spécialisation limitée",329,14
"include/elit21/analytics/CatalogAnalytics.h",76,"🟡","ADAPTATEUR PARTAGÉ","invariants métier communs; spécialisation limitée",321,14
"include/elit21/analytics/ConversionAnalytics.h",76,"🟡","ADAPTATEUR PARTAGÉ","invariants métier communs; spécialisation limitée",327,14
"include/elit21/analytics/CustomerAnalytics.h",76,"🟡","ADAPTATEUR PARTAGÉ","invariants métier communs; spécialisation limitée",323,14
"include/elit21/analytics/DashboardSnapshot.h",76,"🟡","ADAPTATEUR PARTAGÉ","invariants métier communs; spécialisation limitée",323,14
"include/elit21/analytics/FulfillmentAnalytics.h",76,"🟡","ADAPTATEUR PARTAGÉ","invariants métier communs; spécialisation limitée",329,14
"include/elit21/analytics/InventoryAnalytics.h",76,"🟡","ADAPTATEUR PARTAGÉ","invariants métier communs; spécialisation limitée",325,14
"include/elit21/analytics/MarginAnalytics.h",76,"🟡","ADAPTATEUR PARTAGÉ","invariants métier communs; spécialisation limitée",319,14
"include/elit21/analytics/OrderAnalytics.h",76,"🟡","ADAPTATEUR PARTAGÉ","invariants métier communs; spécialisation limitée",317,14
"include/elit21/analytics/PerformanceIndicator.h",76,"🟡","ADAPTATEUR PARTAGÉ","invariants métier communs; spécialisation limitée",329,14
"include/elit21/analytics/ProductPerformanceAnalyzer.h",76,"🟡","ADAPTATEUR PARTAGÉ","invariants métier communs; spécialisation limitée",341,14
"include/elit21/analytics/ProfitabilityAnalytics.h",76,"🟡","ADAPTATEUR PARTAGÉ","invariants métier communs; spécialisation limitée",333,14
"include/elit21/analytics/RevenueAnalytics.h",76,"🟡","ADAPTATEUR PARTAGÉ","invariants métier communs; spécialisation limitée",321,14
"include/elit21/analytics/SalesForecastEngine.h",76,"🟡","ADAPTATEUR PARTAGÉ","invariants métier communs; spécialisation limitée",327,14
"include/elit21/analytics/ShippingAnalytics.h",76,"🟡","ADAPTATEUR PARTAGÉ","invariants métier communs; spécialisation limitée",323,14
"include/elit21/analytics/SupplierPerformanceAnalyzer.h",76,"🟡","ADAPTATEUR PARTAGÉ","invariants métier communs; spécialisation limitée",343,14
"include/elit21/app/Application.h",97,"✅","MÉTIER AVANCÉ","logique métier et intégration détectées",1675,59
"include/elit21/application/Application.h",76,"🟡","ADAPTATEUR PARTAGÉ","invariants métier communs; spécialisation limitée",315,14
"include/elit21/application/ApplicationBootstrap.h",76,"🟡","ADAPTATEUR PARTAGÉ","invariants métier communs; spécialisation limitée",333,14
"include/elit21/application/ApplicationContext.h",76,"🟡","ADAPTATEUR PARTAGÉ","invariants métier communs; spécialisation limitée",329,14
"include/elit21/application/ApplicationLifecycle.h",76,"🟡","ADAPTATEUR PARTAGÉ","invariants métier communs; spécialisation limitée",333,14
"include/elit21/application/ApplicationMode.h",76,"🟡","ADAPTATEUR PARTAGÉ","invariants métier communs; spécialisation limitée",323,14
"include/elit21/application/ComponentRegistry.h",76,"🟡","ADAPTATEUR PARTAGÉ","invariants métier communs; spécialisation limitée",327,14
"include/elit21/application/DependencyContainer.h",76,"🟡","ADAPTATEUR PARTAGÉ","invariants métier communs; spécialisation limitée",331,14
"include/elit21/application/RuntimeCoordinator.h",76,"🟡","ADAPTATEUR PARTAGÉ","invariants métier communs; spécialisation limitée",329,14
"include/elit21/application/RuntimeState.h",76,"🟡","ADAPTATEUR PARTAGÉ","invariants métier communs; spécialisation limitée",317,14
"include/elit21/application/ServiceRegistry.h",76,"🟡","ADAPTATEUR PARTAGÉ","invariants métier communs; spécialisation limitée",323,14
"include/elit21/application/ShutdownCoordinator.h",76,"🟡","ADAPTATEUR PARTAGÉ","invariants métier communs; spécialisation limitée",331,14
"include/elit21/application/StartupSequence.h",76,"🟡","ADAPTATEUR PARTAGÉ","invariants métier communs; spécialisation limitée",323,14
"include/elit21/application/VersionInformation.h",76,"🟡","ADAPTATEUR PARTAGÉ","invariants métier communs; spécialisation limitée",329,14
"include/elit21/automation/ApprovalGate.h",76,"🟡","ADAPTATEUR PARTAGÉ","invariants métier communs; spécialisation limitée",315,14
"include/elit21/automation/AutomationAction.h",76,"🟡","ADAPTATEUR PARTAGÉ","invariants métier communs; spécialisation limitée",323,14
"include/elit21/automation/AutomationCoordinator.h",76,"🟡","ADAPTATEUR PARTAGÉ","invariants métier communs; spécialisation limitée",333,14
"include/elit21/automation/AutomationEngine.h",84,"🟢","FONCTIONNEL","code dédié compilable",908,11
"include/elit21/automation/AutomationEvent.h",76,"🟡","ADAPTATEUR PARTAGÉ","invariants métier communs; spécialisation limitée",321,14
"include/elit21/automation/AutomationRule.h",76,"🟡","ADAPTATEUR PARTAGÉ","invariants métier communs; spécialisation limitée",319,14
"include/elit21/automation/AutomationRuleEngine.h",76,"🟡","ADAPTATEUR PARTAGÉ","invariants métier communs; spécialisation limitée",331,14
"include/elit21/automation/AutomationState.h",76,"🟡","ADAPTATEUR PARTAGÉ","invariants métier communs; spécialisation limitée",321,14
"include/elit21/automation/AutomationTrigger.h",76,"🟡","ADAPTATEUR PARTAGÉ","invariants métier communs; spécialisation limitée",325,14
"include/elit21/automation/AutonomousDecision.h",76,"🟡","ADAPTATEUR PARTAGÉ","invariants métier communs; spécialisation limitée",327,14
"include/elit21/automation/AutonomousManager.h",76,"🟡","ADAPTATEUR PARTAGÉ","invariants métier communs; spécialisation limitée",325,14
"include/elit21/automation/AutonomousPolicy.h",76,"🟡","ADAPTATEUR PARTAGÉ","invariants métier communs; spécialisation limitée",323,14
"include/elit21/automation/DecisionContext.h",76,"🟡","ADAPTATEUR PARTAGÉ","invariants métier communs; spécialisation limitée",321,14
"include/elit21/automation/DecisionEngine.h",76,"🟡","ADAPTATEUR PARTAGÉ","invariants métier communs; spécialisation limitée",319,14
"include/elit21/automation/DryRunExecutor.h",76,"🟡","ADAPTATEUR PARTAGÉ","invariants métier communs; spécialisation limitée",319,14
"include/elit21/automation/EmergencyKillSwitch.h",76,"🟡","ADAPTATEUR PARTAGÉ","invariants métier communs; spécialisation limitée",329,14
"include/elit21/automation/ExceptionEscalationService.h",76,"🟡","ADAPTATEUR PARTAGÉ","invariants métier communs; spécialisation limitée",343,14
"include/elit21/automation/HumanApprovalQueue.h",76,"🟡","ADAPTATEUR PARTAGÉ","invariants métier communs; spécialisation limitée",327,14
"include/elit21/automation/PolicyEngine.h",76,"🟡","ADAPTATEUR PARTAGÉ","invariants métier communs; spécialisation limitée",315,14
"include/elit21/automation/RuleEvaluator.h",76,"🟡","ADAPTATEUR PARTAGÉ","invariants métier communs; spécialisation limitée",317,14
"include/elit21/automation/SelfHealingCoordinator.h",76,"🟡","ADAPTATEUR PARTAGÉ","invariants métier communs; spécialisation limitée",335,14
"include/elit21/automation/SelfTestManager.h",76,"🟡","ADAPTATEUR PARTAGÉ","invariants métier communs; spécialisation limitée",321,14
"include/elit21/automation/SimulationMode.h",76,"🟡","ADAPTATEUR PARTAGÉ","invariants métier communs; spécialisation limitée",319,14
"include/elit21/automation/SystemOptimizer.h",76,"🟡","ADAPTATEUR PARTAGÉ","invariants métier communs; spécialisation limitée",321,14
"include/elit21/automation/TaskOrchestrator.h",76,"🟡","ADAPTATEUR PARTAGÉ","invariants métier communs; spécialisation limitée",323,14
"include/elit21/catalog/CatalogImportCoordinator.h",76,"🟡","ADAPTATEUR PARTAGÉ","invariants métier communs; spécialisation limitée",333,14
"include/elit21/catalog/CatalogManager.h",97,"✅","MÉTIER AVANCÉ","logique métier et intégration détectées",837,11
"include/elit21/catalog/CatalogReconciliationService.h",76,"🟡","ADAPTATEUR PARTAGÉ","invariants métier communs; spécialisation limitée",341,14
"include/elit21/catalog/CollectionAssignmentEngine.h",76,"🟡","ADAPTATEUR PARTAGÉ","invariants métier communs; spécialisation limitée",337,14
"include/elit21/catalog/DescriptionCleaner.h",76,"🟡","ADAPTATEUR PARTAGÉ","invariants métier communs; spécialisation limitée",321,14
"include/elit21/catalog/DescriptionGenerator.h",76,"🟡","ADAPTATEUR PARTAGÉ","invariants métier communs; spécialisation limitée",325,14
"include/elit21/catalog/ImageImportPipeline.h",76,"🟡","ADAPTATEUR PARTAGÉ","invariants métier communs; spécialisation limitée",323,14
"include/elit21/catalog/ImagePolicyValidator.h",76,"🟡","ADAPTATEUR PARTAGÉ","invariants métier communs; spécialisation limitée",325,14
"include/elit21/catalog/MetafieldBuilder.h",76,"🟡","ADAPTATEUR PARTAGÉ","invariants métier communs; spécialisation limitée",317,14
"include/elit21/catalog/ProductArchiveService.h",76,"🟡","ADAPTATEUR PARTAGÉ","invariants métier communs; spécialisation limitée",327,14
"include/elit21/catalog/ProductContentNormalizer.h",76,"🟡","ADAPTATEUR PARTAGÉ","invariants métier communs; spécialisation limitée",333,14
"include/elit21/catalog/ProductCreationPlan.h",76,"🟡","ADAPTATEUR PARTAGÉ","invariants métier communs; spécialisation limitée",323,14
"include/elit21/catalog/ProductImportService.h",76,"🟡","ADAPTATEUR PARTAGÉ","invariants métier communs; spécialisation limitée",325,14
"include/elit21/catalog/ProductPublicationService.h",76,"🟡","ADAPTATEUR PARTAGÉ","invariants métier communs; spécialisation limitée",335,14
"include/elit21/catalog/ProductSeoBuilder.h",76,"🟡","ADAPTATEUR PARTAGÉ","invariants métier communs; spécialisation limitée",319,14
"include/elit21/catalog/ProductTagGenerator.h",76,"🟡","ADAPTATEUR PARTAGÉ","invariants métier communs; spécialisation limitée",323,14
"include/elit21/catalog/ProductTitleBuilder.h",76,"🟡","ADAPTATEUR PARTAGÉ","invariants métier communs; spécialisation limitée",323,14
"include/elit21/catalog/ProductTranslationService.h",76,"🟡","ADAPTATEUR PARTAGÉ","invariants métier communs; spécialisation limitée",335,14
"include/elit21/catalog/ProductUpdateService.h",76,"🟡","ADAPTATEUR PARTAGÉ","invariants métier communs; spécialisation limitée",325,14
"include/elit21/catalog/VariantBuilder.h",76,"🟡","ADAPTATEUR PARTAGÉ","invariants métier communs; spécialisation limitée",313,14
"include/elit21/catalog/VariantOptionNormalizer.h",76,"🟡","ADAPTATEUR PARTAGÉ","invariants métier communs; spécialisation limitée",331,14
"include/elit21/catalog/VendorAttributionPolicy.h",76,"🟡","ADAPTATEUR PARTAGÉ","invariants métier communs; spécialisation limitée",331,14
"include/elit21/compliance/CanadaAddressValidator.h",76,"🟡","ADAPTATEUR PARTAGÉ","invariants métier communs; spécialisation limitée",335,14
"include/elit21/compliance/CanadaCompliance.h",68,"🟡","PARTIEL","interface ou module minimal",571,9
"include/elit21/compliance/CanadaComplianceCoordinator.h",76,"🟡","ADAPTATEUR PARTAGÉ","invariants métier communs; spécialisation limitée",345,14
"include/elit21/compliance/CanadaPostalCodeValidator.h",76,"🟡","ADAPTATEUR PARTAGÉ","invariants métier communs; spécialisation limitée",341,14
"include/elit21/compliance/ConsumerDisclosureValidator.h",76,"🟡","ADAPTATEUR PARTAGÉ","invariants métier communs; spécialisation limitée",345,14
"include/elit21/compliance/CustomsInformationBuilder.h",76,"🟡","ADAPTATEUR PARTAGÉ","invariants métier communs; spécialisation limitée",341,14
"include/elit21/compliance/DataRetentionPolicy.h",76,"🟡","ADAPTATEUR PARTAGÉ","invariants métier communs; spécialisation limitée",329,14
"include/elit21/compliance/LanguageComplianceChecker.h",76,"🟡","ADAPTATEUR PARTAGÉ","invariants métier communs; spécialisation limitée",341,14
"include/elit21/compliance/PrivacyRequestProcessor.h",76,"🟡","ADAPTATEUR PARTAGÉ","invariants métier communs; spécialisation limitée",337,14
"include/elit21/compliance/ProductComplianceDecision.h",76,"🟡","ADAPTATEUR PARTAGÉ","invariants métier communs; spécialisation limitée",341,14
"include/elit21/compliance/ProductRestrictionDatabase.h",90,"✅","IMPLÉMENTÉ","implémentation substantielle",343,14
"include/elit21/compliance/ProductRestrictionScanner.h",76,"🟡","ADAPTATEUR PARTAGÉ","invariants métier communs; spécialisation limitée",341,14
"include/elit21/compliance/ProvinceResolver.h",76,"🟡","ADAPTATEUR PARTAGÉ","invariants métier communs; spécialisation limitée",323,14
"include/elit21/compliance/RegulatoryExceptionQueue.h",76,"🟡","ADAPTATEUR PARTAGÉ","invariants métier communs; spécialisation limitée",339,14
"include/elit21/compliance/TaxJurisdictionResolver.h",76,"🟡","ADAPTATEUR PARTAGÉ","invariants métier communs; spécialisation limitée",337,14
"include/elit21/concurrency/AsyncExecutor.h",76,"🟡","ADAPTATEUR PARTAGÉ","invariants métier communs; spécialisation limitée",319,14
"include/elit21/concurrency/CancellationSource.h",76,"🟡","ADAPTATEUR PARTAGÉ","invariants métier communs; spécialisation limitée",329,14
"include/elit21/concurrency/CancellationToken.h",76,"🟡","ADAPTATEUR PARTAGÉ","invariants métier communs; spécialisation limitée",327,14
"include/elit21/concurrency/ConcurrentMap.h",76,"🟡","ADAPTATEUR PARTAGÉ","invariants métier communs; spécialisation limitée",319,14
"include/elit21/concurrency/ConcurrentQueue.h",76,"🟡","ADAPTATEUR PARTAGÉ","invariants métier communs; spécialisation limitée",323,14
"include/elit21/concurrency/FutureUtils.h",76,"🟡","ADAPTATEUR PARTAGÉ","invariants métier communs; spécialisation limitée",315,14
"include/elit21/concurrency/JobHandle.h",76,"🟡","ADAPTATEUR PARTAGÉ","invariants métier communs; spécialisation limitée",311,14
"include/elit21/concurrency/ProcessLock.h",76,"🟡","ADAPTATEUR PARTAGÉ","invariants métier communs; spécialisation limitée",315,14
"include/elit21/concurrency/ReadWriteLock.h",76,"🟡","ADAPTATEUR PARTAGÉ","invariants métier communs; spécialisation limitée",319,14
"include/elit21/concurrency/Semaphore.h",76,"🟡","ADAPTATEUR PARTAGÉ","invariants métier communs; spécialisation limitée",311,14
"include/elit21/concurrency/Task.h",76,"🟡","ADAPTATEUR PARTAGÉ","invariants métier communs; spécialisation limitée",301,14
"include/elit21/concurrency/ThreadPool.h",76,"🟡","ADAPTATEUR PARTAGÉ","invariants métier communs; spécialisation limitée",313,14
"include/elit21/concurrency/ThreadSafeValue.h",76,"🟡","ADAPTATEUR PARTAGÉ","invariants métier communs; spécialisation limitée",323,14
"include/elit21/concurrency/TimedMutex.h",76,"🟡","ADAPTATEUR PARTAGÉ","invariants métier communs; spécialisation limitée",313,14
"include/elit21/concurrency/WorkerThread.h",76,"🟡","ADAPTATEUR PARTAGÉ","invariants métier communs; spécialisation limitée",317,14
"include/elit21/config/Config.h",90,"✅","IMPLÉMENTÉ","implémentation substantielle",2170,84
"include/elit21/configuration/ApplicationConfig.h",76,"🟡","ADAPTATEUR PARTAGÉ","invariants métier communs; spécialisation limitée",331,14
"include/elit21/configuration/AutomationConfig.h",76,"🟡","ADAPTATEUR PARTAGÉ","invariants métier communs; spécialisation limitée",329,14
"include/elit21/configuration/ConfigurationLoader.h",76,"🟡","ADAPTATEUR PARTAGÉ","invariants métier communs; spécialisation limitée",335,14
"include/elit21/configuration/ConfigurationMerger.h",76,"🟡","ADAPTATEUR PARTAGÉ","invariants métier communs; spécialisation limitée",335,14
"include/elit21/configuration/ConfigurationPaths.h",76,"🟡","ADAPTATEUR PARTAGÉ","invariants métier communs; spécialisation limitée",333,14
"include/elit21/configuration/ConfigurationSchema.h",76,"🟡","ADAPTATEUR PARTAGÉ","invariants métier communs; spécialisation limitée",335,14
"include/elit21/configuration/ConfigurationValidator.h",76,"🟡","ADAPTATEUR PARTAGÉ","invariants métier communs; spécialisation limitée",341,14
"include/elit21/configuration/ConfigurationWatcher.h",76,"🟡","ADAPTATEUR PARTAGÉ","invariants métier communs; spécialisation limitée",337,14
"include/elit21/configuration/DatabaseConfig.h",76,"🟡","ADAPTATEUR PARTAGÉ","invariants métier communs; spécialisation limitée",325,14
"include/elit21/configuration/EnvironmentLoader.h",76,"🟡","ADAPTATEUR PARTAGÉ","invariants métier communs; spécialisation limitée",331,14
"include/elit21/configuration/FeatureFlagConfig.h",76,"🟡","ADAPTATEUR PARTAGÉ","invariants métier communs; spécialisation limitée",331,14
"include/elit21/configuration/FulfillmentConfig.h",76,"🟡","ADAPTATEUR PARTAGÉ","invariants métier communs; spécialisation limitée",331,14
"include/elit21/configuration/InventoryConfig.h",76,"🟡","ADAPTATEUR PARTAGÉ","invariants métier communs; spécialisation limitée",327,14
"include/elit21/configuration/LoggingConfig.h",76,"🟡","ADAPTATEUR PARTAGÉ","invariants métier communs; spécialisation limitée",323,14
"include/elit21/configuration/NotificationConfig.h",76,"🟡","ADAPTATEUR PARTAGÉ","invariants métier communs; spécialisation limitée",333,14
"include/elit21/configuration/PricingConfig.h",76,"🟡","ADAPTATEUR PARTAGÉ","invariants métier communs; spécialisation limitée",323,14
"include/elit21/configuration/SecurityConfig.h",76,"🟡","ADAPTATEUR PARTAGÉ","invariants métier communs; spécialisation limitée",325,14
"include/elit21/configuration/SourcingConfig.h",76,"🟡","ADAPTATEUR PARTAGÉ","invariants métier communs; spécialisation limitée",325,14
"include/elit21/configuration/TerminalConfig.h",76,"🟡","ADAPTATEUR PARTAGÉ","invariants métier communs; spécialisation limitée",325,14
"include/elit21/core/AtomicCounter.h",76,"🟡","ADAPTATEUR PARTAGÉ","invariants métier communs; spécialisation limitée",305,14
"include/elit21/core/Clock.h",76,"🟡","ADAPTATEUR PARTAGÉ","invariants métier communs; spécialisation limitée",289,14
"include/elit21/core/DateTime.h",76,"🟡","ADAPTATEUR PARTAGÉ","invariants métier communs; spécialisation limitée",295,14
"include/elit21/core/Duration.h",76,"🟡","ADAPTATEUR PARTAGÉ","invariants métier communs; spécialisation limitée",295,14
"include/elit21/core/Error.h",76,"🟡","ADAPTATEUR PARTAGÉ","invariants métier communs; spécialisation limitée",289,14
"include/elit21/core/ErrorCode.h",76,"🟡","ADAPTATEUR PARTAGÉ","invariants métier communs; spécialisation limitée",297,14
"include/elit21/core/Expected.h",76,"🟡","ADAPTATEUR PARTAGÉ","invariants métier communs; spécialisation limitée",295,14
"include/elit21/core/Identifier.h",76,"🟡","ADAPTATEUR PARTAGÉ","invariants métier communs; spécialisation limitée",299,14
"include/elit21/core/NonCopyable.h",76,"🟡","ADAPTATEUR PARTAGÉ","invariants métier communs; spécialisation limitée",301,14
"include/elit21/core/Optional.h",76,"🟡","ADAPTATEUR PARTAGÉ","invariants métier communs; spécialisation limitée",295,14
"include/elit21/core/Result.h",84,"🟢","FONCTIONNEL","code dédié compilable",1296,38
"include/elit21/core/ScopeGuard.h",76,"🟡","ADAPTATEUR PARTAGÉ","invariants métier communs; spécialisation limitée",299,14
"include/elit21/core/Status.h",76,"🟡","ADAPTATEUR PARTAGÉ","invariants métier communs; spécialisation limitée",291,14
"include/elit21/core/Stopwatch.h",76,"🟡","ADAPTATEUR PARTAGÉ","invariants métier communs; spécialisation limitée",297,14
"include/elit21/core/StringUtils.h",76,"🟡","ADAPTATEUR PARTAGÉ","invariants métier communs; spécialisation limitée",301,14
"include/elit21/core/TimeUtils.h",76,"🟡","ADAPTATEUR PARTAGÉ","invariants métier communs; spécialisation limitée",297,14
"include/elit21/core/Timestamp.h",76,"🟡","ADAPTATEUR PARTAGÉ","invariants métier communs; spécialisation limitée",297,14
"include/elit21/core/TypeId.h",76,"🟡","ADAPTATEUR PARTAGÉ","invariants métier communs; spécialisation limitée",291,14
"include/elit21/core/Types.h",84,"🟢","FONCTIONNEL","code dédié compilable",1552,51
"include/elit21/core/Uuid.h",76,"🟡","ADAPTATEUR PARTAGÉ","invariants métier communs; spécialisation limitée",287,14
"include/elit21/core/ValidationResult.h",76,"🟡","ADAPTATEUR PARTAGÉ","invariants métier communs; spécialisation limitée",311,14
"include/elit21/customer_service/BilingualMessageBuilder.h",76,"🟡","ADAPTATEUR PARTAGÉ","invariants métier communs; spécialisation limitée",349,14
"include/elit21/customer_service/CustomerMessage.h",76,"🟡","ADAPTATEUR PARTAGÉ","invariants métier communs; spécialisation limitée",333,14
"include/elit21/customer_service/CustomerMessageDispatcher.h",76,"🟡","ADAPTATEUR PARTAGÉ","invariants métier communs; spécialisation limitée",353,14
"include/elit21/customer_service/CustomerServiceCoordinator.h",76,"🟡","ADAPTATEUR PARTAGÉ","invariants métier communs; spécialisation limitée",355,14
"include/elit21/customer_service/DelayNotificationService.h",76,"🟡","ADAPTATEUR PARTAGÉ","invariants métier communs; spécialisation limitée",351,14
"include/elit21/customer_service/DeliveryNotificationService.h",76,"🟡","ADAPTATEUR PARTAGÉ","invariants métier communs; spécialisation limitée",357,14
"include/elit21/customer_service/EmailNotificationClient.h",76,"🟡","ADAPTATEUR PARTAGÉ","invariants métier communs; spécialisation limitée",349,14
"include/elit21/customer_service/MessageTemplateEngine.h",76,"🟡","ADAPTATEUR PARTAGÉ","invariants métier communs; spécialisation limitée",345,14
"include/elit21/customer_service/OrderConfirmationService.h",76,"🟡","ADAPTATEUR PARTAGÉ","invariants métier communs; spécialisation limitée",351,14
"include/elit21/customer_service/RefundNotificationService.h",76,"🟡","ADAPTATEUR PARTAGÉ","invariants métier communs; spécialisation limitée",353,14
"include/elit21/customer_service/SupportCase.h",76,"🟡","ADAPTATEUR PARTAGÉ","invariants métier communs; spécialisation limitée",325,14
"include/elit21/customer_service/SupportCaseClassifier.h",76,"🟡","ADAPTATEUR PARTAGÉ","invariants métier communs; spécialisation limitée",345,14
"include/elit21/customer_service/SupportCaseRepository.h",76,"🟡","ADAPTATEUR PARTAGÉ","invariants métier communs; spécialisation limitée",345,14
"include/elit21/customer_service/TrackingNotificationService.h",76,"🟡","ADAPTATEUR PARTAGÉ","invariants métier communs; spécialisation limitée",357,14
"include/elit21/customers/Customer.h",76,"🟡","ADAPTATEUR PARTAGÉ","invariants métier communs; spécialisation limitée",305,14
"include/elit21/customers/CustomerAnonymizationService.h",76,"🟡","ADAPTATEUR PARTAGÉ","invariants métier communs; spécialisation limitée",345,14
"include/elit21/customers/CustomerConsentService.h",76,"🟡","ADAPTATEUR PARTAGÉ","invariants métier communs; spécialisation limitée",333,14
"include/elit21/customers/CustomerDataExporter.h",76,"🟡","ADAPTATEUR PARTAGÉ","invariants métier communs; spécialisation limitée",329,14
"include/elit21/customers/CustomerDataSynchronizer.h",76,"🟡","ADAPTATEUR PARTAGÉ","invariants métier communs; spécialisation limitée",337,14
"include/elit21/customers/CustomerDeletionService.h",76,"🟡","ADAPTATEUR PARTAGÉ","invariants métier communs; spécialisation limitée",335,14
"include/elit21/customers/CustomerIdentityResolver.h",76,"🟡","ADAPTATEUR PARTAGÉ","invariants métier communs; spécialisation limitée",337,14
"include/elit21/customers/CustomerProfileService.h",76,"🟡","ADAPTATEUR PARTAGÉ","invariants métier communs; spécialisation limitée",333,14
"include/elit21/customers/CustomerRiskProfile.h",76,"🟡","ADAPTATEUR PARTAGÉ","invariants métier communs; spécialisation limitée",327,14
"include/elit21/domain/Address.h",76,"🟡","ADAPTATEUR PARTAGÉ","invariants métier communs; spécialisation limitée",297,14
"include/elit21/domain/Amount.h",76,"🟡","ADAPTATEUR PARTAGÉ","invariants métier communs; spécialisation limitée",295,14
"include/elit21/domain/CountryCode.h",76,"🟡","ADAPTATEUR PARTAGÉ","invariants métier communs; spécialisation limitée",305,14
"include/elit21/domain/Currency.h",76,"🟡","ADAPTATEUR PARTAGÉ","invariants métier communs; spécialisation limitée",299,14
"include/elit21/domain/CustomerId.h",76,"🟡","ADAPTATEUR PARTAGÉ","invariants métier communs; spécialisation limitée",303,14
"include/elit21/domain/EmailAddress.h",76,"🟡","ADAPTATEUR PARTAGÉ","invariants métier communs; spécialisation limitée",307,14
"include/elit21/domain/LanguageCode.h",76,"🟡","ADAPTATEUR PARTAGÉ","invariants métier communs; spécialisation limitée",307,14
"include/elit21/domain/Money.h",76,"🟡","ADAPTATEUR PARTAGÉ","invariants métier communs; spécialisation limitée",293,14
"include/elit21/domain/OrderId.h",76,"🟡","ADAPTATEUR PARTAGÉ","invariants métier communs; spécialisation limitée",297,14
"include/elit21/domain/Percentage.h",76,"🟡","ADAPTATEUR PARTAGÉ","invariants métier communs; spécialisation limitée",303,14
"include/elit21/domain/PhoneNumber.h",76,"🟡","ADAPTATEUR PARTAGÉ","invariants métier communs; spécialisation limitée",305,14
"include/elit21/domain/PostalCode.h",76,"🟡","ADAPTATEUR PARTAGÉ","invariants métier communs; spécialisation limitée",303,14
"include/elit21/domain/ProductId.h",76,"🟡","ADAPTATEUR PARTAGÉ","invariants métier communs; spécialisation limitée",301,14
"include/elit21/domain/ProvinceCode.h",76,"🟡","ADAPTATEUR PARTAGÉ","invariants métier communs; spécialisation limitée",307,14
"include/elit21/domain/Quantity.h",76,"🟡","ADAPTATEUR PARTAGÉ","invariants métier communs; spécialisation limitée",299,14
"include/elit21/domain/ShipmentId.h",76,"🟡","ADAPTATEUR PARTAGÉ","invariants métier communs; spécialisation limitée",303,14
"include/elit21/domain/Sku.h",76,"🟡","ADAPTATEUR PARTAGÉ","invariants métier communs; spécialisation limitée",289,14
"include/elit21/domain/SupplierId.h",76,"🟡","ADAPTATEUR PARTAGÉ","invariants métier communs; spécialisation limitée",303,14
"include/elit21/domain/TaxRate.h",76,"🟡","ADAPTATEUR PARTAGÉ","invariants métier communs; spécialisation limitée",297,14
"include/elit21/domain/TrackingNumber.h",76,"🟡","ADAPTATEUR PARTAGÉ","invariants métier communs; spécialisation limitée",311,14
"include/elit21/domain/VariantId.h",76,"🟡","ADAPTATEUR PARTAGÉ","invariants métier communs; spécialisation limitée",301,14
"include/elit21/finance/AccountingEntry.h",76,"🟡","ADAPTATEUR PARTAGÉ","invariants métier communs; spécialisation limitée",315,14
"include/elit21/finance/AccountingExporter.h",76,"🟡","ADAPTATEUR PARTAGÉ","invariants métier communs; spécialisation limitée",321,14
"include/elit21/finance/CostOfGoodsCalculator.h",76,"🟡","ADAPTATEUR PARTAGÉ","invariants métier communs; spécialisation limitée",327,14
"include/elit21/finance/ExpenseTracker.h",76,"🟡","ADAPTATEUR PARTAGÉ","invariants métier communs; spécialisation limitée",313,14
"include/elit21/finance/FinancialLedger.h",76,"🟡","ADAPTATEUR PARTAGÉ","invariants métier communs; spécialisation limitée",315,14
"include/elit21/finance/FinancialReconciliationService.h",76,"🟡","ADAPTATEUR PARTAGÉ","invariants métier communs; spécialisation limitée",345,14
"include/elit21/finance/GrossProfitCalculator.h",76,"🟡","ADAPTATEUR PARTAGÉ","invariants métier communs; spécialisation limitée",327,14
"include/elit21/finance/NetProfitCalculator.h",76,"🟡","ADAPTATEUR PARTAGÉ","invariants métier communs; spécialisation limitée",323,14
"include/elit21/finance/OrderProfitabilityCalculator.h",76,"🟡","ADAPTATEUR PARTAGÉ","invariants métier communs; spécialisation limitée",341,14
"include/elit21/finance/PaymentFeeReconciler.h",76,"🟡","ADAPTATEUR PARTAGÉ","invariants métier communs; spécialisation limitée",325,14
"include/elit21/finance/PayoutReconciliationService.h",76,"🟡","ADAPTATEUR PARTAGÉ","invariants métier communs; spécialisation limitée",339,14
"include/elit21/finance/RevenueTracker.h",76,"🟡","ADAPTATEUR PARTAGÉ","invariants métier communs; spécialisation limitée",313,14
"include/elit21/finance/TaxReportExporter.h",76,"🟡","ADAPTATEUR PARTAGÉ","invariants métier communs; spécialisation limitée",319,14
"include/elit21/finance/TransactionRecord.h",76,"🟡","ADAPTATEUR PARTAGÉ","invariants métier communs; spécialisation limitée",319,14
"include/elit21/fulfillment/CarrierDetectionService.h",76,"🟡","ADAPTATEUR PARTAGÉ","invariants métier communs; spécialisation limitée",339,14
"include/elit21/fulfillment/DeliveryConfirmationService.h",76,"🟡","ADAPTATEUR PARTAGÉ","invariants métier communs; spécialisation limitée",347,14
"include/elit21/fulfillment/DeliveryEstimateCalculator.h",76,"🟡","ADAPTATEUR PARTAGÉ","invariants métier communs; spécialisation limitée",345,14
"include/elit21/fulfillment/FulfillmentCoordinator.h",76,"🟡","ADAPTATEUR PARTAGÉ","invariants métier communs; spécialisation limitée",337,14
"include/elit21/fulfillment/FulfillmentCreationService.h",76,"🟡","ADAPTATEUR PARTAGÉ","invariants métier communs; spécialisation limitée",345,14
"include/elit21/fulfillment/FulfillmentManager.h",97,"✅","MÉTIER AVANCÉ","logique métier et intégration détectées",519,8
"include/elit21/fulfillment/FulfillmentReconciliationService.h",76,"🟡","ADAPTATEUR PARTAGÉ","invariants métier communs; spécialisation limitée",357,14
"include/elit21/fulfillment/LateShipmentDetector.h",76,"🟡","ADAPTATEUR PARTAGÉ","invariants métier communs; spécialisation limitée",333,14
"include/elit21/fulfillment/LostShipmentDetector.h",76,"🟡","ADAPTATEUR PARTAGÉ","invariants métier communs; spécialisation limitée",333,14
"include/elit21/fulfillment/PartialFulfillmentCoordinator.h",76,"🟡","ADAPTATEUR PARTAGÉ","invariants métier communs; spécialisation limitée",351,14
"include/elit21/fulfillment/Shipment.h",76,"🟡","ADAPTATEUR PARTAGÉ","invariants métier communs; spécialisation limitée",309,14
"include/elit21/fulfillment/ShipmentMonitor.h",76,"🟡","ADAPTATEUR PARTAGÉ","invariants métier communs; spécialisation limitée",323,14
"include/elit21/fulfillment/ShipmentStateMachine.h",76,"🟡","ADAPTATEUR PARTAGÉ","invariants métier communs; spécialisation limitée",333,14
"include/elit21/fulfillment/ShippingMethodSelector.h",76,"🟡","ADAPTATEUR PARTAGÉ","invariants métier communs; spécialisation limitée",337,14
"include/elit21/fulfillment/TrackingEvent.h",76,"🟡","ADAPTATEUR PARTAGÉ","invariants métier communs; spécialisation limitée",319,14
"include/elit21/fulfillment/TrackingEventNormalizer.h",76,"🟡","ADAPTATEUR PARTAGÉ","invariants métier communs; spécialisation limitée",339,14
"include/elit21/fulfillment/TrackingPollingPolicy.h",76,"🟡","ADAPTATEUR PARTAGÉ","invariants métier communs; spécialisation limitée",335,14
"include/elit21/fulfillment/TrackingSynchronizationService.h",76,"🟡","ADAPTATEUR PARTAGÉ","invariants métier communs; spécialisation limitée",353,14
"include/elit21/fulfillment/UntrackedShipmentHandler.h",76,"🟡","ADAPTATEUR PARTAGÉ","invariants métier communs; spécialisation limitée",341,14
"include/elit21/inventory/AvailabilityDecision.h",76,"🟡","ADAPTATEUR PARTAGÉ","invariants métier communs; spécialisation limitée",329,14
"include/elit21/inventory/InventoryCoordinator.h",76,"🟡","ADAPTATEUR PARTAGÉ","invariants métier communs; spécialisation limitée",329,14
"include/elit21/inventory/InventoryLevel.h",76,"🟡","ADAPTATEUR PARTAGÉ","invariants métier communs; spécialisation limitée",317,14
"include/elit21/inventory/InventoryManager.h",97,"✅","MÉTIER AVANCÉ","logique métier et intégration détectées",1016,37
"include/elit21/inventory/InventoryPoller.h",76,"🟡","ADAPTATEUR PARTAGÉ","invariants métier communs; spécialisation limitée",319,14
"include/elit21/inventory/InventoryReconciliationService.h",76,"🟡","ADAPTATEUR PARTAGÉ","invariants métier communs; spécialisation limitée",349,14
"include/elit21/inventory/InventoryReservation.h",76,"🟡","ADAPTATEUR PARTAGÉ","invariants métier communs; spécialisation limitée",329,14
"include/elit21/inventory/InventorySafetyBuffer.h",76,"🟡","ADAPTATEUR PARTAGÉ","invariants métier communs; spécialisation limitée",331,14
"include/elit21/inventory/InventorySnapshot.h",76,"🟡","ADAPTATEUR PARTAGÉ","invariants métier communs; spécialisation limitée",323,14
"include/elit21/inventory/InventoryStalenessDetector.h",76,"🟡","ADAPTATEUR PARTAGÉ","invariants métier communs; spécialisation limitée",341,14
"include/elit21/inventory/InventorySynchronizationService.h",76,"🟡","ADAPTATEUR PARTAGÉ","invariants métier communs; spécialisation limitée",351,14
"include/elit21/inventory/OutOfStockHandler.h",76,"🟡","ADAPTATEUR PARTAGÉ","invariants métier communs; spécialisation limitée",323,14
"include/elit21/inventory/OversellPreventionGuard.h",76,"🟡","ADAPTATEUR PARTAGÉ","invariants métier communs; spécialisation limitée",335,14
"include/elit21/inventory/ProductAvailabilityService.h",76,"🟡","ADAPTATEUR PARTAGÉ","invariants métier communs; spécialisation limitée",341,14
"include/elit21/inventory/RestockDetector.h",76,"🟡","ADAPTATEUR PARTAGÉ","invariants métier communs; spécialisation limitée",319,14
"include/elit21/inventory/SafetyStockPolicy.h",76,"🟡","ADAPTATEUR PARTAGÉ","invariants métier communs; spécialisation limitée",323,14
"include/elit21/inventory/StockChangeAnalyzer.h",76,"🟡","ADAPTATEUR PARTAGÉ","invariants métier communs; spécialisation limitée",327,14
"include/elit21/inventory/StockPollingPolicy.h",76,"🟡","ADAPTATEUR PARTAGÉ","invariants métier communs; spécialisation limitée",325,14
"include/elit21/inventory/VariantAvailabilityService.h",76,"🟡","ADAPTATEUR PARTAGÉ","invariants métier communs; spécialisation limitée",341,14
"include/elit21/json/Json.h",84,"🟢","FONCTIONNEL","code dédié compilable",2250,54
"include/elit21/logging/Logger.h",84,"🟢","FONCTIONNEL","code dédié compilable",934,17
"include/elit21/mapping/AddressMapper.h",76,"🟡","ADAPTATEUR PARTAGÉ","invariants métier communs; spécialisation limitée",311,14
"include/elit21/mapping/CarrierMapper.h",76,"🟡","ADAPTATEUR PARTAGÉ","invariants métier communs; spécialisation limitée",311,14
"include/elit21/mapping/CategoryMapper.h",76,"🟡","ADAPTATEUR PARTAGÉ","invariants métier communs; spécialisation limitée",313,14
"include/elit21/mapping/CollectionMapper.h",76,"🟡","ADAPTATEUR PARTAGÉ","invariants métier communs; spécialisation limitée",317,14
"include/elit21/mapping/CurrencyMapper.h",76,"🟡","ADAPTATEUR PARTAGÉ","invariants métier communs; spécialisation limitée",313,14
"include/elit21/mapping/CustomerMapper.h",76,"🟡","ADAPTATEUR PARTAGÉ","invariants métier communs; spécialisation limitée",313,14
"include/elit21/mapping/FulfillmentStatusMapper.h",76,"🟡","ADAPTATEUR PARTAGÉ","invariants métier communs; spécialisation limitée",331,14
"include/elit21/mapping/InventoryMapper.h",76,"🟡","ADAPTATEUR PARTAGÉ","invariants métier communs; spécialisation limitée",315,14
"include/elit21/mapping/LanguageMapper.h",76,"🟡","ADAPTATEUR PARTAGÉ","invariants métier communs; spécialisation limitée",313,14
"include/elit21/mapping/OrderMapper.h",76,"🟡","ADAPTATEUR PARTAGÉ","invariants métier communs; spécialisation limitée",307,14
"include/elit21/mapping/OrderStatusMapper.h",76,"🟡","ADAPTATEUR PARTAGÉ","invariants métier communs; spécialisation limitée",319,14
"include/elit21/mapping/ProductMapper.h",76,"🟡","ADAPTATEUR PARTAGÉ","invariants métier communs; spécialisation limitée",311,14
"include/elit21/mapping/ProductMapping.h",76,"🟡","ADAPTATEUR PARTAGÉ","invariants métier communs; spécialisation limitée",313,14
"include/elit21/mapping/ProductMappingService.h",76,"🟡","ADAPTATEUR PARTAGÉ","invariants métier communs; spécialisation limitée",327,14
"include/elit21/mapping/ShippingMethodMapper.h",76,"🟡","ADAPTATEUR PARTAGÉ","invariants métier communs; spécialisation limitée",325,14
"include/elit21/mapping/SkuMapper.h",76,"🟡","ADAPTATEUR PARTAGÉ","invariants métier communs; spécialisation limitée",303,14
"include/elit21/mapping/TrackingStatusMapper.h",76,"🟡","ADAPTATEUR PARTAGÉ","invariants métier communs; spécialisation limitée",325,14
"include/elit21/mapping/VariantMapper.h",76,"🟡","ADAPTATEUR PARTAGÉ","invariants métier communs; spécialisation limitée",311,14
"include/elit21/mapping/VariantMapping.h",76,"🟡","ADAPTATEUR PARTAGÉ","invariants métier communs; spécialisation limitée",313,14
"include/elit21/messaging/Command.h",76,"🟡","ADAPTATEUR PARTAGÉ","invariants métier communs; spécialisation limitée",303,14
"include/elit21/messaging/CommandBus.h",76,"🟡","ADAPTATEUR PARTAGÉ","invariants métier communs; spécialisation limitée",309,14
"include/elit21/messaging/CommandHandler.h",76,"🟡","ADAPTATEUR PARTAGÉ","invariants métier communs; spécialisation limitée",317,14
"include/elit21/messaging/DomainEvent.h",76,"🟡","ADAPTATEUR PARTAGÉ","invariants métier communs; spécialisation limitée",311,14
"include/elit21/messaging/EventBus.h",76,"🟡","ADAPTATEUR PARTAGÉ","invariants métier communs; spécialisation limitée",305,14
"include/elit21/messaging/EventEnvelope.h",76,"🟡","ADAPTATEUR PARTAGÉ","invariants métier communs; spécialisation limitée",315,14
"include/elit21/messaging/EventHandler.h",76,"🟡","ADAPTATEUR PARTAGÉ","invariants métier communs; spécialisation limitée",313,14
"include/elit21/messaging/EventSerializer.h",76,"🟡","ADAPTATEUR PARTAGÉ","invariants métier communs; spécialisation limitée",319,14
"include/elit21/messaging/Message.h",76,"🟡","ADAPTATEUR PARTAGÉ","invariants métier communs; spécialisation limitée",303,14
"include/elit21/messaging/MessageDispatcher.h",76,"🟡","ADAPTATEUR PARTAGÉ","invariants métier communs; spécialisation limitée",323,14
"include/elit21/messaging/MessageHeaders.h",76,"🟡","ADAPTATEUR PARTAGÉ","invariants métier communs; spécialisation limitée",317,14
"include/elit21/messaging/MessageRouter.h",76,"🟡","ADAPTATEUR PARTAGÉ","invariants métier communs; spécialisation limitée",315,14
"include/elit21/messaging/Query.h",76,"🟡","ADAPTATEUR PARTAGÉ","invariants métier communs; spécialisation limitée",299,14
"include/elit21/messaging/QueryBus.h",76,"🟡","ADAPTATEUR PARTAGÉ","invariants métier communs; spécialisation limitée",305,14
"include/elit21/messaging/QueryHandler.h",76,"🟡","ADAPTATEUR PARTAGÉ","invariants métier communs; spécialisation limitée",313,14
"include/elit21/net/HttpClient.h",90,"✅","IMPLÉMENTÉ","implémentation substantielle",1893,57
"include/elit21/net/HttpServer.h",90,"✅","IMPLÉMENTÉ","implémentation substantielle",1029,47
"include/elit21/network/CurlGlobalContext.h",76,"🟡","ADAPTATEUR PARTAGÉ","invariants métier communs; spécialisation limitée",319,14
"include/elit21/network/FormEncoder.h",76,"🟡","ADAPTATEUR PARTAGÉ","invariants métier communs; spécialisation limitée",307,14
"include/elit21/network/HeaderCollection.h",76,"🟡","ADAPTATEUR PARTAGÉ","invariants métier communs; spécialisation limitée",317,14
"include/elit21/network/HttpClient.h",90,"✅","IMPLÉMENTÉ","implémentation substantielle",305,14
"include/elit21/network/HttpClientPool.h",90,"✅","IMPLÉMENTÉ","implémentation substantielle",313,14
"include/elit21/network/HttpMethod.h",76,"🟡","ADAPTATEUR PARTAGÉ","invariants métier communs; spécialisation limitée",305,14
"include/elit21/network/HttpRequest.h",76,"🟡","ADAPTATEUR PARTAGÉ","invariants métier communs; spécialisation limitée",307,14
"include/elit21/network/HttpResponse.h",76,"🟡","ADAPTATEUR PARTAGÉ","invariants métier communs; spécialisation limitée",309,14
"include/elit21/network/HttpServer.h",90,"✅","IMPLÉMENTÉ","implémentation substantielle",305,14
"include/elit21/network/HttpStatus.h",76,"🟡","ADAPTATEUR PARTAGÉ","invariants métier communs; spécialisation limitée",305,14
"include/elit21/network/JsonHttpClient.h",90,"✅","IMPLÉMENTÉ","implémentation substantielle",313,14
"include/elit21/network/MultipartBuilder.h",76,"🟡","ADAPTATEUR PARTAGÉ","invariants métier communs; spécialisation limitée",317,14
"include/elit21/network/NetworkDiagnostics.h",76,"🟡","ADAPTATEUR PARTAGÉ","invariants métier communs; spécialisation limitée",321,14
"include/elit21/network/NetworkError.h",76,"🟡","ADAPTATEUR PARTAGÉ","invariants métier communs; spécialisation limitée",309,14
"include/elit21/network/ProxyConfiguration.h",76,"🟡","ADAPTATEUR PARTAGÉ","invariants métier communs; spécialisation limitée",321,14
"include/elit21/network/RequestInterceptor.h",76,"🟡","ADAPTATEUR PARTAGÉ","invariants métier communs; spécialisation limitée",321,14
"include/elit21/network/ResponseInterceptor.h",76,"🟡","ADAPTATEUR PARTAGÉ","invariants métier communs; spécialisation limitée",323,14
"include/elit21/network/Route.h",76,"🟡","ADAPTATEUR PARTAGÉ","invariants métier communs; spécialisation limitée",295,14
"include/elit21/network/Router.h",76,"🟡","ADAPTATEUR PARTAGÉ","invariants métier communs; spécialisation limitée",297,14
"include/elit21/network/TlsConfiguration.h",76,"🟡","ADAPTATEUR PARTAGÉ","invariants métier communs; spécialisation limitée",317,14
"include/elit21/network/Url.h",76,"🟡","ADAPTATEUR PARTAGÉ","invariants métier communs; spécialisation limitée",291,14
"include/elit21/network/UrlBuilder.h",76,"🟡","ADAPTATEUR PARTAGÉ","invariants métier communs; spécialisation limitée",305,14
"include/elit21/network/WebhookHttpServer.h",90,"✅","IMPLÉMENTÉ","implémentation substantielle",319,14
"include/elit21/observability/Alert.h",76,"🟡","ADAPTATEUR PARTAGÉ","invariants métier communs; spécialisation limitée",307,14
"include/elit21/observability/AlertDispatcher.h",76,"🟡","ADAPTATEUR PARTAGÉ","invariants métier communs; spécialisation limitée",327,14
"include/elit21/observability/AuditLogger.h",76,"🟡","ADAPTATEUR PARTAGÉ","invariants métier communs; spécialisation limitée",319,14
"include/elit21/observability/ConsoleLogSink.h",76,"🟡","ADAPTATEUR PARTAGÉ","invariants métier communs; spécialisation limitée",325,14
"include/elit21/observability/CrashReporter.h",76,"🟡","ADAPTATEUR PARTAGÉ","invariants métier communs; spécialisation limitée",323,14
"include/elit21/observability/FileLogSink.h",76,"🟡","ADAPTATEUR PARTAGÉ","invariants métier communs; spécialisation limitée",319,14
"include/elit21/observability/HealthCheck.h",76,"🟡","ADAPTATEUR PARTAGÉ","invariants métier communs; spécialisation limitée",319,14
"include/elit21/observability/HealthCheckRegistry.h",76,"🟡","ADAPTATEUR PARTAGÉ","invariants métier communs; spécialisation limitée",335,14
"include/elit21/observability/HealthMonitor.h",76,"🟡","ADAPTATEUR PARTAGÉ","invariants métier communs; spécialisation limitée",323,14
"include/elit21/observability/LogEntry.h",76,"🟡","ADAPTATEUR PARTAGÉ","invariants métier communs; spécialisation limitée",313,14
"include/elit21/observability/LogLevel.h",76,"🟡","ADAPTATEUR PARTAGÉ","invariants métier communs; spécialisation limitée",313,14
"include/elit21/observability/LogSink.h",76,"🟡","ADAPTATEUR PARTAGÉ","invariants métier communs; spécialisation limitée",311,14
"include/elit21/observability/Logger.h",76,"🟡","ADAPTATEUR PARTAGÉ","invariants métier communs; spécialisation limitée",309,14
"include/elit21/observability/Metric.h",76,"🟡","ADAPTATEUR PARTAGÉ","invariants métier communs; spécialisation limitée",309,14
"include/elit21/observability/MetricRegistry.h",76,"🟡","ADAPTATEUR PARTAGÉ","invariants métier communs; spécialisation limitée",325,14
"include/elit21/observability/PerformanceProfiler.h",76,"🟡","ADAPTATEUR PARTAGÉ","invariants métier communs; spécialisation limitée",335,14
"include/elit21/observability/StructuredLogger.h",76,"🟡","ADAPTATEUR PARTAGÉ","invariants métier communs; spécialisation limitée",329,14
"include/elit21/observability/TraceContext.h",76,"🟡","ADAPTATEUR PARTAGÉ","invariants métier communs; spécialisation limitée",321,14
"include/elit21/observability/Tracer.h",76,"🟡","ADAPTATEUR PARTAGÉ","invariants métier communs; spécialisation limitée",309,14
"include/elit21/observability/UptimeMonitor.h",76,"🟡","ADAPTATEUR PARTAGÉ","invariants métier communs; spécialisation limitée",323,14
"include/elit21/orders/AddressValidationService.h",76,"🟡","ADAPTATEUR PARTAGÉ","invariants métier communs; spécialisation limitée",331,14
"include/elit21/orders/AutomaticOrderProcessor.h",76,"🟡","ADAPTATEUR PARTAGÉ","invariants métier communs; spécialisation limitée",329,14
"include/elit21/orders/CustomerOrder.h",76,"🟡","ADAPTATEUR PARTAGÉ","invariants métier communs; spécialisation limitée",309,14
"include/elit21/orders/CustomerOrderLine.h",76,"🟡","ADAPTATEUR PARTAGÉ","invariants métier communs; spécialisation limitée",317,14
"include/elit21/orders/FreightSelectionPolicy.h",76,"🟡","ADAPTATEUR PARTAGÉ","invariants métier communs; spécialisation limitée",327,14
"include/elit21/orders/OrderCancellationCoordinator.h",76,"🟡","ADAPTATEUR PARTAGÉ","invariants métier communs; spécialisation limitée",339,14
"include/elit21/orders/OrderCaptureService.h",76,"🟡","ADAPTATEUR PARTAGÉ","invariants métier communs; spécialisation limitée",321,14
"include/elit21/orders/OrderDeduplicationService.h",76,"🟡","ADAPTATEUR PARTAGÉ","invariants métier communs; spécialisation limitée",333,14
"include/elit21/orders/OrderExceptionHandler.h",76,"🟡","ADAPTATEUR PARTAGÉ","invariants métier communs; spécialisation limitée",325,14
"include/elit21/orders/OrderFraudScreen.h",76,"🟡","ADAPTATEUR PARTAGÉ","invariants métier communs; spécialisation limitée",315,14
"include/elit21/orders/OrderManager.h",90,"✅","IMPLÉMENTÉ","implémentation substantielle",1088,12
"include/elit21/orders/OrderMappingService.h",76,"🟡","ADAPTATEUR PARTAGÉ","invariants métier communs; spécialisation limitée",321,14
"include/elit21/orders/OrderNormalizationService.h",76,"🟡","ADAPTATEUR PARTAGÉ","invariants métier communs; spécialisation limitée",333,14
"include/elit21/orders/OrderPlacementCoordinator.h",76,"🟡","ADAPTATEUR PARTAGÉ","invariants métier communs; spécialisation limitée",333,14
"include/elit21/orders/OrderPlacementSaga.h",76,"🟡","ADAPTATEUR PARTAGÉ","invariants métier communs; spécialisation limitée",319,14
"include/elit21/orders/OrderReconciliationService.h",76,"🟡","ADAPTATEUR PARTAGÉ","invariants métier communs; spécialisation limitée",335,14
"include/elit21/orders/OrderRiskDecision.h",76,"🟡","ADAPTATEUR PARTAGÉ","invariants métier communs; spécialisation limitée",317,14
"include/elit21/orders/OrderStateMachine.h",76,"🟡","ADAPTATEUR PARTAGÉ","invariants métier communs; spécialisation limitée",317,14
"include/elit21/orders/OrderValidationService.h",76,"🟡","ADAPTATEUR PARTAGÉ","invariants métier communs; spécialisation limitée",327,14
"include/elit21/orders/PartialOrderCoordinator.h",76,"🟡","ADAPTATEUR PARTAGÉ","invariants métier communs; spécialisation limitée",329,14
"include/elit21/orders/PaymentAuthorizationGate.h",76,"🟡","ADAPTATEUR PARTAGÉ","invariants métier communs; spécialisation limitée",331,14
"include/elit21/orders/ShippingAddressSanitizer.h",76,"🟡","ADAPTATEUR PARTAGÉ","invariants métier communs; spécialisation limitée",331,14
"include/elit21/orders/SplitOrderPlanner.h",76,"🟡","ADAPTATEUR PARTAGÉ","invariants métier communs; spécialisation limitée",317,14
"include/elit21/orders/SupplierOrder.h",76,"🟡","ADAPTATEUR PARTAGÉ","invariants métier communs; spécialisation limitée",309,14
"include/elit21/orders/SupplierOrderLine.h",76,"🟡","ADAPTATEUR PARTAGÉ","invariants métier communs; spécialisation limitée",317,14
"include/elit21/orders/SupplierOrderPaymentCoordinator.h",76,"🟡","ADAPTATEUR PARTAGÉ","invariants métier communs; spécialisation limitée",345,14
"include/elit21/orders/SupplierOrderStatusSynchronizer.h",76,"🟡","ADAPTATEUR PARTAGÉ","invariants métier communs; spécialisation limitée",345,14
"include/elit21/platform/BusinessComponent.h",28,"🟠","SQUELETTE","implémentation superficielle",820,32
"include/elit21/platform/ManagedComponent.h",90,"✅","IMPLÉMENTÉ","implémentation substantielle",2673,93
"include/elit21/pricing/AliExpressCostCalculator.h",76,"🟡","ADAPTATEUR PARTAGÉ","invariants métier communs; spécialisation limitée",333,14
"include/elit21/pricing/CurrencyConversionService.h",76,"🟡","ADAPTATEUR PARTAGÉ","invariants métier communs; spécialisation limitée",335,14
"include/elit21/pricing/DutyEstimator.h",76,"🟡","ADAPTATEUR PARTAGÉ","invariants métier communs; spécialisation limitée",311,14
"include/elit21/pricing/ExchangeRateCache.h",76,"🟡","ADAPTATEUR PARTAGÉ","invariants métier communs; spécialisation limitée",319,14
"include/elit21/pricing/FeeCalculator.h",76,"🟡","ADAPTATEUR PARTAGÉ","invariants métier communs; spécialisation limitée",311,14
"include/elit21/pricing/FreightCostCalculator.h",76,"🟡","ADAPTATEUR PARTAGÉ","invariants métier communs; spécialisation limitée",327,14
"include/elit21/pricing/MarginCalculator.h",76,"🟡","ADAPTATEUR PARTAGÉ","invariants métier communs; spécialisation limitée",317,14
"include/elit21/pricing/MinimumPriceGuard.h",76,"🟡","ADAPTATEUR PARTAGÉ","invariants métier communs; spécialisation limitée",319,14
"include/elit21/pricing/PriceAnomalyDetector.h",76,"🟡","ADAPTATEUR PARTAGÉ","invariants métier communs; spécialisation limitée",325,14
"include/elit21/pricing/PriceChangeDecision.h",76,"🟡","ADAPTATEUR PARTAGÉ","invariants métier communs; spécialisation limitée",323,14
"include/elit21/pricing/PriceHistoryService.h",76,"🟡","ADAPTATEUR PARTAGÉ","invariants métier communs; spécialisation limitée",323,14
"include/elit21/pricing/PricePolicy.h",76,"🟡","ADAPTATEUR PARTAGÉ","invariants métier communs; spécialisation limitée",307,14
"include/elit21/pricing/PriceReconciliationService.h",76,"🟡","ADAPTATEUR PARTAGÉ","invariants métier communs; spécialisation limitée",337,14
"include/elit21/pricing/PriceRoundingPolicy.h",76,"🟡","ADAPTATEUR PARTAGÉ","invariants métier communs; spécialisation limitée",323,14
"include/elit21/pricing/PriceSynchronizationService.h",76,"🟡","ADAPTATEUR PARTAGÉ","invariants métier communs; spécialisation limitée",339,14
"include/elit21/pricing/PricingEngine.h",97,"✅","MÉTIER AVANCÉ","logique métier et intégration détectées",485,8
"include/elit21/pricing/PromotionalPricePlanner.h",76,"🟡","ADAPTATEUR PARTAGÉ","invariants métier communs; spécialisation limitée",331,14
"include/elit21/pricing/PsychologicalPricingPolicy.h",76,"🟡","ADAPTATEUR PARTAGÉ","invariants métier communs; spécialisation limitée",337,14
"include/elit21/pricing/RepricingCoordinator.h",76,"🟡","ADAPTATEUR PARTAGÉ","invariants métier communs; spécialisation limitée",325,14
"include/elit21/pricing/ShopifyFeeEstimator.h",97,"✅","SHOPIFY TRANSACTIONNEL","monnaie sûre, états, admission, confidentialité ou readiness",980,35
"include/elit21/pricing/TargetMarginPolicy.h",76,"🟡","ADAPTATEUR PARTAGÉ","invariants métier communs; spécialisation limitée",321,14
"include/elit21/pricing/TaxEstimator.h",76,"🟡","ADAPTATEUR PARTAGÉ","invariants métier communs; spécialisation limitée",309,14
"include/elit21/progress/ProjectProgressAnalyzer.h",97,"✅","MÉTIER AVANCÉ","logique métier et intégration détectées",1645,55
"include/elit21/reports/DailyReportGenerator.h",76,"🟡","ADAPTATEUR PARTAGÉ","invariants métier communs; spécialisation limitée",325,14
"include/elit21/reports/FinancialReportGenerator.h",76,"🟡","ADAPTATEUR PARTAGÉ","invariants métier communs; spécialisation limitée",333,14
"include/elit21/reports/InventoryReportGenerator.h",76,"🟡","ADAPTATEUR PARTAGÉ","invariants métier communs; spécialisation limitée",333,14
"include/elit21/reports/MonthlyReportGenerator.h",76,"🟡","ADAPTATEUR PARTAGÉ","invariants métier communs; spécialisation limitée",329,14
"include/elit21/reports/OrderReportGenerator.h",76,"🟡","ADAPTATEUR PARTAGÉ","invariants métier communs; spécialisation limitée",325,14
"include/elit21/reports/ProductReportGenerator.h",76,"🟡","ADAPTATEUR PARTAGÉ","invariants métier communs; spécialisation limitée",329,14
"include/elit21/reports/Report.h",76,"🟡","ADAPTATEUR PARTAGÉ","invariants métier communs; spécialisation limitée",297,14
"include/elit21/reports/ReportExporter.h",76,"🟡","ADAPTATEUR PARTAGÉ","invariants métier communs; spécialisation limitée",313,14
"include/elit21/reports/ReportGenerator.h",68,"🟡","PARTIEL","interface ou module minimal",262,7
"include/elit21/reports/ReportScheduler.h",76,"🟡","ADAPTATEUR PARTAGÉ","invariants métier communs; spécialisation limitée",315,14
"include/elit21/reports/SupplierReportGenerator.h",76,"🟡","ADAPTATEUR PARTAGÉ","invariants métier communs; spécialisation limitée",331,14
"include/elit21/reports/WeeklyReportGenerator.h",76,"🟡","ADAPTATEUR PARTAGÉ","invariants métier communs; spécialisation limitée",327,14
"include/elit21/repositories/AuditRepository.h",76,"🟡","ADAPTATEUR PARTAGÉ","invariants métier communs; spécialisation limitée",325,14
"include/elit21/repositories/ConfigurationRepository.h",76,"🟡","ADAPTATEUR PARTAGÉ","invariants métier communs; spécialisation limitée",341,14
"include/elit21/repositories/CustomerMessageRepository.h",76,"🟡","ADAPTATEUR PARTAGÉ","invariants métier communs; spécialisation limitée",345,14
"include/elit21/repositories/CustomerRepository.h",76,"🟡","ADAPTATEUR PARTAGÉ","invariants métier communs; spécialisation limitée",331,14
"include/elit21/repositories/DeadLetterRepository.h",76,"🟡","ADAPTATEUR PARTAGÉ","invariants métier communs; spécialisation limitée",335,14
"include/elit21/repositories/FinancialLedgerRepository.h",76,"🟡","ADAPTATEUR PARTAGÉ","invariants métier communs; spécialisation limitée",345,14
"include/elit21/repositories/IncidentRepository.h",76,"🟡","ADAPTATEUR PARTAGÉ","invariants métier communs; spécialisation limitée",331,14
"include/elit21/repositories/InventoryRepository.h",76,"🟡","ADAPTATEUR PARTAGÉ","invariants métier communs; spécialisation limitée",333,14
"include/elit21/repositories/MetricRepository.h",76,"🟡","ADAPTATEUR PARTAGÉ","invariants métier communs; spécialisation limitée",327,14
"include/elit21/repositories/OrderRepository.h",76,"🟡","ADAPTATEUR PARTAGÉ","invariants métier communs; spécialisation limitée",325,14
"include/elit21/repositories/OutboxRepository.h",76,"🟡","ADAPTATEUR PARTAGÉ","invariants métier communs; spécialisation limitée",327,14
"include/elit21/repositories/PriceHistoryRepository.h",76,"🟡","ADAPTATEUR PARTAGÉ","invariants métier communs; spécialisation limitée",339,14
"include/elit21/repositories/ProductMappingRepository.h",76,"🟡","ADAPTATEUR PARTAGÉ","invariants métier communs; spécialisation limitée",343,14
"include/elit21/repositories/ProductRepository.h",76,"🟡","ADAPTATEUR PARTAGÉ","invariants métier communs; spécialisation limitée",329,14
"include/elit21/repositories/RefundRepository.h",76,"🟡","ADAPTATEUR PARTAGÉ","invariants métier communs; spécialisation limitée",327,14
"include/elit21/repositories/ReturnRepository.h",76,"🟡","ADAPTATEUR PARTAGÉ","invariants métier communs; spécialisation limitée",327,14
"include/elit21/repositories/ShipmentRepository.h",76,"🟡","ADAPTATEUR PARTAGÉ","invariants métier communs; spécialisation limitée",331,14
"include/elit21/repositories/SupplierOrderRepository.h",76,"🟡","ADAPTATEUR PARTAGÉ","invariants métier communs; spécialisation limitée",341,14
"include/elit21/repositories/SupplierRepository.h",76,"🟡","ADAPTATEUR PARTAGÉ","invariants métier communs; spécialisation limitée",331,14
"include/elit21/repositories/TaskRepository.h",76,"🟡","ADAPTATEUR PARTAGÉ","invariants métier communs; spécialisation limitée",323,14
"include/elit21/repositories/TokenRepository.h",76,"🟡","ADAPTATEUR PARTAGÉ","invariants métier communs; spécialisation limitée",325,14
"include/elit21/repositories/TrackingRepository.h",76,"🟡","ADAPTATEUR PARTAGÉ","invariants métier communs; spécialisation limitée",331,14
"include/elit21/repositories/WebhookRepository.h",76,"🟡","ADAPTATEUR PARTAGÉ","invariants métier communs; spécialisation limitée",329,14
"include/elit21/repositories/WorkflowInstanceRepository.h",76,"🟡","ADAPTATEUR PARTAGÉ","invariants métier communs; spécialisation limitée",347,14
"include/elit21/resilience/BackoffPolicy.h",76,"🟡","ADAPTATEUR PARTAGÉ","invariants métier communs; spécialisation limitée",317,14
"include/elit21/resilience/Bulkhead.h",76,"🟡","ADAPTATEUR PARTAGÉ","invariants métier communs; spécialisation limitée",307,14
"include/elit21/resilience/CircuitBreaker.h",76,"🟡","ADAPTATEUR PARTAGÉ","invariants métier communs; spécialisation limitée",319,14
"include/elit21/resilience/DeadLetterQueue.h",76,"🟡","ADAPTATEUR PARTAGÉ","invariants métier communs; spécialisation limitée",321,14
"include/elit21/resilience/FailureClassifier.h",76,"🟡","ADAPTATEUR PARTAGÉ","invariants métier communs; spécialisation limitée",325,14
"include/elit21/resilience/FallbackPolicy.h",76,"🟡","ADAPTATEUR PARTAGÉ","invariants métier communs; spécialisation limitée",319,14
"include/elit21/resilience/IdempotencyGuard.h",76,"🟡","ADAPTATEUR PARTAGÉ","invariants métier communs; spécialisation limitée",323,14
"include/elit21/resilience/IdempotencyKey.h",76,"🟡","ADAPTATEUR PARTAGÉ","invariants métier communs; spécialisation limitée",319,14
"include/elit21/resilience/RateLimiter.h",76,"🟡","ADAPTATEUR PARTAGÉ","invariants métier communs; spécialisation limitée",313,14
"include/elit21/resilience/RecoveryManager.h",76,"🟡","ADAPTATEUR PARTAGÉ","invariants métier communs; spécialisation limitée",321,14
"include/elit21/resilience/RetryExecutor.h",76,"🟡","ADAPTATEUR PARTAGÉ","invariants métier communs; spécialisation limitée",317,14
"include/elit21/resilience/RetryPolicy.h",76,"🟡","ADAPTATEUR PARTAGÉ","invariants métier communs; spécialisation limitée",313,14
"include/elit21/resilience/TimeoutPolicy.h",76,"🟡","ADAPTATEUR PARTAGÉ","invariants métier communs; spécialisation limitée",317,14
"include/elit21/resilience/Watchdog.h",76,"🟡","ADAPTATEUR PARTAGÉ","invariants métier communs; spécialisation limitée",307,14
"include/elit21/returns/AliExpressDisputeAdapter.h",76,"🟡","ADAPTATEUR PARTAGÉ","invariants métier communs; spécialisation limitée",333,14
"include/elit21/returns/DisputeEvidenceBuilder.h",76,"🟡","ADAPTATEUR PARTAGÉ","invariants métier communs; spécialisation limitée",329,14
"include/elit21/returns/DisputeExceptionQueue.h",76,"🟡","ADAPTATEUR PARTAGÉ","invariants métier communs; spécialisation limitée",327,14
"include/elit21/returns/RefundCalculator.h",76,"🟡","ADAPTATEUR PARTAGÉ","invariants métier communs; spécialisation limitée",317,14
"include/elit21/returns/RefundCoordinator.h",76,"🟡","ADAPTATEUR PARTAGÉ","invariants métier communs; spécialisation limitée",319,14
"include/elit21/returns/RefundDecision.h",76,"🟡","ADAPTATEUR PARTAGÉ","invariants métier communs; spécialisation limitée",313,14
"include/elit21/returns/RefundPolicy.h",76,"🟡","ADAPTATEUR PARTAGÉ","invariants métier communs; spécialisation limitée",309,14
"include/elit21/returns/ReturnEligibilityChecker.h",76,"🟡","ADAPTATEUR PARTAGÉ","invariants métier communs; spécialisation limitée",333,14
"include/elit21/returns/ReturnRequest.h",76,"🟡","ADAPTATEUR PARTAGÉ","invariants métier communs; spécialisation limitée",311,14
"include/elit21/returns/ReturnRequestProcessor.h",76,"🟡","ADAPTATEUR PARTAGÉ","invariants métier communs; spécialisation limitée",329,14
"include/elit21/returns/ReturnStateMachine.h",76,"🟡","ADAPTATEUR PARTAGÉ","invariants métier communs; spécialisation limitée",321,14
"include/elit21/returns/ShopifyRefundExecutor.h",97,"✅","SHOPIFY TRANSACTIONNEL","monnaie sûre, états, admission, confidentialité ou readiness",1214,37
"include/elit21/risk/AnomalyDetector.h",76,"🟡","ADAPTATEUR PARTAGÉ","invariants métier communs; spécialisation limitée",309,14
"include/elit21/risk/FraudIndicator.h",76,"🟡","ADAPTATEUR PARTAGÉ","invariants métier communs; spécialisation limitée",307,14
"include/elit21/risk/FraudRiskEngine.h",76,"🟡","ADAPTATEUR PARTAGÉ","invariants métier communs; spécialisation limitée",309,14
"include/elit21/risk/HighRiskOrderGuard.h",76,"🟡","ADAPTATEUR PARTAGÉ","invariants métier communs; spécialisation limitée",315,14
"include/elit21/risk/LossPreventionPolicy.h",76,"🟡","ADAPTATEUR PARTAGÉ","invariants métier communs; spécialisation limitée",319,14
"include/elit21/risk/RiskDecision.h",76,"🟡","ADAPTATEUR PARTAGÉ","invariants métier communs; spécialisation limitée",303,14
"include/elit21/risk/RiskEngine.h",68,"🟡","PARTIEL","interface ou module minimal",404,6
"include/elit21/risk/RiskRule.h",76,"🟡","ADAPTATEUR PARTAGÉ","invariants métier communs; spécialisation limitée",295,14
"include/elit21/risk/RiskRuleEngine.h",76,"🟡","ADAPTATEUR PARTAGÉ","invariants métier communs; spécialisation limitée",307,14
"include/elit21/risk/SupplierRiskMonitor.h",76,"🟡","ADAPTATEUR PARTAGÉ","invariants métier communs; spécialisation limitée",317,14
"include/elit21/risk/TransactionRiskAnalyzer.h",76,"🟡","ADAPTATEUR PARTAGÉ","invariants métier communs; spécialisation limitée",325,14
"include/elit21/scheduler/CronExpression.h",76,"🟡","ADAPTATEUR PARTAGÉ","invariants métier communs; spécialisation limitée",317,14
"include/elit21/scheduler/Job.h",76,"🟡","ADAPTATEUR PARTAGÉ","invariants métier communs; spécialisation limitée",295,14
"include/elit21/scheduler/JobContext.h",76,"🟡","ADAPTATEUR PARTAGÉ","invariants métier communs; spécialisation limitée",309,14
"include/elit21/scheduler/JobDefinition.h",76,"🟡","ADAPTATEUR PARTAGÉ","invariants métier communs; spécialisation limitée",315,14
"include/elit21/scheduler/JobRegistry.h",76,"🟡","ADAPTATEUR PARTAGÉ","invariants métier communs; spécialisation limitée",311,14
"include/elit21/scheduler/JobRepository.h",76,"🟡","ADAPTATEUR PARTAGÉ","invariants métier communs; spécialisation limitée",315,14
"include/elit21/scheduler/JobScheduler.h",76,"🟡","ADAPTATEUR PARTAGÉ","invariants métier communs; spécialisation limitée",313,14
"include/elit21/scheduler/JobStatus.h",76,"🟡","ADAPTATEUR PARTAGÉ","invariants métier communs; spécialisation limitée",307,14
"include/elit21/scheduler/RecurringJob.h",76,"🟡","ADAPTATEUR PARTAGÉ","invariants métier communs; spécialisation limitée",313,14
"include/elit21/scheduler/ScheduledJob.h",76,"🟡","ADAPTATEUR PARTAGÉ","invariants métier communs; spécialisation limitée",313,14
"include/elit21/scheduler/SchedulerClock.h",76,"🟡","ADAPTATEUR PARTAGÉ","invariants métier communs; spécialisation limitée",317,14
"include/elit21/security/AccessToken.h",76,"🟡","ADAPTATEUR PARTAGÉ","invariants métier communs; spécialisation limitée",309,14
"include/elit21/security/ApiCredential.h",76,"🟡","ADAPTATEUR PARTAGÉ","invariants métier communs; spécialisation limitée",313,14
"include/elit21/security/AuditChain.h",76,"🟡","ADAPTATEUR PARTAGÉ","invariants métier communs; spécialisation limitée",307,14
"include/elit21/security/Base64.h",76,"🟡","ADAPTATEUR PARTAGÉ","invariants métier communs; spécialisation limitée",299,14
"include/elit21/security/CertificateStore.h",76,"🟡","ADAPTATEUR PARTAGÉ","invariants métier communs; spécialisation limitée",319,14
"include/elit21/security/ConstantTimeCompare.h",76,"🟡","ADAPTATEUR PARTAGÉ","invariants métier communs; spécialisation limitée",325,14
"include/elit21/security/CredentialManager.h",76,"🟡","ADAPTATEUR PARTAGÉ","invariants métier communs; spécialisation limitée",321,14
"include/elit21/security/Crypto.h",90,"✅","IMPLÉMENTÉ","implémentation substantielle",632,14
"include/elit21/security/DataEncryptor.h",90,"✅","IMPLÉMENTÉ","implémentation substantielle",822,24
"include/elit21/security/DataRedactor.h",76,"🟡","ADAPTATEUR PARTAGÉ","invariants métier communs; spécialisation limitée",353,14
"include/elit21/security/HmacSigner.h",76,"🟡","ADAPTATEUR PARTAGÉ","invariants métier communs; spécialisation limitée",307,14
"include/elit21/security/KeyDerivation.h",76,"🟡","ADAPTATEUR PARTAGÉ","invariants métier communs; spécialisation limitée",313,14
"include/elit21/security/KeyRotationManager.h",76,"🟡","ADAPTATEUR PARTAGÉ","invariants métier communs; spécialisation limitée",323,14
"include/elit21/security/Md5Digest.h",76,"🟡","ADAPTATEUR PARTAGÉ","invariants métier communs; spécialisation limitée",305,14
"include/elit21/security/RandomGenerator.h",76,"🟡","ADAPTATEUR PARTAGÉ","invariants métier communs; spécialisation limitée",317,14
"include/elit21/security/Secret.h",76,"🟡","ADAPTATEUR PARTAGÉ","invariants métier communs; spécialisation limitée",299,14
"include/elit21/security/SecretStore.h",76,"🟡","ADAPTATEUR PARTAGÉ","invariants métier communs; spécialisation limitée",309,14
"include/elit21/security/SecureBuffer.h",76,"🟡","ADAPTATEUR PARTAGÉ","invariants métier communs; spécialisation limitée",311,14
"include/elit21/security/Sha256Digest.h",76,"🟡","ADAPTATEUR PARTAGÉ","invariants métier communs; spécialisation limitée",311,14
"include/elit21/security/SignatureVerifier.h",76,"🟡","ADAPTATEUR PARTAGÉ","invariants métier communs; spécialisation limitée",321,14
"include/elit21/security/TokenVault.h",76,"🟡","ADAPTATEUR PARTAGÉ","invariants métier communs; spécialisation limitée",307,14
"include/elit21/security/WebhookReplayGuard.h",76,"🟡","ADAPTATEUR PARTAGÉ","invariants métier communs; spécialisation limitée",323,14
"include/elit21/serialization/CsvReader.h",76,"🟡","ADAPTATEUR PARTAGÉ","invariants métier communs; spécialisation limitée",315,14
"include/elit21/serialization/CsvWriter.h",76,"🟡","ADAPTATEUR PARTAGÉ","invariants métier communs; spécialisation limitée",315,14
"include/elit21/serialization/JsonDeserializer.h",76,"🟡","ADAPTATEUR PARTAGÉ","invariants métier communs; spécialisation limitée",329,14
"include/elit21/serialization/JsonDocument.h",76,"🟡","ADAPTATEUR PARTAGÉ","invariants métier communs; spécialisation limitée",321,14
"include/elit21/serialization/JsonSerializer.h",76,"🟡","ADAPTATEUR PARTAGÉ","invariants métier communs; spécialisation limitée",325,14
"include/elit21/serialization/JsonValue.h",76,"🟡","ADAPTATEUR PARTAGÉ","invariants métier communs; spécialisation limitée",315,14
"include/elit21/serialization/ModelSerializer.h",76,"🟡","ADAPTATEUR PARTAGÉ","invariants métier communs; spécialisation limitée",327,14
"include/elit21/serialization/QueryStringSerializer.h",76,"🟡","ADAPTATEUR PARTAGÉ","invariants métier communs; spécialisation limitée",339,14
"include/elit21/shopify/ShopifyApiVersion.h",93,"✅","NOYAU SHOPIFY","configuration, erreurs, limites ou fabrique typée",1425,41
"include/elit21/shopify/ShopifyApiVersionGuard.h",97,"✅","SHOPIFY RÉSILIENT","idempotence, version, GID, ordre temporel, CAS ou réconciliation",1321,47
"include/elit21/shopify/ShopifyAppConfigGenerator.h",93,"✅","NOYAU SHOPIFY","configuration, erreurs, limites ou fabrique typée",967,34
"include/elit21/shopify/ShopifyAutonomyEngine.h",97,"✅","SHOPIFY TRANSACTIONNEL","monnaie sûre, états, admission, confidentialité ou readiness",1944,64
"include/elit21/shopify/ShopifyClient.h",97,"✅","SHOPIFY RÉSILIENT","idempotence, version, GID, ordre temporel, CAS ou réconciliation",4270,89
"include/elit21/shopify/ShopifyConfig.h",93,"✅","NOYAU SHOPIFY","configuration, erreurs, limites ou fabrique typée",1145,34
"include/elit21/shopify/ShopifyEndpoints.h",93,"✅","NOYAU SHOPIFY","configuration, erreurs, limites ou fabrique typée",970,26
"include/elit21/shopify/ShopifyError.h",93,"✅","NOYAU SHOPIFY","configuration, erreurs, limites ou fabrique typée",1176,47
"include/elit21/shopify/ShopifyErrorMapper.h",93,"✅","NOYAU SHOPIFY","configuration, erreurs, limites ou fabrique typée",914,26
"include/elit21/shopify/ShopifyGlobalId.h",97,"✅","SHOPIFY RÉSILIENT","idempotence, version, GID, ordre temporel, CAS ou réconciliation",1151,37
"include/elit21/shopify/ShopifyIdempotencyKey.h",97,"✅","SHOPIFY RÉSILIENT","idempotence, version, GID, ordre temporel, CAS ou réconciliation",553,21
"include/elit21/shopify/ShopifyIdempotencyStore.h",97,"✅","SHOPIFY RÉSILIENT","idempotence, version, GID, ordre temporel, CAS ou réconciliation",1378,44
"include/elit21/shopify/ShopifyModels.h",90,"✅","IMPLÉMENTÉ","implémentation substantielle",2729,109
"include/elit21/shopify/ShopifyMoney.h",97,"✅","SHOPIFY TRANSACTIONNEL","monnaie sûre, états, admission, confidentialité ou readiness",1554,40
"include/elit21/shopify/ShopifyOrderAdmissionService.h",97,"✅","SHOPIFY TRANSACTIONNEL","monnaie sûre, états, admission, confidentialité ou readiness",2053,25
"include/elit21/shopify/ShopifyOrderStateMachine.h",97,"✅","SHOPIFY TRANSACTIONNEL","monnaie sûre, états, admission, confidentialité ou readiness",776,17
"include/elit21/shopify/ShopifyPrivacyService.h",97,"✅","SHOPIFY TRANSACTIONNEL","monnaie sûre, états, admission, confidentialité ou readiness",1681,56
"include/elit21/shopify/ShopifyProductionReadiness.h",97,"✅","SHOPIFY TRANSACTIONNEL","monnaie sûre, états, admission, confidentialité ou readiness",721,34
"include/elit21/shopify/ShopifyRateLimitState.h",93,"✅","NOYAU SHOPIFY","configuration, erreurs, limites ou fabrique typée",1039,32
"include/elit21/shopify/ShopifyReconciliationCoordinator.h",97,"✅","SHOPIFY RÉSILIENT","idempotence, version, GID, ordre temporel, CAS ou réconciliation",1314,48
"include/elit21/shopify/ShopifyScopes.h",93,"✅","NOYAU SHOPIFY","configuration, erreurs, limites ou fabrique typée",1252,36
"include/elit21/shopify/ShopifyServiceFactory.h",93,"✅","NOYAU SHOPIFY","configuration, erreurs, limites ou fabrique typée",856,28
"include/elit21/shopify/ShopifyTimestamp.h",97,"✅","SHOPIFY RÉSILIENT","idempotence, version, GID, ordre temporel, CAS ou réconciliation",409,18
"include/elit21/shopify/ShopifyWebhook.h",90,"✅","IMPLÉMENTÉ","implémentation substantielle",419,8
"include/elit21/shopify/ShopifyWebhookProcessor.h",97,"✅","SHOPIFY RÉSILIENT","idempotence, version, GID, ordre temporel, CAS ou réconciliation",1168,39
"include/elit21/shopify/ShopifyWebhookRegistry.h",90,"✅","IMPLÉMENTÉ","implémentation substantielle",945,40
"include/elit21/shopify/auth/ShopifyAuthorizationUrlBuilder.h",93,"✅","OAUTH SÉCURISÉ","validation, état, scopes ou stockage de jeton",889,33
"include/elit21/shopify/auth/ShopifyOAuthCallbackVerifier.h",93,"✅","OAUTH SÉCURISÉ","validation, état, scopes ou stockage de jeton",1335,47
"include/elit21/shopify/auth/ShopifyOAuthClient.h",93,"✅","OAUTH SÉCURISÉ","validation, état, scopes ou stockage de jeton",1539,43
"include/elit21/shopify/auth/ShopifyOAuthStateStore.h",93,"✅","OAUTH SÉCURISÉ","validation, état, scopes ou stockage de jeton",946,35
"include/elit21/shopify/auth/ShopifyTokenManager.h",93,"✅","OAUTH SÉCURISÉ","validation, état, scopes ou stockage de jeton",1218,37
"include/elit21/shopify/auth/ShopifyTokenRefreshPolicy.h",93,"✅","OAUTH SÉCURISÉ","validation, état, scopes ou stockage de jeton",1087,29
"include/elit21/shopify/bulk/BulkDownloadManager.h",94,"✅","BULK SHOPIFY","pipeline asynchrone, JSONL ou upload vérifié",959,32
"include/elit21/shopify/bulk/BulkInventorySynchronizer.h",94,"✅","BULK SHOPIFY","pipeline asynchrone, JSONL ou upload vérifié",642,15
"include/elit21/shopify/bulk/BulkJsonlParser.h",94,"✅","BULK SHOPIFY","pipeline asynchrone, JSONL ou upload vérifié",1214,42
"include/elit21/shopify/bulk/BulkOperationMonitor.h",94,"✅","BULK SHOPIFY","pipeline asynchrone, JSONL ou upload vérifié",1142,31
"include/elit21/shopify/bulk/BulkOrderExporter.h",94,"✅","BULK SHOPIFY","pipeline asynchrone, JSONL ou upload vérifié",618,15
"include/elit21/shopify/bulk/BulkProductExporter.h",94,"✅","BULK SHOPIFY","pipeline asynchrone, JSONL ou upload vérifié",624,15
"include/elit21/shopify/bulk/BulkProductImporter.h",94,"✅","BULK SHOPIFY","pipeline asynchrone, JSONL ou upload vérifié",616,11
"include/elit21/shopify/bulk/BulkUploadManager.h",94,"✅","BULK SHOPIFY","pipeline asynchrone, JSONL ou upload vérifié",532,7
"include/elit21/shopify/bulk/StagedUploadManager.h",94,"✅","BULK SHOPIFY","pipeline asynchrone, JSONL ou upload vérifié",784,8
"include/elit21/shopify/graphql/GraphqlDocument.h",95,"✅","CŒUR GRAPHQL","validation, pagination, coût API et erreurs structurées",1168,36
"include/elit21/shopify/graphql/GraphqlError.h",95,"✅","CŒUR GRAPHQL","validation, pagination, coût API et erreurs structurées",739,28
"include/elit21/shopify/graphql/GraphqlOperation.h",95,"✅","CŒUR GRAPHQL","validation, pagination, coût API et erreurs structurées",1177,32
"include/elit21/shopify/graphql/GraphqlRequest.h",95,"✅","CŒUR GRAPHQL","validation, pagination, coût API et erreurs structurées",785,28
"include/elit21/shopify/graphql/GraphqlResponse.h",95,"✅","CŒUR GRAPHQL","validation, pagination, coût API et erreurs structurées",1235,36
"include/elit21/shopify/graphql/GraphqlTransport.h",95,"✅","CŒUR GRAPHQL","validation, pagination, coût API et erreurs structurées",2030,60
"include/elit21/shopify/graphql/ShopifyCostThrottler.h",95,"✅","CŒUR GRAPHQL","validation, pagination, coût API et erreurs structurées",1058,38
"include/elit21/shopify/graphql/ShopifyGraphqlClient.h",95,"✅","CŒUR GRAPHQL","validation, pagination, coût API et erreurs structurées",1010,33
"include/elit21/shopify/graphql/ShopifyGraphqlPaginator.h",95,"✅","CŒUR GRAPHQL","validation, pagination, coût API et erreurs structurées",890,32
"include/elit21/shopify/graphql/ShopifyQueryBuilder.h",95,"✅","CŒUR GRAPHQL","validation, pagination, coût API et erreurs structurées",1199,28
"include/elit21/shopify/graphql/ShopifyUserErrorParser.h",95,"✅","CŒUR GRAPHQL","validation, pagination, coût API et erreurs structurées",767,28
"include/elit21/shopify/models/ShopifyBulkOperation.h",90,"✅","MODÈLE TYPÉ","sérialisation et validation métier",905,33
"include/elit21/shopify/models/ShopifyCollection.h",90,"✅","MODÈLE TYPÉ","sérialisation et validation métier",804,30
"include/elit21/shopify/models/ShopifyCustomer.h",90,"✅","MODÈLE TYPÉ","sérialisation et validation métier",881,33
"include/elit21/shopify/models/ShopifyDiscount.h",90,"✅","MODÈLE TYPÉ","sérialisation et validation métier",851,32
"include/elit21/shopify/models/ShopifyFulfillment.h",90,"✅","MODÈLE TYPÉ","sérialisation et validation métier",854,31
"include/elit21/shopify/models/ShopifyFulfillmentOrder.h",90,"✅","MODÈLE TYPÉ","sérialisation et validation métier",838,30
"include/elit21/shopify/models/ShopifyInventoryItem.h",90,"✅","MODÈLE TYPÉ","sérialisation et validation métier",836,31
"include/elit21/shopify/models/ShopifyInventoryLevel.h",90,"✅","MODÈLE TYPÉ","sérialisation et validation métier",828,30
"include/elit21/shopify/models/ShopifyLocation.h",90,"✅","MODÈLE TYPÉ","sérialisation et validation métier",888,33
"include/elit21/shopify/models/ShopifyMarket.h",90,"✅","MODÈLE TYPÉ","sérialisation et validation métier",789,30
"include/elit21/shopify/models/ShopifyMedia.h",90,"✅","MODÈLE TYPÉ","sérialisation et validation métier",828,31
"include/elit21/shopify/models/ShopifyMetafield.h",90,"✅","MODÈLE TYPÉ","sérialisation et validation métier",857,32
"include/elit21/shopify/models/ShopifyMetaobject.h",90,"✅","MODÈLE TYPÉ","sérialisation et validation métier",806,30
"include/elit21/shopify/models/ShopifyOrder.h",90,"✅","MODÈLE TYPÉ","sérialisation et validation métier",888,33
"include/elit21/shopify/models/ShopifyOrderLine.h",90,"✅","MODÈLE TYPÉ","sérialisation et validation métier",848,32
"include/elit21/shopify/models/ShopifyProduct.h",90,"✅","MODÈLE TYPÉ","sérialisation et validation métier",889,33
"include/elit21/shopify/models/ShopifyProductVariant.h",90,"✅","MODÈLE TYPÉ","sérialisation et validation métier",905,33
"include/elit21/shopify/models/ShopifyPublication.h",90,"✅","MODÈLE TYPÉ","sérialisation et validation métier",797,29
"include/elit21/shopify/models/ShopifyRefund.h",90,"✅","MODÈLE TYPÉ","sérialisation et validation métier",817,31
"include/elit21/shopify/models/ShopifyReturn.h",90,"✅","MODÈLE TYPÉ","sérialisation et validation métier",792,30
"include/elit21/shopify/models/ShopifyShop.h",90,"✅","MODÈLE TYPÉ","sérialisation et validation métier",834,31
"include/elit21/shopify/models/ShopifyTrackingInfo.h",90,"✅","MODÈLE TYPÉ","sérialisation et validation métier",786,29
"include/elit21/shopify/models/ShopifyTransaction.h",90,"✅","MODÈLE TYPÉ","sérialisation et validation métier",889,33
"include/elit21/shopify/models/ShopifyWebhookSubscription.h",90,"✅","MODÈLE TYPÉ","sérialisation et validation métier",872,31
"include/elit21/shopify/mutations/BulkOperationMutations.h",92,"✅","DOCUMENT GRAPHQL","opération GraphQL déclarative versionnée",186,4
"include/elit21/shopify/mutations/CollectionMutations.h",92,"✅","DOCUMENT GRAPHQL","opération GraphQL déclarative versionnée",183,4
"include/elit21/shopify/mutations/CustomerMutations.h",92,"✅","DOCUMENT GRAPHQL","opération GraphQL déclarative versionnée",181,4
"include/elit21/shopify/mutations/DiscountMutations.h",92,"✅","DOCUMENT GRAPHQL","opération GraphQL déclarative versionnée",181,4
"include/elit21/shopify/mutations/DraftOrderMutations.h",92,"✅","DOCUMENT GRAPHQL","opération GraphQL déclarative versionnée",183,4
"include/elit21/shopify/mutations/FileMutations.h",92,"✅","DOCUMENT GRAPHQL","opération GraphQL déclarative versionnée",177,4
"include/elit21/shopify/mutations/FulfillmentMutations.h",92,"✅","DOCUMENT GRAPHQL","opération GraphQL déclarative versionnée",184,4
"include/elit21/shopify/mutations/FulfillmentOrderMutations.h",92,"✅","DOCUMENT GRAPHQL","opération GraphQL déclarative versionnée",189,4
"include/elit21/shopify/mutations/InventoryMutations.h",92,"✅","DOCUMENT GRAPHQL","opération GraphQL déclarative versionnée",182,4
"include/elit21/shopify/mutations/MetafieldMutations.h",92,"✅","DOCUMENT GRAPHQL","opération GraphQL déclarative versionnée",182,4
"include/elit21/shopify/mutations/MetaobjectMutations.h",92,"✅","DOCUMENT GRAPHQL","opération GraphQL déclarative versionnée",183,4
"include/elit21/shopify/mutations/OrderMutations.h",92,"✅","DOCUMENT GRAPHQL","opération GraphQL déclarative versionnée",178,4
"include/elit21/shopify/mutations/ProductMediaMutations.h",92,"✅","DOCUMENT GRAPHQL","opération GraphQL déclarative versionnée",185,4
"include/elit21/shopify/mutations/ProductMutations.h",92,"✅","DOCUMENT GRAPHQL","opération GraphQL déclarative versionnée",180,4
"include/elit21/shopify/mutations/ProductVariantMutations.h",92,"✅","DOCUMENT GRAPHQL","opération GraphQL déclarative versionnée",187,4
"include/elit21/shopify/mutations/PublicationMutations.h",92,"✅","DOCUMENT GRAPHQL","opération GraphQL déclarative versionnée",184,4
"include/elit21/shopify/mutations/RefundMutations.h",92,"✅","DOCUMENT GRAPHQL","opération GraphQL déclarative versionnée",179,4
"include/elit21/shopify/mutations/ReturnMutations.h",92,"✅","DOCUMENT GRAPHQL","opération GraphQL déclarative versionnée",179,4
"include/elit21/shopify/mutations/WebhookMutations.h",92,"✅","DOCUMENT GRAPHQL","opération GraphQL déclarative versionnée",180,4
"include/elit21/shopify/queries/BulkOperationQueries.h",92,"✅","DOCUMENT GRAPHQL","opération GraphQL déclarative versionnée",182,4
"include/elit21/shopify/queries/CollectionQueries.h",92,"✅","DOCUMENT GRAPHQL","opération GraphQL déclarative versionnée",179,4
"include/elit21/shopify/queries/CustomerQueries.h",92,"✅","DOCUMENT GRAPHQL","opération GraphQL déclarative versionnée",177,4
"include/elit21/shopify/queries/DiscountQueries.h",92,"✅","DOCUMENT GRAPHQL","opération GraphQL déclarative versionnée",177,4
"include/elit21/shopify/queries/DraftOrderQueries.h",92,"✅","DOCUMENT GRAPHQL","opération GraphQL déclarative versionnée",179,4
"include/elit21/shopify/queries/FileQueries.h",92,"✅","DOCUMENT GRAPHQL","opération GraphQL déclarative versionnée",173,4
"include/elit21/shopify/queries/FulfillmentOrderQueries.h",92,"✅","DOCUMENT GRAPHQL","opération GraphQL déclarative versionnée",185,4
"include/elit21/shopify/queries/FulfillmentQueries.h",92,"✅","DOCUMENT GRAPHQL","opération GraphQL déclarative versionnée",180,4
"include/elit21/shopify/queries/InventoryQueries.h",92,"✅","DOCUMENT GRAPHQL","opération GraphQL déclarative versionnée",178,4
"include/elit21/shopify/queries/LocationQueries.h",92,"✅","DOCUMENT GRAPHQL","opération GraphQL déclarative versionnée",177,4
"include/elit21/shopify/queries/MarketQueries.h",92,"✅","DOCUMENT GRAPHQL","opération GraphQL déclarative versionnée",175,4
"include/elit21/shopify/queries/MetafieldQueries.h",92,"✅","DOCUMENT GRAPHQL","opération GraphQL déclarative versionnée",178,4
"include/elit21/shopify/queries/MetaobjectQueries.h",92,"✅","DOCUMENT GRAPHQL","opération GraphQL déclarative versionnée",179,4
"include/elit21/shopify/queries/OrderQueries.h",92,"✅","DOCUMENT GRAPHQL","opération GraphQL déclarative versionnée",174,4
"include/elit21/shopify/queries/ProductQueries.h",92,"✅","DOCUMENT GRAPHQL","opération GraphQL déclarative versionnée",176,4
"include/elit21/shopify/queries/ProductVariantQueries.h",92,"✅","DOCUMENT GRAPHQL","opération GraphQL déclarative versionnée",183,4
"include/elit21/shopify/queries/PublicationQueries.h",92,"✅","DOCUMENT GRAPHQL","opération GraphQL déclarative versionnée",180,4
"include/elit21/shopify/queries/RefundQueries.h",92,"✅","DOCUMENT GRAPHQL","opération GraphQL déclarative versionnée",175,4
"include/elit21/shopify/queries/ReturnQueries.h",92,"✅","DOCUMENT GRAPHQL","opération GraphQL déclarative versionnée",175,4
"include/elit21/shopify/queries/ShopQueries.h",92,"✅","DOCUMENT GRAPHQL","opération GraphQL déclarative versionnée",173,4
"include/elit21/shopify/queries/TransactionQueries.h",92,"✅","DOCUMENT GRAPHQL","opération GraphQL déclarative versionnée",180,4
"include/elit21/shopify/queries/WebhookQueries.h",92,"✅","DOCUMENT GRAPHQL","opération GraphQL déclarative versionnée",176,4
"include/elit21/shopify/services/ShopifyBulkOperationService.h",94,"✅","SERVICE SHOPIFY","façade typée reliée au client Shopify",1088,30
"include/elit21/shopify/services/ShopifyCatalogService.h",94,"✅","SERVICE SHOPIFY","façade typée reliée au client Shopify",1092,30
"include/elit21/shopify/services/ShopifyCollectionService.h",94,"✅","SERVICE SHOPIFY","façade typée reliée au client Shopify",1105,30
"include/elit21/shopify/services/ShopifyCustomerService.h",94,"✅","SERVICE SHOPIFY","façade typée reliée au client Shopify",1097,30
"include/elit21/shopify/services/ShopifyDiscountService.h",94,"✅","SERVICE SHOPIFY","façade typée reliée au client Shopify",1097,30
"include/elit21/shopify/services/ShopifyDraftOrderService.h",94,"✅","SERVICE SHOPIFY","façade typée reliée au client Shopify",1105,30
"include/elit21/shopify/services/ShopifyFileService.h",94,"✅","SERVICE SHOPIFY","façade typée reliée au client Shopify",1081,30
"include/elit21/shopify/services/ShopifyFulfillmentOrderService.h",94,"✅","SERVICE SHOPIFY","façade typée reliée au client Shopify",885,27
"include/elit21/shopify/services/ShopifyFulfillmentService.h",94,"✅","SERVICE SHOPIFY","façade typée reliée au client Shopify",900,27
"include/elit21/shopify/services/ShopifyInventoryService.h",94,"✅","SERVICE SHOPIFY","façade typée reliée au client Shopify",1734,48
"include/elit21/shopify/services/ShopifyLocationService.h",94,"✅","SERVICE SHOPIFY","façade typée reliée au client Shopify",812,27
"include/elit21/shopify/services/ShopifyMarketService.h",94,"✅","SERVICE SHOPIFY","façade typée reliée au client Shopify",1089,30
"include/elit21/shopify/services/ShopifyMediaService.h",94,"✅","SERVICE SHOPIFY","façade typée reliée au client Shopify",1087,30
"include/elit21/shopify/services/ShopifyMetafieldService.h",94,"✅","SERVICE SHOPIFY","façade typée reliée au client Shopify",1102,30
"include/elit21/shopify/services/ShopifyOrderService.h",94,"✅","SERVICE SHOPIFY","façade typée reliée au client Shopify",950,28
"include/elit21/shopify/services/ShopifyProductService.h",94,"✅","SERVICE SHOPIFY","façade typée reliée au client Shopify",920,28
"include/elit21/shopify/services/ShopifyPublicationService.h",94,"✅","SERVICE SHOPIFY","façade typée reliée au client Shopify",917,28
"include/elit21/shopify/services/ShopifyRefundService.h",94,"✅","SERVICE SHOPIFY","façade typée reliée au client Shopify",1090,30
"include/elit21/shopify/services/ShopifyReturnService.h",94,"✅","SERVICE SHOPIFY","façade typée reliée au client Shopify",1090,30
"include/elit21/shopify/services/ShopifyShopService.h",94,"✅","SERVICE SHOPIFY","façade typée reliée au client Shopify",789,27
"include/elit21/shopify/services/ShopifyVariantService.h",94,"✅","SERVICE SHOPIFY","façade typée reliée au client Shopify",1051,28
"include/elit21/shopify/services/ShopifyWebhookService.h",94,"✅","SERVICE SHOPIFY","façade typée reliée au client Shopify",1003,29
"include/elit21/shopify/webhooks/AppUninstalledWebhookHandler.h",95,"✅","WEBHOOK SHOPIFY","HMAC, routage, déduplication ou persistance métier",595,6
"include/elit21/shopify/webhooks/CustomerWebhookHandler.h",95,"✅","WEBHOOK SHOPIFY","HMAC, routage, déduplication ou persistance métier",577,6
"include/elit21/shopify/webhooks/FulfillmentWebhookHandler.h",95,"✅","WEBHOOK SHOPIFY","HMAC, routage, déduplication ou persistance métier",586,6
"include/elit21/shopify/webhooks/InventoryWebhookHandler.h",95,"✅","WEBHOOK SHOPIFY","HMAC, routage, déduplication ou persistance métier",580,6
"include/elit21/shopify/webhooks/OrderWebhookHandler.h",95,"✅","WEBHOOK SHOPIFY","HMAC, routage, déduplication ou persistance métier",568,6
"include/elit21/shopify/webhooks/ProductWebhookHandler.h",95,"✅","WEBHOOK SHOPIFY","HMAC, routage, déduplication ou persistance métier",574,6
"include/elit21/shopify/webhooks/RefundWebhookHandler.h",95,"✅","WEBHOOK SHOPIFY","HMAC, routage, déduplication ou persistance métier",571,6
"include/elit21/shopify/webhooks/ShopWebhookHandler.h",95,"✅","WEBHOOK SHOPIFY","HMAC, routage, déduplication ou persistance métier",565,6
"include/elit21/shopify/webhooks/ShopifyWebhook.h",95,"✅","WEBHOOK SHOPIFY","HMAC, routage, déduplication ou persistance métier",2134,54
"include/elit21/shopify/webhooks/ShopifyWebhookDispatcher.h",95,"✅","WEBHOOK SHOPIFY","HMAC, routage, déduplication ou persistance métier",729,8
"include/elit21/shopify/webhooks/ShopifyWebhookHandlerSupport.h",95,"✅","WEBHOOK SHOPIFY","HMAC, routage, déduplication ou persistance métier",345,7
"include/elit21/shopify/webhooks/ShopifyWebhookParser.h",95,"✅","WEBHOOK SHOPIFY","HMAC, routage, déduplication ou persistance métier",466,7
"include/elit21/shopify/webhooks/ShopifyWebhookReceiver.h",95,"✅","WEBHOOK SHOPIFY","HMAC, routage, déduplication ou persistance métier",869,9
"include/elit21/shopify/webhooks/ShopifyWebhookRegistrar.h",95,"✅","WEBHOOK SHOPIFY","HMAC, routage, déduplication ou persistance métier",614,6
"include/elit21/shopify/webhooks/ShopifyWebhookSignatureVerifier.h",95,"✅","WEBHOOK SHOPIFY","HMAC, routage, déduplication ou persistance métier",625,6
"include/elit21/shopify/webhooks/ShopifyWebhookTopic.h",95,"✅","WEBHOOK SHOPIFY","HMAC, routage, déduplication ou persistance métier",752,13
"include/elit21/sourcing/CanadaProductEligibilityChecker.h",76,"🟡","ADAPTATEUR PARTAGÉ","invariants métier communs; spécialisation limitée",349,14
"include/elit21/sourcing/CandidateProduct.h",76,"🟡","ADAPTATEUR PARTAGÉ","invariants métier communs; spécialisation limitée",319,14
"include/elit21/sourcing/CandidateProductRepository.h",76,"🟡","ADAPTATEUR PARTAGÉ","invariants métier communs; spécialisation limitée",339,14
"include/elit21/sourcing/CatalogDiscoveryEngine.h",76,"🟡","ADAPTATEUR PARTAGÉ","invariants métier communs; spécialisation limitée",331,14
"include/elit21/sourcing/CompetitionAnalyzer.h",76,"🟡","ADAPTATEUR PARTAGÉ","invariants métier communs; spécialisation limitée",325,14
"include/elit21/sourcing/DuplicateProductDetector.h",76,"🟡","ADAPTATEUR PARTAGÉ","invariants métier communs; spécialisation limitée",335,14
"include/elit21/sourcing/ImageSearchDiscovery.h",76,"🟡","ADAPTATEUR PARTAGÉ","invariants métier communs; spécialisation limitée",327,14
"include/elit21/sourcing/MarginOpportunityAnalyzer.h",76,"🟡","ADAPTATEUR PARTAGÉ","invariants métier communs; spécialisation limitée",337,14
"include/elit21/sourcing/ProductCandidatePipeline.h",76,"🟡","ADAPTATEUR PARTAGÉ","invariants métier communs; spécialisation limitée",335,14
"include/elit21/sourcing/ProductEligibilityChecker.h",76,"🟡","ADAPTATEUR PARTAGÉ","invariants métier communs; spécialisation limitée",337,14
"include/elit21/sourcing/ProductQualityAnalyzer.h",76,"🟡","ADAPTATEUR PARTAGÉ","invariants métier communs; spécialisation limitée",331,14
"include/elit21/sourcing/ProductRecommendationDiscovery.h",76,"🟡","ADAPTATEUR PARTAGÉ","invariants métier communs; spécialisation limitée",347,14
"include/elit21/sourcing/ProductRiskAnalyzer.h",76,"🟡","ADAPTATEUR PARTAGÉ","invariants métier communs; spécialisation limitée",325,14
"include/elit21/sourcing/ProductScorer.h",76,"🟡","ADAPTATEUR PARTAGÉ","invariants métier communs; spécialisation limitée",313,14
"include/elit21/sourcing/ProductSelectionPolicy.h",76,"🟡","ADAPTATEUR PARTAGÉ","invariants métier communs; spécialisation limitée",331,14
"include/elit21/sourcing/ProhibitedProductDetector.h",76,"🟡","ADAPTATEUR PARTAGÉ","invariants métier communs; spécialisation limitée",337,14
"include/elit21/sourcing/ReviewScoreAnalyzer.h",76,"🟡","ADAPTATEUR PARTAGÉ","invariants métier communs; spécialisation limitée",325,14
"include/elit21/sourcing/SellerReliabilityAnalyzer.h",76,"🟡","ADAPTATEUR PARTAGÉ","invariants métier communs; spécialisation limitée",337,14
"include/elit21/sourcing/SellerScorer.h",76,"🟡","ADAPTATEUR PARTAGÉ","invariants métier communs; spécialisation limitée",311,14
"include/elit21/sourcing/ShippingEligibilityAnalyzer.h",76,"🟡","ADAPTATEUR PARTAGÉ","invariants métier communs; spécialisation limitée",341,14
"include/elit21/sourcing/SourcingCoordinator.h",76,"🟡","ADAPTATEUR PARTAGÉ","invariants métier communs; spécialisation limitée",325,14
"include/elit21/sourcing/SourcingDecision.h",76,"🟡","ADAPTATEUR PARTAGÉ","invariants métier communs; spécialisation limitée",319,14
"include/elit21/sourcing/SourcingEngine.h",68,"🟡","PARTIEL","interface ou module minimal",592,8
"include/elit21/sourcing/SourcingPolicy.h",76,"🟡","ADAPTATEUR PARTAGÉ","invariants métier communs; spécialisation limitée",315,14
"include/elit21/sourcing/TrendAnalyzer.h",76,"🟡","ADAPTATEUR PARTAGÉ","invariants métier communs; spécialisation limitée",313,14
"include/elit21/storage/BackupManager.h",76,"🟡","ADAPTATEUR PARTAGÉ","invariants métier communs; spécialisation limitée",311,14
"include/elit21/storage/Cache.h",76,"🟡","ADAPTATEUR PARTAGÉ","invariants métier communs; spécialisation limitée",295,14
"include/elit21/storage/CacheEntry.h",76,"🟡","ADAPTATEUR PARTAGÉ","invariants métier communs; spécialisation limitée",305,14
"include/elit21/storage/Database.h",97,"✅","MÉTIER AVANCÉ","logique métier et intégration détectées",11096,253
"include/elit21/storage/DatabaseConnection.h",76,"🟡","ADAPTATEUR PARTAGÉ","invariants métier communs; spécialisation limitée",321,14
"include/elit21/storage/DatabaseMigrator.h",76,"🟡","ADAPTATEUR PARTAGÉ","invariants métier communs; spécialisation limitée",317,14
"include/elit21/storage/DatabaseTransaction.h",76,"🟡","ADAPTATEUR PARTAGÉ","invariants métier communs; spécialisation limitée",323,14
"include/elit21/storage/Entity.h",76,"🟡","ADAPTATEUR PARTAGÉ","invariants métier communs; spécialisation limitée",297,14
"include/elit21/storage/Migration.h",76,"🟡","ADAPTATEUR PARTAGÉ","invariants métier communs; spécialisation limitée",303,14
"include/elit21/storage/MigrationRepository.h",76,"🟡","ADAPTATEUR PARTAGÉ","invariants métier communs; spécialisation limitée",323,14
"include/elit21/storage/QueryBuilder.h",76,"🟡","ADAPTATEUR PARTAGÉ","invariants métier communs; spécialisation limitée",309,14
"include/elit21/storage/Repository.h",76,"🟡","ADAPTATEUR PARTAGÉ","invariants métier communs; spécialisation limitée",305,14
"include/elit21/storage/Row.h",76,"🟡","ADAPTATEUR PARTAGÉ","invariants métier communs; spécialisation limitée",291,14
"include/elit21/storage/SqliteConnection.h",76,"🟡","ADAPTATEUR PARTAGÉ","invariants métier communs; spécialisation limitée",317,14
"include/elit21/storage/SqliteDatabase.h",90,"✅","IMPLÉMENTÉ","implémentation substantielle",313,14
"include/elit21/storage/SqliteStatement.h",76,"🟡","ADAPTATEUR PARTAGÉ","invariants métier communs; spécialisation limitée",315,14
"include/elit21/storage/StorageHealthCheck.h",76,"🟡","ADAPTATEUR PARTAGÉ","invariants métier communs; spécialisation limitée",321,14
"include/elit21/storage/UnitOfWork.h",76,"🟡","ADAPTATEUR PARTAGÉ","invariants métier communs; spécialisation limitée",305,14
"include/elit21/terminal/AnsiTerminal.h",76,"🟡","ADAPTATEUR PARTAGÉ","invariants métier communs; spécialisation limitée",311,14
"include/elit21/terminal/CommandHistory.h",76,"🟡","ADAPTATEUR PARTAGÉ","invariants métier communs; spécialisation limitée",315,14
"include/elit21/terminal/CommandLine.h",76,"🟡","ADAPTATEUR PARTAGÉ","invariants métier communs; spécialisation limitée",309,14
"include/elit21/terminal/CommandParser.h",76,"🟡","ADAPTATEUR PARTAGÉ","invariants métier communs; spécialisation limitée",313,14
"include/elit21/terminal/CommandRegistry.h",76,"🟡","ADAPTATEUR PARTAGÉ","invariants métier communs; spécialisation limitée",317,14
"include/elit21/terminal/ConsoleInput.h",76,"🟡","ADAPTATEUR PARTAGÉ","invariants métier communs; spécialisation limitée",311,14
"include/elit21/terminal/ConsoleOutput.h",76,"🟡","ADAPTATEUR PARTAGÉ","invariants métier communs; spécialisation limitée",313,14
"include/elit21/terminal/Dashboard.h",84,"🟢","FONCTIONNEL","code dédié compilable",717,10
"include/elit21/terminal/DashboardController.h",76,"🟡","ADAPTATEUR PARTAGÉ","invariants métier communs; spécialisation limitée",325,14
"include/elit21/terminal/FixedPositionRenderer.h",76,"🟡","ADAPTATEUR PARTAGÉ","invariants métier communs; spécialisation limitée",329,14
"include/elit21/terminal/KeyboardHandler.h",76,"🟡","ADAPTATEUR PARTAGÉ","invariants métier communs; spécialisation limitée",317,14
"include/elit21/terminal/Layout.h",76,"🟡","ADAPTATEUR PARTAGÉ","invariants métier communs; spécialisation limitée",299,14
"include/elit21/terminal/ProgressBar.h",76,"🟡","ADAPTATEUR PARTAGÉ","invariants métier communs; spécialisation limitée",309,14
"include/elit21/terminal/ScreenBuffer.h",76,"🟡","ADAPTATEUR PARTAGÉ","invariants métier communs; spécialisation limitée",311,14
"include/elit21/terminal/StatusCounter.h",76,"🟡","ADAPTATEUR PARTAGÉ","invariants métier communs; spécialisation limitée",313,14
"include/elit21/terminal/TableRenderer.h",76,"🟡","ADAPTATEUR PARTAGÉ","invariants métier communs; spécialisation limitée",313,14
"include/elit21/terminal/TerminalApplication.h",76,"🟡","ADAPTATEUR PARTAGÉ","invariants métier communs; spécialisation limitée",325,14
"include/elit21/terminal/TerminalColor.h",76,"🟡","ADAPTATEUR PARTAGÉ","invariants métier communs; spécialisation limitée",313,14
"include/elit21/terminal/TerminalCommand.h",76,"🟡","ADAPTATEUR PARTAGÉ","invariants métier communs; spécialisation limitée",317,14
"include/elit21/terminal/TerminalDimensions.h",76,"🟡","ADAPTATEUR PARTAGÉ","invariants métier communs; spécialisation limitée",323,14
"include/elit21/terminal/TerminalEvent.h",76,"🟡","ADAPTATEUR PARTAGÉ","invariants métier communs; spécialisation limitée",313,14
"include/elit21/terminal/TerminalPanel.h",76,"🟡","ADAPTATEUR PARTAGÉ","invariants métier communs; spécialisation limitée",313,14
"include/elit21/terminal/TerminalRenderer.h",76,"🟡","ADAPTATEUR PARTAGÉ","invariants métier communs; spécialisation limitée",319,14
"include/elit21/terminal/UnicodeSanitizer.h",76,"🟡","ADAPTATEUR PARTAGÉ","invariants métier communs; spécialisation limitée",319,14
"include/elit21/terminal/commands/ApproveCommand.h",76,"🟡","ADAPTATEUR PARTAGÉ","invariants métier communs; spécialisation limitée",335,14
"include/elit21/terminal/commands/BackupCommand.h",76,"🟡","ADAPTATEUR PARTAGÉ","invariants métier communs; spécialisation limitée",333,14
"include/elit21/terminal/commands/CatalogCommand.h",76,"🟡","ADAPTATEUR PARTAGÉ","invariants métier communs; spécialisation limitée",335,14
"include/elit21/terminal/commands/ConfigCommand.h",76,"🟡","ADAPTATEUR PARTAGÉ","invariants métier communs; spécialisation limitée",333,14
"include/elit21/terminal/commands/DiagnosticsCommand.h",76,"🟡","ADAPTATEUR PARTAGÉ","invariants métier communs; spécialisation limitée",343,14
"include/elit21/terminal/commands/FulfillmentCommand.h",76,"🟡","ADAPTATEUR PARTAGÉ","invariants métier communs; spécialisation limitée",343,14
"include/elit21/terminal/commands/HealthCommand.h",76,"🟡","ADAPTATEUR PARTAGÉ","invariants métier communs; spécialisation limitée",333,14
"include/elit21/terminal/commands/HelpCommand.h",76,"🟡","ADAPTATEUR PARTAGÉ","invariants métier communs; spécialisation limitée",329,14
"include/elit21/terminal/commands/InventoryCommand.h",76,"🟡","ADAPTATEUR PARTAGÉ","invariants métier communs; spécialisation limitée",339,14
"include/elit21/terminal/commands/OrderCommand.h",76,"🟡","ADAPTATEUR PARTAGÉ","invariants métier communs; spécialisation limitée",331,14
"include/elit21/terminal/commands/PauseCommand.h",76,"🟡","ADAPTATEUR PARTAGÉ","invariants métier communs; spécialisation limitée",331,14
"include/elit21/terminal/commands/PricingCommand.h",76,"🟡","ADAPTATEUR PARTAGÉ","invariants métier communs; spécialisation limitée",335,14
"include/elit21/terminal/commands/RejectCommand.h",76,"🟡","ADAPTATEUR PARTAGÉ","invariants métier communs; spécialisation limitée",333,14
"include/elit21/terminal/commands/ReportCommand.h",76,"🟡","ADAPTATEUR PARTAGÉ","invariants métier communs; spécialisation limitée",333,14
"include/elit21/terminal/commands/ResumeCommand.h",76,"🟡","ADAPTATEUR PARTAGÉ","invariants métier communs; spécialisation limitée",333,14
"include/elit21/terminal/commands/SourcingCommand.h",76,"🟡","ADAPTATEUR PARTAGÉ","invariants métier communs; spécialisation limitée",337,14
"include/elit21/terminal/commands/StartCommand.h",76,"🟡","ADAPTATEUR PARTAGÉ","invariants métier communs; spécialisation limitée",331,14
"include/elit21/terminal/commands/StatusCommand.h",76,"🟡","ADAPTATEUR PARTAGÉ","invariants métier communs; spécialisation limitée",333,14
"include/elit21/terminal/commands/StopCommand.h",76,"🟡","ADAPTATEUR PARTAGÉ","invariants métier communs; spécialisation limitée",329,14
"include/elit21/terminal/commands/SyncCommand.h",76,"🟡","ADAPTATEUR PARTAGÉ","invariants métier communs; spécialisation limitée",329,14
"include/elit21/terminal/panels/AlertsPanel.h",76,"🟡","ADAPTATEUR PARTAGÉ","invariants métier communs; spécialisation limitée",325,14
"include/elit21/terminal/panels/AliExpressPanel.h",76,"🟡","ADAPTATEUR PARTAGÉ","invariants métier communs; spécialisation limitée",333,14
"include/elit21/terminal/panels/AutomationPanel.h",76,"🟡","ADAPTATEUR PARTAGÉ","invariants métier communs; spécialisation limitée",333,14
"include/elit21/terminal/panels/CatalogPanel.h",76,"🟡","ADAPTATEUR PARTAGÉ","invariants métier communs; spécialisation limitée",327,14
"include/elit21/terminal/panels/CustomerPanel.h",76,"🟡","ADAPTATEUR PARTAGÉ","invariants métier communs; spécialisation limitée",329,14
"include/elit21/terminal/panels/FinancialPanel.h",76,"🟡","ADAPTATEUR PARTAGÉ","invariants métier communs; spécialisation limitée",331,14
"include/elit21/terminal/panels/FulfillmentPanel.h",76,"🟡","ADAPTATEUR PARTAGÉ","invariants métier communs; spécialisation limitée",335,14
"include/elit21/terminal/panels/HealthPanel.h",76,"🟡","ADAPTATEUR PARTAGÉ","invariants métier communs; spécialisation limitée",325,14
"include/elit21/terminal/panels/InventoryPanel.h",76,"🟡","ADAPTATEUR PARTAGÉ","invariants métier communs; spécialisation limitée",331,14
"include/elit21/terminal/panels/LogPanel.h",76,"🟡","ADAPTATEUR PARTAGÉ","invariants métier communs; spécialisation limitée",319,14
"include/elit21/terminal/panels/OrderPanel.h",76,"🟡","ADAPTATEUR PARTAGÉ","invariants métier communs; spécialisation limitée",323,14
"include/elit21/terminal/panels/ShopifyPanel.h",92,"✅","PANNEAU SHOPIFY","snapshot typé, métriques et rendu terminal fixe",1045,37
"include/elit21/terminal/panels/SourcingPanel.h",76,"🟡","ADAPTATEUR PARTAGÉ","invariants métier communs; spécialisation limitée",329,14
"include/elit21/terminal/panels/StatusPanel.h",76,"🟡","ADAPTATEUR PARTAGÉ","invariants métier communs; spécialisation limitée",325,14
"include/elit21/terminal/panels/SystemPanel.h",76,"🟡","ADAPTATEUR PARTAGÉ","invariants métier communs; spécialisation limitée",325,14
"include/elit21/util/StringUtil.h",68,"🟡","PARTIEL","interface ou module minimal",608,16
"include/elit21/util/TimeUtil.h",84,"🟢","FONCTIONNEL","code dédié compilable",243,10
"include/elit21/workflow/Activity.h",76,"🟡","ADAPTATEUR PARTAGÉ","invariants métier communs; spécialisation limitée",303,14
"include/elit21/workflow/ActivityContext.h",76,"🟡","ADAPTATEUR PARTAGÉ","invariants métier communs; spécialisation limitée",317,14
"include/elit21/workflow/ActivityResult.h",76,"🟡","ADAPTATEUR PARTAGÉ","invariants métier communs; spécialisation limitée",315,14
"include/elit21/workflow/CompensationAction.h",76,"🟡","ADAPTATEUR PARTAGÉ","invariants métier communs; spécialisation limitée",323,14
"include/elit21/workflow/Saga.h",76,"🟡","ADAPTATEUR PARTAGÉ","invariants métier communs; spécialisation limitée",295,14
"include/elit21/workflow/SagaCoordinator.h",76,"🟡","ADAPTATEUR PARTAGÉ","invariants métier communs; spécialisation limitée",317,14
"include/elit21/workflow/StateMachine.h",76,"🟡","ADAPTATEUR PARTAGÉ","invariants métier communs; spécialisation limitée",311,14
"include/elit21/workflow/StateTransition.h",76,"🟡","ADAPTATEUR PARTAGÉ","invariants métier communs; spécialisation limitée",317,14
"include/elit21/workflow/Workflow.h",76,"🟡","ADAPTATEUR PARTAGÉ","invariants métier communs; spécialisation limitée",303,14
"include/elit21/workflow/WorkflowCheckpoint.h",76,"🟡","ADAPTATEUR PARTAGÉ","invariants métier communs; spécialisation limitée",323,14
"include/elit21/workflow/WorkflowContext.h",76,"🟡","ADAPTATEUR PARTAGÉ","invariants métier communs; spécialisation limitée",317,14
"include/elit21/workflow/WorkflowDefinition.h",76,"🟡","ADAPTATEUR PARTAGÉ","invariants métier communs; spécialisation limitée",323,14
"include/elit21/workflow/WorkflowEngine.h",76,"🟡","ADAPTATEUR PARTAGÉ","invariants métier communs; spécialisation limitée",315,14
"include/elit21/workflow/WorkflowInstance.h",76,"🟡","ADAPTATEUR PARTAGÉ","invariants métier communs; spécialisation limitée",319,14
"include/elit21/workflow/WorkflowRepository.h",76,"🟡","ADAPTATEUR PARTAGÉ","invariants métier communs; spécialisation limitée",323,14
"include/elit21/workflow/WorkflowScheduler.h",76,"🟡","ADAPTATEUR PARTAGÉ","invariants métier communs; spécialisation limitée",321,14
"include/elit21/workflow/WorkflowState.h",76,"🟡","ADAPTATEUR PARTAGÉ","invariants métier communs; spécialisation limitée",313,14
"logs/.gitkeep",100,"💤","RUNTIME","dossier runtime réservé",44,0
"migrations/0001_initial_schema.sql",96,"🗄️✅","MIGRATION","migration transactionnelle",376,13
"migrations/0002_credentials.sql",96,"🗄️✅","MIGRATION","migration transactionnelle",458,13
"migrations/0003_products.sql",96,"🗄️✅","MIGRATION","migration transactionnelle",767,17
"migrations/0004_product_variants.sql",96,"🗄️✅","MIGRATION","migration transactionnelle",797,19
"migrations/0005_product_mappings.sql",96,"🗄️✅","MIGRATION","migration transactionnelle",506,14
"migrations/0006_inventory.sql",96,"🗄️✅","MIGRATION","migration transactionnelle",516,11
"migrations/0007_customers.sql",96,"🗄️✅","MIGRATION","migration transactionnelle",421,12
"migrations/0008_orders.sql",96,"🗄️✅","MIGRATION","migration transactionnelle",692,19
"migrations/0009_order_lines.sql",96,"🗄️✅","MIGRATION","migration transactionnelle",538,15
"migrations/0010_supplier_orders.sql",96,"🗄️✅","MIGRATION","migration transactionnelle",493,13
"migrations/0011_shipments.sql",96,"🗄️✅","MIGRATION","migration transactionnelle",522,16
"migrations/0012_tracking_events.sql",96,"🗄️✅","MIGRATION","migration transactionnelle",357,12
"migrations/0013_refunds.sql",96,"🗄️✅","MIGRATION","migration transactionnelle",419,12
"migrations/0014_returns.sql",96,"🗄️✅","MIGRATION","migration transactionnelle",371,11
"migrations/0015_workflows.sql",96,"🗄️✅","MIGRATION","migration transactionnelle",458,13
"migrations/0016_tasks.sql",96,"🗄️✅","MIGRATION","migration transactionnelle",569,17
"migrations/0017_webhooks.sql",96,"🗄️✅","MIGRATION","migration transactionnelle",424,14
"migrations/0018_outbox.sql",96,"🗄️✅","MIGRATION","migration transactionnelle",389,12
"migrations/0019_inbox.sql",96,"🗄️✅","MIGRATION","migration transactionnelle",244,9
"migrations/001_initial.sql",96,"🗄️✅","MIGRATION","migration transactionnelle",4321,115
"migrations/0020_dead_letters.sql",96,"🗄️✅","MIGRATION","migration transactionnelle",402,13
"migrations/0021_audit_log.sql",96,"🗄️✅","MIGRATION","migration transactionnelle",360,13
"migrations/0022_metrics.sql",96,"🗄️✅","MIGRATION","migration transactionnelle",156,7
"migrations/0023_incidents.sql",96,"🗄️✅","MIGRATION","migration transactionnelle",305,12
"migrations/0024_financial_ledger.sql",96,"🗄️✅","MIGRATION","migration transactionnelle",375,11
"migrations/0025_reports.sql",96,"🗄️✅","MIGRATION","migration transactionnelle",257,10
"migrations/0026_customer_messages.sql",96,"🗄️✅","MIGRATION","migration transactionnelle",443,14
"migrations/0027_supplier_scores.sql",96,"🗄️✅","MIGRATION","migration transactionnelle",415,12
"migrations/0028_product_scores.sql",96,"🗄️✅","MIGRATION","migration transactionnelle",452,12
"migrations/0029_price_history.sql",96,"🗄️✅","MIGRATION","migration transactionnelle",504,12
"migrations/0030_inventory_history.sql",96,"🗄️✅","MIGRATION","migration transactionnelle",421,10
"migrations/0031_schema_version.sql",96,"🗄️✅","MIGRATION","migration transactionnelle",541,15
"migrations/0032_task_deduplication.sql",96,"🗄️✅","MIGRATION","migration transactionnelle",270,6
"migrations/0033_shopify_sync_state.sql",96,"🗄️✅","MIGRATION","migration transactionnelle",1816,52
"migrations/0034_shopify_transactional_runtime.sql",96,"🗄️✅","MIGRATION","migration transactionnelle",2252,11
"migrations/0035_shopify_privacy_completion_indexes.sql",96,"🗄️✅","MIGRATION","migration transactionnelle",387,9
"migrations/0036_shopify_resilience_v7.sql",96,"🗄️✅","MIGRATION","migration transactionnelle",2777,68
"packaging/linux/elit21-shop-manager.service",85,"🟢","INTÉGRÉ","ressource intégrée",296,0
"packaging/portable/README.md",88,"📘","DOCUMENTÉ","documentation ou rapport",132,2
"packaging/windows/application.rc",85,"🟢","INTÉGRÉ","ressource intégrée",239,0
"packaging/windows/installer_manifest.txt",88,"📘","DOCUMENTÉ","documentation ou rapport",65,6
"resources/carrier_mappings.json",92,"⚙️✅","CONFIGURATION","configuration valide",186,9
"resources/certificates/README.md",88,"📘","DOCUMENTÉ","documentation ou rapport",106,2
"resources/mappings/carrier_mappings.json",92,"⚙️✅","CONFIGURATION","configuration valide",116,6
"resources/mappings/category_mappings.json",92,"⚙️✅","CONFIGURATION","configuration valide",58,4
"resources/mappings/country_codes.json",92,"⚙️✅","CONFIGURATION","configuration valide",21,4
"resources/mappings/currency_codes.json",92,"⚙️✅","CONFIGURATION","configuration valide",31,4
"resources/mappings/language_codes.json",92,"⚙️✅","CONFIGURATION","configuration valide",60,5
"resources/mappings/province_codes.json",92,"⚙️✅","CONFIGURATION","configuration valide",87,7
"resources/mappings/shipping_status_mappings.json",92,"⚙️✅","CONFIGURATION","configuration valide",109,6
"resources/mappings/shopify_aliexpress_statuses.json",82,"🔐⚙️","CONFIG À ACTIVER","identifiants réels requis",105,6
"resources/messages_fr.json",92,"⚙️✅","CONFIGURATION","configuration valide",334,7
"resources/policies/canada_product_restrictions.json",92,"⚙️✅","CONFIGURATION","configuration valide",175,13
"resources/policies/pricing_policy.json",92,"⚙️✅","CONFIGURATION","configuration valide",208,9
"resources/policies/prohibited_keywords.json",92,"⚙️✅","CONFIGURATION","configuration valide",103,10
"resources/policies/refund_policy.json",92,"⚙️✅","CONFIGURATION","configuration valide",94,6
"resources/policies/return_policy.json",92,"⚙️✅","CONFIGURATION","configuration valide",74,5
"resources/policies/risk_policy.json",92,"⚙️✅","CONFIGURATION","configuration valide",107,6
"resources/policies/sourcing_policy.json",92,"⚙️✅","CONFIGURATION","configuration valide",169,9
"resources/prohibited_keywords.txt",88,"📘","DOCUMENTÉ","documentation ou rapport",87,9
"resources/templates/customer_messages/README.md",88,"📘","DOCUMENTÉ","documentation ou rapport",37,2
"resources/templates/notifications/README.md",88,"📘","DOCUMENTÉ","documentation ou rapport",33,2
"resources/templates/product_descriptions/README.md",88,"📘","DOCUMENTÉ","documentation ou rapport",40,2
"resources/templates/reports/README.md",88,"📘","DOCUMENTÉ","documentation ou rapport",27,2
"resources/terminal/banner.txt",88,"📘","DOCUMENTÉ","documentation ou rapport",54,2
"resources/terminal/commands.txt",88,"📘","DOCUMENTÉ","documentation ou rapport",133,2
"resources/terminal/help.txt",88,"📘","DOCUMENTÉ","documentation ou rapport",134,2
"scripts/build_linux.sh",94,"🛠️✅","OUTILLAGE","construction ou automatisation",133,6
"scripts/build_msvc.ps1",94,"🛠️✅","OUTILLAGE","construction ou automatisation",124,5
"scripts/build_msys2.sh",94,"🛠️✅","OUTILLAGE","construction ou automatisation",157,6
"scripts/development/apply_v6_phase1.py",85,"🟢","INTÉGRÉ","ressource intégrée",17840,0
"scripts/development/apply_v6_phase2.py",85,"🟢","INTÉGRÉ","ressource intégrée",19456,0
"scripts/development/apply_v6_phase3.py",85,"🟢","INTÉGRÉ","ressource intégrée",19531,0
"scripts/development/apply_v6_phase4.py",85,"🟢","INTÉGRÉ","ressource intégrée",25405,0
"scripts/development/apply_v6_phase5.py",85,"🟢","INTÉGRÉ","ressource intégrée",29850,0
"scripts/development/apply_v6_phase6.py",85,"🟢","INTÉGRÉ","ressource intégrée",14475,0
"scripts/development/apply_v6_phase7.py",85,"🟢","INTÉGRÉ","ressource intégrée",22744,0
"scripts/run_demo.bat",94,"🛠️✅","OUTILLAGE","construction ou automatisation",107,4
"src/elit21/aliexpress/AliExpressClient.cpp",90,"✅","IMPLÉMENTÉ","implémentation substantielle",18549,377
"src/elit21/aliexpress/AliExpressConfig.cpp",76,"🟡","ADAPTATEUR PARTAGÉ","invariants métier communs; spécialisation limitée",644,22
"src/elit21/aliexpress/AliExpressEndpoints.cpp",68,"🟡","PARTIEL","interface ou module minimal",170,3
"src/elit21/aliexpress/AliExpressError.cpp",76,"🟡","ADAPTATEUR PARTAGÉ","invariants métier communs; spécialisation limitée",639,22
"src/elit21/aliexpress/AliExpressErrorMapper.cpp",76,"🟡","ADAPTATEUR PARTAGÉ","invariants métier communs; spécialisation limitée",672,22
"src/elit21/aliexpress/AliExpressMethodNames.cpp",68,"🟡","PARTIEL","interface ou module minimal",1907,4
"src/elit21/aliexpress/AliExpressModels.cpp",68,"🟡","PARTIEL","interface ou module minimal",939,27
"src/elit21/aliexpress/AliExpressServiceFactory.cpp",76,"🟡","ADAPTATEUR PARTAGÉ","invariants métier communs; spécialisation limitée",678,22
"src/elit21/aliexpress/AliExpressSession.cpp",76,"🟡","ADAPTATEUR PARTAGÉ","invariants métier communs; spécialisation limitée",649,22
"src/elit21/aliexpress/auth/AliExpressAuthorizationUrlBuilder.cpp",68,"🟡","PARTIEL","interface ou module minimal",526,5
"src/elit21/aliexpress/auth/AliExpressOAuthClient.cpp",68,"🟡","PARTIEL","interface ou module minimal",1935,5
"src/elit21/aliexpress/auth/AliExpressOAuthStateStore.cpp",90,"✅","IMPLÉMENTÉ","implémentation substantielle",543,4
"src/elit21/aliexpress/auth/AliExpressToken.cpp",68,"🟡","PARTIEL","interface ou module minimal",52,2
"src/elit21/aliexpress/auth/AliExpressTokenManager.cpp",68,"🟡","PARTIEL","interface ou module minimal",605,3
"src/elit21/aliexpress/auth/AliExpressTokenRefreshPolicy.cpp",68,"🟡","PARTIEL","interface ou module minimal",65,2
"src/elit21/aliexpress/models/AliExpressCommissionOrder.cpp",68,"🟡","PARTIEL","interface ou module minimal",64,2
"src/elit21/aliexpress/models/AliExpressDropshippingMember.cpp",68,"🟡","PARTIEL","interface ou module minimal",67,2
"src/elit21/aliexpress/models/AliExpressFreightQuote.cpp",68,"🟡","PARTIEL","interface ou module minimal",61,2
"src/elit21/aliexpress/models/AliExpressOrder.cpp",68,"🟡","PARTIEL","interface ou module minimal",54,2
"src/elit21/aliexpress/models/AliExpressOrderLine.cpp",68,"🟡","PARTIEL","interface ou module minimal",58,2
"src/elit21/aliexpress/models/AliExpressOrderStatus.cpp",68,"🟡","PARTIEL","interface ou module minimal",60,2
"src/elit21/aliexpress/models/AliExpressProduct.cpp",68,"🟡","PARTIEL","interface ou module minimal",56,2
"src/elit21/aliexpress/models/AliExpressProductDescription.cpp",68,"🟡","PARTIEL","interface ou module minimal",67,2
"src/elit21/aliexpress/models/AliExpressProductImage.cpp",68,"🟡","PARTIEL","interface ou module minimal",61,2
"src/elit21/aliexpress/models/AliExpressProductProperty.cpp",68,"🟡","PARTIEL","interface ou module minimal",64,2
"src/elit21/aliexpress/models/AliExpressProductSku.cpp",68,"🟡","PARTIEL","interface ou module minimal",59,2
"src/elit21/aliexpress/models/AliExpressSeller.cpp",68,"🟡","PARTIEL","interface ou module minimal",55,2
"src/elit21/aliexpress/models/AliExpressShippingMethod.cpp",68,"🟡","PARTIEL","interface ou module minimal",63,2
"src/elit21/aliexpress/models/AliExpressTrackingEvent.cpp",68,"🟡","PARTIEL","interface ou module minimal",62,2
"src/elit21/aliexpress/requests/CommissionOrderListRequest.cpp",68,"🟡","PARTIEL","interface ou module minimal",346,3
"src/elit21/aliexpress/requests/DsAddInfoRequest.cpp",68,"🟡","PARTIEL","interface ou module minimal",305,3
"src/elit21/aliexpress/requests/DsImageSearchRequest.cpp",68,"🟡","PARTIEL","interface ou module minimal",328,3
"src/elit21/aliexpress/requests/DsProductGetRequest.cpp",68,"🟡","PARTIEL","interface ou module minimal",318,3
"src/elit21/aliexpress/requests/DsRecommendFeedGetRequest.cpp",68,"🟡","PARTIEL","interface ou module minimal",326,3
"src/elit21/aliexpress/requests/DsTradeOrderGetRequest.cpp",68,"🟡","PARTIEL","interface ou module minimal",326,3
"src/elit21/aliexpress/requests/FindProductByIdForDropshipperRequest.cpp",68,"🟡","PARTIEL","interface ou module minimal",392,3
"src/elit21/aliexpress/requests/FreightCalculateRequest.cpp",68,"🟡","PARTIEL","interface ou module minimal",379,3
"src/elit21/aliexpress/requests/MemberOrderDataSubmitRequest.cpp",68,"🟡","PARTIEL","interface ou module minimal",348,3
"src/elit21/aliexpress/requests/PlaceOrderRequest.cpp",68,"🟡","PARTIEL","interface ou module minimal",351,3
"src/elit21/aliexpress/requests/SimpleProductQueryRequest.cpp",68,"🟡","PARTIEL","interface ou module minimal",344,3
"src/elit21/aliexpress/requests/TrackingInfoQueryRequest.cpp",68,"🟡","PARTIEL","interface ou module minimal",343,3
"src/elit21/aliexpress/requests/TradeDsOrderGetRequest.cpp",68,"🟡","PARTIEL","interface ou module minimal",336,3
"src/elit21/aliexpress/responses/CommissionOrderListResponse.cpp",76,"🟡","ADAPTATEUR PARTAGÉ","invariants métier communs; spécialisation limitée",733,22
"src/elit21/aliexpress/responses/DsAddInfoResponse.cpp",76,"🟡","ADAPTATEUR PARTAGÉ","invariants métier communs; spécialisation limitée",683,22
"src/elit21/aliexpress/responses/DsImageSearchResponse.cpp",76,"🟡","ADAPTATEUR PARTAGÉ","invariants métier communs; spécialisation limitée",703,22
"src/elit21/aliexpress/responses/DsProductGetResponse.cpp",76,"🟡","ADAPTATEUR PARTAGÉ","invariants métier communs; spécialisation limitée",698,22
"src/elit21/aliexpress/responses/DsRecommendFeedGetResponse.cpp",76,"🟡","ADAPTATEUR PARTAGÉ","invariants métier communs; spécialisation limitée",728,22
"src/elit21/aliexpress/responses/DsTradeOrderGetResponse.cpp",76,"🟡","ADAPTATEUR PARTAGÉ","invariants métier communs; spécialisation limitée",713,22
"src/elit21/aliexpress/responses/FindProductByIdForDropshipperResponse.cpp",76,"🟡","ADAPTATEUR PARTAGÉ","invariants métier communs; spécialisation limitée",783,22
"src/elit21/aliexpress/responses/FreightCalculateResponse.cpp",76,"🟡","ADAPTATEUR PARTAGÉ","invariants métier communs; spécialisation limitée",728,22
"src/elit21/aliexpress/responses/MemberOrderDataSubmitResponse.cpp",76,"🟡","ADAPTATEUR PARTAGÉ","invariants métier communs; spécialisation limitée",753,22
"src/elit21/aliexpress/responses/PlaceOrderResponse.cpp",76,"🟡","ADAPTATEUR PARTAGÉ","invariants métier communs; spécialisation limitée",698,22
"src/elit21/aliexpress/responses/SimpleProductQueryResponse.cpp",76,"🟡","ADAPTATEUR PARTAGÉ","invariants métier communs; spécialisation limitée",728,22
"src/elit21/aliexpress/responses/TrackingInfoQueryResponse.cpp",76,"🟡","ADAPTATEUR PARTAGÉ","invariants métier communs; spécialisation limitée",723,22
"src/elit21/aliexpress/responses/TradeDsOrderGetResponse.cpp",76,"🟡","ADAPTATEUR PARTAGÉ","invariants métier communs; spécialisation limitée",713,22
"src/elit21/aliexpress/services/AliExpressCapabilityService.cpp",76,"🟡","ADAPTATEUR PARTAGÉ","invariants métier communs; spécialisation limitée",733,22
"src/elit21/aliexpress/services/AliExpressCatalogService.cpp",76,"🟡","ADAPTATEUR PARTAGÉ","invariants métier communs; spécialisation limitée",718,22
"src/elit21/aliexpress/services/AliExpressCommissionService.cpp",76,"🟡","ADAPTATEUR PARTAGÉ","invariants métier communs; spécialisation limitée",733,22
"src/elit21/aliexpress/services/AliExpressFreightService.cpp",76,"🟡","ADAPTATEUR PARTAGÉ","invariants métier communs; spécialisation limitée",718,22
"src/elit21/aliexpress/services/AliExpressImageSearchService.cpp",76,"🟡","ADAPTATEUR PARTAGÉ","invariants métier communs; spécialisation limitée",734,22
"src/elit21/aliexpress/services/AliExpressMemberReportingService.cpp",76,"🟡","ADAPTATEUR PARTAGÉ","invariants métier communs; spécialisation limitée",760,22
"src/elit21/aliexpress/services/AliExpressOrderService.cpp",76,"🟡","ADAPTATEUR PARTAGÉ","invariants métier communs; spécialisation limitée",708,22
"src/elit21/aliexpress/services/AliExpressProductService.cpp",76,"🟡","ADAPTATEUR PARTAGÉ","invariants métier communs; spécialisation limitée",718,22
"src/elit21/aliexpress/services/AliExpressRecommendationService.cpp",76,"🟡","ADAPTATEUR PARTAGÉ","invariants métier communs; spécialisation limitée",753,22
"src/elit21/aliexpress/services/AliExpressSupplierAccountService.cpp",76,"🟡","ADAPTATEUR PARTAGÉ","invariants métier communs; spécialisation limitée",758,22
"src/elit21/aliexpress/services/AliExpressTrackingService.cpp",76,"🟡","ADAPTATEUR PARTAGÉ","invariants métier communs; spécialisation limitée",723,22
"src/elit21/aliexpress/transport/AliExpressApiTransport.cpp",76,"🟡","ADAPTATEUR PARTAGÉ","invariants métier communs; spécialisation limitée",718,22
"src/elit21/aliexpress/transport/AliExpressIopClient.cpp",76,"🟡","ADAPTATEUR PARTAGÉ","invariants métier communs; spécialisation limitée",703,22
"src/elit21/aliexpress/transport/AliExpressRateLimiter.cpp",76,"🟡","ADAPTATEUR PARTAGÉ","invariants métier communs; spécialisation limitée",713,22
"src/elit21/aliexpress/transport/AliExpressRequest.cpp",68,"🟡","PARTIEL","interface ou module minimal",844,4
"src/elit21/aliexpress/transport/AliExpressTopClient.cpp",76,"🟡","ADAPTATEUR PARTAGÉ","invariants métier communs; spécialisation limitée",703,22
"src/elit21/aliexpress/transport/AliExpressTransportSelector.cpp",76,"🟡","ADAPTATEUR PARTAGÉ","invariants métier communs; spécialisation limitée",743,22
"src/elit21/aliexpress/transport/IopRequest.cpp",76,"🟡","ADAPTATEUR PARTAGÉ","invariants métier communs; spécialisation limitée",658,22
"src/elit21/aliexpress/transport/IopResponse.cpp",76,"🟡","ADAPTATEUR PARTAGÉ","invariants métier communs; spécialisation limitée",663,22
"src/elit21/aliexpress/transport/TopCommonParameters.cpp",68,"🟡","PARTIEL","interface ou module minimal",341,3
"src/elit21/aliexpress/transport/TopRequest.cpp",76,"🟡","ADAPTATEUR PARTAGÉ","invariants métier communs; spécialisation limitée",658,22
"src/elit21/aliexpress/transport/TopRequestSigner.cpp",68,"🟡","PARTIEL","interface ou module minimal",491,4
"src/elit21/aliexpress/transport/TopResponse.cpp",76,"🟡","ADAPTATEUR PARTAGÉ","invariants métier communs; spécialisation limitée",663,22
"src/elit21/aliexpress/transport/TopResponseParser.cpp",76,"🟡","ADAPTATEUR PARTAGÉ","invariants métier communs; spécialisation limitée",696,22
"src/elit21/analytics/Analytics.cpp",68,"🟡","PARTIEL","interface ou module minimal",814,3
"src/elit21/analytics/AnalyticsCoordinator.cpp",76,"🟡","ADAPTATEUR PARTAGÉ","invariants métier communs; spécialisation limitée",644,22
"src/elit21/analytics/CatalogAnalytics.cpp",76,"🟡","ADAPTATEUR PARTAGÉ","invariants métier communs; spécialisation limitée",624,22
"src/elit21/analytics/ConversionAnalytics.cpp",76,"🟡","ADAPTATEUR PARTAGÉ","invariants métier communs; spécialisation limitée",639,22
"src/elit21/analytics/CustomerAnalytics.cpp",76,"🟡","ADAPTATEUR PARTAGÉ","invariants métier communs; spécialisation limitée",629,22
"src/elit21/analytics/DashboardSnapshot.cpp",76,"🟡","ADAPTATEUR PARTAGÉ","invariants métier communs; spécialisation limitée",629,22
"src/elit21/analytics/FulfillmentAnalytics.cpp",76,"🟡","ADAPTATEUR PARTAGÉ","invariants métier communs; spécialisation limitée",644,22
"src/elit21/analytics/InventoryAnalytics.cpp",76,"🟡","ADAPTATEUR PARTAGÉ","invariants métier communs; spécialisation limitée",634,22
"src/elit21/analytics/MarginAnalytics.cpp",76,"🟡","ADAPTATEUR PARTAGÉ","invariants métier communs; spécialisation limitée",619,22
"src/elit21/analytics/OrderAnalytics.cpp",76,"🟡","ADAPTATEUR PARTAGÉ","invariants métier communs; spécialisation limitée",614,22
"src/elit21/analytics/PerformanceIndicator.cpp",76,"🟡","ADAPTATEUR PARTAGÉ","invariants métier communs; spécialisation limitée",654,22
"src/elit21/analytics/ProductPerformanceAnalyzer.cpp",76,"🟡","ADAPTATEUR PARTAGÉ","invariants métier communs; spécialisation limitée",674,22
"src/elit21/analytics/ProfitabilityAnalytics.cpp",76,"🟡","ADAPTATEUR PARTAGÉ","invariants métier communs; spécialisation limitée",654,22
"src/elit21/analytics/RevenueAnalytics.cpp",76,"🟡","ADAPTATEUR PARTAGÉ","invariants métier communs; spécialisation limitée",624,22
"src/elit21/analytics/SalesForecastEngine.cpp",76,"🟡","ADAPTATEUR PARTAGÉ","invariants métier communs; spécialisation limitée",644,22
"src/elit21/analytics/ShippingAnalytics.cpp",76,"🟡","ADAPTATEUR PARTAGÉ","invariants métier communs; spécialisation limitée",629,22
"src/elit21/analytics/SupplierPerformanceAnalyzer.cpp",76,"🟡","ADAPTATEUR PARTAGÉ","invariants métier communs; spécialisation limitée",679,22
"src/elit21/app/Application.cpp",90,"✅","IMPLÉMENTÉ","implémentation substantielle",6398,135
"src/elit21/application/Application.cpp",76,"🟡","ADAPTATEUR PARTAGÉ","invariants métier communs; spécialisation limitée",624,22
"src/elit21/application/ApplicationBootstrap.cpp",76,"🟡","ADAPTATEUR PARTAGÉ","invariants métier communs; spécialisation limitée",669,22
"src/elit21/application/ApplicationContext.cpp",76,"🟡","ADAPTATEUR PARTAGÉ","invariants métier communs; spécialisation limitée",659,22
"src/elit21/application/ApplicationLifecycle.cpp",76,"🟡","ADAPTATEUR PARTAGÉ","invariants métier communs; spécialisation limitée",669,22
"src/elit21/application/ApplicationMode.cpp",76,"🟡","ADAPTATEUR PARTAGÉ","invariants métier communs; spécialisation limitée",644,22
"src/elit21/application/ComponentRegistry.cpp",76,"🟡","ADAPTATEUR PARTAGÉ","invariants métier communs; spécialisation limitée",654,22
"src/elit21/application/DependencyContainer.cpp",76,"🟡","ADAPTATEUR PARTAGÉ","invariants métier communs; spécialisation limitée",664,22
"src/elit21/application/RuntimeCoordinator.cpp",76,"🟡","ADAPTATEUR PARTAGÉ","invariants métier communs; spécialisation limitée",654,22
"src/elit21/application/RuntimeState.cpp",76,"🟡","ADAPTATEUR PARTAGÉ","invariants métier communs; spécialisation limitée",629,22
"src/elit21/application/ServiceRegistry.cpp",76,"🟡","ADAPTATEUR PARTAGÉ","invariants métier communs; spécialisation limitée",639,22
"src/elit21/application/ShutdownCoordinator.cpp",76,"🟡","ADAPTATEUR PARTAGÉ","invariants métier communs; spécialisation limitée",659,22
"src/elit21/application/StartupSequence.cpp",76,"🟡","ADAPTATEUR PARTAGÉ","invariants métier communs; spécialisation limitée",644,22
"src/elit21/application/VersionInformation.cpp",76,"🟡","ADAPTATEUR PARTAGÉ","invariants métier communs; spécialisation limitée",659,22
"src/elit21/automation/ApprovalGate.cpp",76,"🟡","ADAPTATEUR PARTAGÉ","invariants métier communs; spécialisation limitée",615,22
"src/elit21/automation/AutomationAction.cpp",76,"🟡","ADAPTATEUR PARTAGÉ","invariants métier communs; spécialisation limitée",635,22
"src/elit21/automation/AutomationCoordinator.cpp",76,"🟡","ADAPTATEUR PARTAGÉ","invariants métier communs; spécialisation limitée",655,22
"src/elit21/automation/AutomationEngine.cpp",84,"🟢","FONCTIONNEL","code dédié compilable",2302,63
"src/elit21/automation/AutomationEvent.cpp",76,"🟡","ADAPTATEUR PARTAGÉ","invariants métier communs; spécialisation limitée",630,22
"src/elit21/automation/AutomationRule.cpp",76,"🟡","ADAPTATEUR PARTAGÉ","invariants métier communs; spécialisation limitée",625,22
"src/elit21/automation/AutomationRuleEngine.cpp",76,"🟡","ADAPTATEUR PARTAGÉ","invariants métier communs; spécialisation limitée",650,22
"src/elit21/automation/AutomationState.cpp",76,"🟡","ADAPTATEUR PARTAGÉ","invariants métier communs; spécialisation limitée",630,22
"src/elit21/automation/AutomationTrigger.cpp",76,"🟡","ADAPTATEUR PARTAGÉ","invariants métier communs; spécialisation limitée",640,22
"src/elit21/automation/AutonomousDecision.cpp",76,"🟡","ADAPTATEUR PARTAGÉ","invariants métier communs; spécialisation limitée",645,22
"src/elit21/automation/AutonomousManager.cpp",76,"🟡","ADAPTATEUR PARTAGÉ","invariants métier communs; spécialisation limitée",635,22
"src/elit21/automation/AutonomousPolicy.cpp",76,"🟡","ADAPTATEUR PARTAGÉ","invariants métier communs; spécialisation limitée",638,22
"src/elit21/automation/DecisionContext.cpp",76,"🟡","ADAPTATEUR PARTAGÉ","invariants métier communs; spécialisation limitée",630,22
"src/elit21/automation/DecisionEngine.cpp",76,"🟡","ADAPTATEUR PARTAGÉ","invariants métier communs; spécialisation limitée",620,22
"src/elit21/automation/DryRunExecutor.cpp",76,"🟡","ADAPTATEUR PARTAGÉ","invariants métier communs; spécialisation limitée",625,22
"src/elit21/automation/EmergencyKillSwitch.cpp",76,"🟡","ADAPTATEUR PARTAGÉ","invariants métier communs; spécialisation limitée",650,22
"src/elit21/automation/ExceptionEscalationService.cpp",76,"🟡","ADAPTATEUR PARTAGÉ","invariants métier communs; spécialisation limitée",680,22
"src/elit21/automation/HumanApprovalQueue.cpp",76,"🟡","ADAPTATEUR PARTAGÉ","invariants métier communs; spécialisation limitée",645,22
"src/elit21/automation/PolicyEngine.cpp",76,"🟡","ADAPTATEUR PARTAGÉ","invariants métier communs; spécialisation limitée",618,22
"src/elit21/automation/RuleEvaluator.cpp",76,"🟡","ADAPTATEUR PARTAGÉ","invariants métier communs; spécialisation limitée",620,22
"src/elit21/automation/SelfHealingCoordinator.cpp",76,"🟡","ADAPTATEUR PARTAGÉ","invariants métier communs; spécialisation limitée",660,22
"src/elit21/automation/SelfTestManager.cpp",76,"🟡","ADAPTATEUR PARTAGÉ","invariants métier communs; spécialisation limitée",625,22
"src/elit21/automation/SimulationMode.cpp",76,"🟡","ADAPTATEUR PARTAGÉ","invariants métier communs; spécialisation limitée",625,22
"src/elit21/automation/SystemOptimizer.cpp",76,"🟡","ADAPTATEUR PARTAGÉ","invariants métier communs; spécialisation limitée",630,22
"src/elit21/automation/TaskOrchestrator.cpp",76,"🟡","ADAPTATEUR PARTAGÉ","invariants métier communs; spécialisation limitée",630,22
"src/elit21/catalog/CatalogImportCoordinator.cpp",76,"🟡","ADAPTATEUR PARTAGÉ","invariants métier communs; spécialisation limitée",651,22
"src/elit21/catalog/CatalogManager.cpp",90,"✅","IMPLÉMENTÉ","implémentation substantielle",11517,252
"src/elit21/catalog/CatalogReconciliationService.cpp",76,"🟡","ADAPTATEUR PARTAGÉ","invariants métier communs; spécialisation limitée",675,22
"src/elit21/catalog/CollectionAssignmentEngine.cpp",76,"🟡","ADAPTATEUR PARTAGÉ","invariants métier communs; spécialisation limitée",665,22
"src/elit21/catalog/DescriptionCleaner.cpp",76,"🟡","ADAPTATEUR PARTAGÉ","invariants métier communs; spécialisation limitée",630,22
"src/elit21/catalog/DescriptionGenerator.cpp",76,"🟡","ADAPTATEUR PARTAGÉ","invariants métier communs; spécialisation limitée",640,22
"src/elit21/catalog/ImageImportPipeline.cpp",76,"🟡","ADAPTATEUR PARTAGÉ","invariants métier communs; spécialisation limitée",626,22
"src/elit21/catalog/ImagePolicyValidator.cpp",76,"🟡","ADAPTATEUR PARTAGÉ","invariants métier communs; spécialisation limitée",643,22
"src/elit21/catalog/MetafieldBuilder.cpp",76,"🟡","ADAPTATEUR PARTAGÉ","invariants métier communs; spécialisation limitée",623,22
"src/elit21/catalog/ProductArchiveService.cpp",76,"🟡","ADAPTATEUR PARTAGÉ","invariants métier communs; spécialisation limitée",648,22
"src/elit21/catalog/ProductContentNormalizer.cpp",76,"🟡","ADAPTATEUR PARTAGÉ","invariants métier communs; spécialisation limitée",675,22
"src/elit21/catalog/ProductCreationPlan.cpp",76,"🟡","ADAPTATEUR PARTAGÉ","invariants métier communs; spécialisation limitée",635,22
"src/elit21/catalog/ProductImportService.cpp",76,"🟡","ADAPTATEUR PARTAGÉ","invariants métier communs; spécialisation limitée",643,22
"src/elit21/catalog/ProductPublicationService.cpp",76,"🟡","ADAPTATEUR PARTAGÉ","invariants métier communs; spécialisation limitée",660,22
"src/elit21/catalog/ProductSeoBuilder.cpp",76,"🟡","ADAPTATEUR PARTAGÉ","invariants métier communs; spécialisation limitée",640,22
"src/elit21/catalog/ProductTagGenerator.cpp",76,"🟡","ADAPTATEUR PARTAGÉ","invariants métier communs; spécialisation limitée",635,22
"src/elit21/catalog/ProductTitleBuilder.cpp",76,"🟡","ADAPTATEUR PARTAGÉ","invariants métier communs; spécialisation limitée",650,22
"src/elit21/catalog/ProductTranslationService.cpp",76,"🟡","ADAPTATEUR PARTAGÉ","invariants métier communs; spécialisation limitée",660,22
"src/elit21/catalog/ProductUpdateService.cpp",76,"🟡","ADAPTATEUR PARTAGÉ","invariants métier communs; spécialisation limitée",643,22
"src/elit21/catalog/VariantBuilder.cpp",76,"🟡","ADAPTATEUR PARTAGÉ","invariants métier communs; spécialisation limitée",613,22
"src/elit21/catalog/VariantOptionNormalizer.cpp",76,"🟡","ADAPTATEUR PARTAGÉ","invariants métier communs; spécialisation limitée",658,22
"src/elit21/catalog/VendorAttributionPolicy.cpp",76,"🟡","ADAPTATEUR PARTAGÉ","invariants métier communs; spécialisation limitée",658,22
"src/elit21/compliance/CanadaAddressValidator.cpp",76,"🟡","ADAPTATEUR PARTAGÉ","invariants métier communs; spécialisation limitée",676,22
"src/elit21/compliance/CanadaCompliance.cpp",68,"🟡","PARTIEL","interface ou module minimal",1510,6
"src/elit21/compliance/CanadaComplianceCoordinator.cpp",76,"🟡","ADAPTATEUR PARTAGÉ","invariants métier communs; spécialisation limitée",693,22
"src/elit21/compliance/CanadaPostalCodeValidator.cpp",76,"🟡","ADAPTATEUR PARTAGÉ","invariants métier communs; spécialisation limitée",691,22
"src/elit21/compliance/ConsumerDisclosureValidator.cpp",76,"🟡","ADAPTATEUR PARTAGÉ","invariants métier communs; spécialisation limitée",701,22
"src/elit21/compliance/CustomsInformationBuilder.cpp",76,"🟡","ADAPTATEUR PARTAGÉ","invariants métier communs; spécialisation limitée",691,22
"src/elit21/compliance/DataRetentionPolicy.cpp",76,"🟡","ADAPTATEUR PARTAGÉ","invariants métier communs; spécialisation limitée",661,22
"src/elit21/compliance/LanguageComplianceChecker.cpp",76,"🟡","ADAPTATEUR PARTAGÉ","invariants métier communs; spécialisation limitée",691,22
"src/elit21/compliance/PrivacyRequestProcessor.cpp",76,"🟡","ADAPTATEUR PARTAGÉ","invariants métier communs; spécialisation limitée",669,22
"src/elit21/compliance/ProductComplianceDecision.cpp",76,"🟡","ADAPTATEUR PARTAGÉ","invariants métier communs; spécialisation limitée",688,22
"src/elit21/compliance/ProductRestrictionDatabase.cpp",90,"✅","IMPLÉMENTÉ","implémentation substantielle",693,22
"src/elit21/compliance/ProductRestrictionScanner.cpp",76,"🟡","ADAPTATEUR PARTAGÉ","invariants métier communs; spécialisation limitée",688,22
"src/elit21/compliance/ProvinceResolver.cpp",76,"🟡","ADAPTATEUR PARTAGÉ","invariants métier communs; spécialisation limitée",646,22
"src/elit21/compliance/RegulatoryExceptionQueue.cpp",76,"🟡","ADAPTATEUR PARTAGÉ","invariants métier communs; spécialisation limitée",683,22
"src/elit21/compliance/TaxJurisdictionResolver.cpp",76,"🟡","ADAPTATEUR PARTAGÉ","invariants métier communs; spécialisation limitée",681,22
"src/elit21/concurrency/AsyncExecutor.cpp",76,"🟡","ADAPTATEUR PARTAGÉ","invariants métier communs; spécialisation limitée",617,22
"src/elit21/concurrency/CancellationSource.cpp",76,"🟡","ADAPTATEUR PARTAGÉ","invariants métier communs; spécialisation limitée",642,22
"src/elit21/concurrency/CancellationToken.cpp",76,"🟡","ADAPTATEUR PARTAGÉ","invariants métier communs; spécialisation limitée",637,22
"src/elit21/concurrency/ConcurrentMap.cpp",76,"🟡","ADAPTATEUR PARTAGÉ","invariants métier communs; spécialisation limitée",626,22
"src/elit21/concurrency/ConcurrentQueue.cpp",76,"🟡","ADAPTATEUR PARTAGÉ","invariants métier communs; spécialisation limitée",636,22
"src/elit21/concurrency/FutureUtils.cpp",76,"🟡","ADAPTATEUR PARTAGÉ","invariants métier communs; spécialisation limitée",616,22
"src/elit21/concurrency/JobHandle.cpp",76,"🟡","ADAPTATEUR PARTAGÉ","invariants métier communs; spécialisation limitée",606,22
"src/elit21/concurrency/ProcessLock.cpp",76,"🟡","ADAPTATEUR PARTAGÉ","invariants métier communs; spécialisation limitée",607,22
"src/elit21/concurrency/ReadWriteLock.cpp",76,"🟡","ADAPTATEUR PARTAGÉ","invariants métier communs; spécialisation limitée",616,22
"src/elit21/concurrency/Semaphore.cpp",76,"🟡","ADAPTATEUR PARTAGÉ","invariants métier communs; spécialisation limitée",606,22
"src/elit21/concurrency/Task.cpp",76,"🟡","ADAPTATEUR PARTAGÉ","invariants métier communs; spécialisation limitée",581,22
"src/elit21/concurrency/ThreadPool.cpp",76,"🟡","ADAPTATEUR PARTAGÉ","invariants métier communs; spécialisation limitée",601,22
"src/elit21/concurrency/ThreadSafeValue.cpp",76,"🟡","ADAPTATEUR PARTAGÉ","invariants métier communs; spécialisation limitée",626,22
"src/elit21/concurrency/TimedMutex.cpp",76,"🟡","ADAPTATEUR PARTAGÉ","invariants métier communs; spécialisation limitée",611,22
"src/elit21/concurrency/WorkerThread.cpp",76,"🟡","ADAPTATEUR PARTAGÉ","invariants métier communs; spécialisation limitée",611,22
"src/elit21/config/Config.cpp",90,"✅","IMPLÉMENTÉ","implémentation substantielle",12546,239
"src/elit21/configuration/ApplicationConfig.cpp",76,"🟡","ADAPTATEUR PARTAGÉ","invariants métier communs; spécialisation limitée",654,22
"src/elit21/configuration/AutomationConfig.cpp",76,"🟡","ADAPTATEUR PARTAGÉ","invariants métier communs; spécialisation limitée",649,22
"src/elit21/configuration/ConfigurationLoader.cpp",76,"🟡","ADAPTATEUR PARTAGÉ","invariants métier communs; spécialisation limitée",664,22
"src/elit21/configuration/ConfigurationMerger.cpp",76,"🟡","ADAPTATEUR PARTAGÉ","invariants métier communs; spécialisation limitée",664,22
"src/elit21/configuration/ConfigurationPaths.cpp",76,"🟡","ADAPTATEUR PARTAGÉ","invariants métier communs; spécialisation limitée",659,22
"src/elit21/configuration/ConfigurationSchema.cpp",76,"🟡","ADAPTATEUR PARTAGÉ","invariants métier communs; spécialisation limitée",664,22
"src/elit21/configuration/ConfigurationValidator.cpp",76,"🟡","ADAPTATEUR PARTAGÉ","invariants métier communs; spécialisation limitée",682,22
"src/elit21/configuration/ConfigurationWatcher.cpp",76,"🟡","ADAPTATEUR PARTAGÉ","invariants métier communs; spécialisation limitée",669,22
"src/elit21/configuration/DatabaseConfig.cpp",76,"🟡","ADAPTATEUR PARTAGÉ","invariants métier communs; spécialisation limitée",639,22
"src/elit21/configuration/EnvironmentLoader.cpp",76,"🟡","ADAPTATEUR PARTAGÉ","invariants métier communs; spécialisation limitée",654,22
"src/elit21/configuration/FeatureFlagConfig.cpp",76,"🟡","ADAPTATEUR PARTAGÉ","invariants métier communs; spécialisation limitée",654,22
"src/elit21/configuration/FulfillmentConfig.cpp",76,"🟡","ADAPTATEUR PARTAGÉ","invariants métier communs; spécialisation limitée",654,22
"src/elit21/configuration/InventoryConfig.cpp",76,"🟡","ADAPTATEUR PARTAGÉ","invariants métier communs; spécialisation limitée",644,22
"src/elit21/configuration/LoggingConfig.cpp",76,"🟡","ADAPTATEUR PARTAGÉ","invariants métier communs; spécialisation limitée",634,22
"src/elit21/configuration/NotificationConfig.cpp",76,"🟡","ADAPTATEUR PARTAGÉ","invariants métier communs; spécialisation limitée",659,22
"src/elit21/configuration/PricingConfig.cpp",76,"🟡","ADAPTATEUR PARTAGÉ","invariants métier communs; spécialisation limitée",634,22
"src/elit21/configuration/SecurityConfig.cpp",76,"🟡","ADAPTATEUR PARTAGÉ","invariants métier communs; spécialisation limitée",639,22
"src/elit21/configuration/SourcingConfig.cpp",76,"🟡","ADAPTATEUR PARTAGÉ","invariants métier communs; spécialisation limitée",639,22
"src/elit21/configuration/TerminalConfig.cpp",76,"🟡","ADAPTATEUR PARTAGÉ","invariants métier communs; spécialisation limitée",639,22
"src/elit21/core/AtomicCounter.cpp",76,"🟡","ADAPTATEUR PARTAGÉ","invariants métier communs; spécialisation limitée",603,22
"src/elit21/core/Clock.cpp",76,"🟡","ADAPTATEUR PARTAGÉ","invariants métier communs; spécialisation limitée",563,22
"src/elit21/core/DateTime.cpp",76,"🟡","ADAPTATEUR PARTAGÉ","invariants métier communs; spécialisation limitée",578,22
"src/elit21/core/Duration.cpp",76,"🟡","ADAPTATEUR PARTAGÉ","invariants métier communs; spécialisation limitée",578,22
"src/elit21/core/Error.cpp",76,"🟡","ADAPTATEUR PARTAGÉ","invariants métier communs; spécialisation limitée",563,22
"src/elit21/core/ErrorCode.cpp",76,"🟡","ADAPTATEUR PARTAGÉ","invariants métier communs; spécialisation limitée",583,22
"src/elit21/core/Expected.cpp",76,"🟡","ADAPTATEUR PARTAGÉ","invariants métier communs; spécialisation limitée",578,22
"src/elit21/core/Identifier.cpp",76,"🟡","ADAPTATEUR PARTAGÉ","invariants métier communs; spécialisation limitée",588,22
"src/elit21/core/NonCopyable.cpp",76,"🟡","ADAPTATEUR PARTAGÉ","invariants métier communs; spécialisation limitée",593,22
"src/elit21/core/Optional.cpp",76,"🟡","ADAPTATEUR PARTAGÉ","invariants métier communs; spécialisation limitée",578,22
"src/elit21/core/Result.cpp",68,"🟡","PARTIEL","interface ou module minimal",159,8
"src/elit21/core/ScopeGuard.cpp",76,"🟡","ADAPTATEUR PARTAGÉ","invariants métier communs; spécialisation limitée",591,22
"src/elit21/core/Status.cpp",76,"🟡","ADAPTATEUR PARTAGÉ","invariants métier communs; spécialisation limitée",568,22
"src/elit21/core/Stopwatch.cpp",76,"🟡","ADAPTATEUR PARTAGÉ","invariants métier communs; spécialisation limitée",583,22
"src/elit21/core/StringUtils.cpp",76,"🟡","ADAPTATEUR PARTAGÉ","invariants métier communs; spécialisation limitée",593,22
"src/elit21/core/TimeUtils.cpp",76,"🟡","ADAPTATEUR PARTAGÉ","invariants métier communs; spécialisation limitée",583,22
"src/elit21/core/Timestamp.cpp",76,"🟡","ADAPTATEUR PARTAGÉ","invariants métier communs; spécialisation limitée",583,22
"src/elit21/core/TypeId.cpp",76,"🟡","ADAPTATEUR PARTAGÉ","invariants métier communs; spécialisation limitée",568,22
"src/elit21/core/Types.cpp",84,"🟢","FONCTIONNEL","code dédié compilable",1272,37
"src/elit21/core/Uuid.cpp",76,"🟡","ADAPTATEUR PARTAGÉ","invariants métier communs; spécialisation limitée",558,22
"src/elit21/core/ValidationResult.cpp",76,"🟡","ADAPTATEUR PARTAGÉ","invariants métier communs; spécialisation limitée",618,22
"src/elit21/customer_service/BilingualMessageBuilder.cpp",76,"🟡","ADAPTATEUR PARTAGÉ","invariants métier communs; spécialisation limitée",698,22
"src/elit21/customer_service/CustomerMessage.cpp",76,"🟡","ADAPTATEUR PARTAGÉ","invariants métier communs; spécialisation limitée",655,22
"src/elit21/customer_service/CustomerMessageDispatcher.cpp",76,"🟡","ADAPTATEUR PARTAGÉ","invariants métier communs; spécialisation limitée",696,22
"src/elit21/customer_service/CustomerServiceCoordinator.cpp",76,"🟡","ADAPTATEUR PARTAGÉ","invariants métier communs; spécialisation limitée",705,22
"src/elit21/customer_service/DelayNotificationService.cpp",76,"🟡","ADAPTATEUR PARTAGÉ","invariants métier communs; spécialisation limitée",695,22
"src/elit21/customer_service/DeliveryNotificationService.cpp",76,"🟡","ADAPTATEUR PARTAGÉ","invariants métier communs; spécialisation limitée",710,22
"src/elit21/customer_service/EmailNotificationClient.cpp",76,"🟡","ADAPTATEUR PARTAGÉ","invariants métier communs; spécialisation limitée",695,22
"src/elit21/customer_service/MessageTemplateEngine.cpp",76,"🟡","ADAPTATEUR PARTAGÉ","invariants métier communs; spécialisation limitée",675,22
"src/elit21/customer_service/OrderConfirmationService.cpp",76,"🟡","ADAPTATEUR PARTAGÉ","invariants métier communs; spécialisation limitée",695,22
"src/elit21/customer_service/RefundNotificationService.cpp",76,"🟡","ADAPTATEUR PARTAGÉ","invariants métier communs; spécialisation limitée",706,22
"src/elit21/customer_service/SupportCase.cpp",76,"🟡","ADAPTATEUR PARTAGÉ","invariants métier communs; spécialisation limitée",635,22
"src/elit21/customer_service/SupportCaseClassifier.cpp",76,"🟡","ADAPTATEUR PARTAGÉ","invariants métier communs; spécialisation limitée",688,22
"src/elit21/customer_service/SupportCaseRepository.cpp",76,"🟡","ADAPTATEUR PARTAGÉ","invariants métier communs; spécialisation limitée",685,22
"src/elit21/customer_service/TrackingNotificationService.cpp",76,"🟡","ADAPTATEUR PARTAGÉ","invariants métier communs; spécialisation limitée",710,22
"src/elit21/customers/Customer.cpp",76,"🟡","ADAPTATEUR PARTAGÉ","invariants métier communs; spécialisation limitée",585,22
"src/elit21/customers/CustomerAnonymizationService.cpp",76,"🟡","ADAPTATEUR PARTAGÉ","invariants métier communs; spécialisation limitée",680,22
"src/elit21/customers/CustomerConsentService.cpp",76,"🟡","ADAPTATEUR PARTAGÉ","invariants métier communs; spécialisation limitée",650,22
"src/elit21/customers/CustomerDataExporter.cpp",76,"🟡","ADAPTATEUR PARTAGÉ","invariants métier communs; spécialisation limitée",649,22
"src/elit21/customers/CustomerDataSynchronizer.cpp",76,"🟡","ADAPTATEUR PARTAGÉ","invariants métier communs; spécialisation limitée",669,22
"src/elit21/customers/CustomerDeletionService.cpp",76,"🟡","ADAPTATEUR PARTAGÉ","invariants métier communs; spécialisation limitée",655,22
"src/elit21/customers/CustomerIdentityResolver.cpp",76,"🟡","ADAPTATEUR PARTAGÉ","invariants métier communs; spécialisation limitée",681,22
"src/elit21/customers/CustomerProfileService.cpp",76,"🟡","ADAPTATEUR PARTAGÉ","invariants métier communs; spécialisation limitée",650,22
"src/elit21/customers/CustomerRiskProfile.cpp",76,"🟡","ADAPTATEUR PARTAGÉ","invariants métier communs; spécialisation limitée",640,22
"src/elit21/domain/Address.cpp",76,"🟡","ADAPTATEUR PARTAGÉ","invariants métier communs; spécialisation limitée",553,22
"src/elit21/domain/Amount.cpp",76,"🟡","ADAPTATEUR PARTAGÉ","invariants métier communs; spécialisation limitée",557,22
"src/elit21/domain/CountryCode.cpp",76,"🟡","ADAPTATEUR PARTAGÉ","invariants métier communs; spécialisation limitée",582,22
"src/elit21/domain/Currency.cpp",76,"🟡","ADAPTATEUR PARTAGÉ","invariants métier communs; spécialisation limitée",567,22
"src/elit21/domain/CustomerId.cpp",76,"🟡","ADAPTATEUR PARTAGÉ","invariants métier communs; spécialisation limitée",577,22
"src/elit21/domain/EmailAddress.cpp",76,"🟡","ADAPTATEUR PARTAGÉ","invariants métier communs; spécialisation limitée",578,22
"src/elit21/domain/LanguageCode.cpp",76,"🟡","ADAPTATEUR PARTAGÉ","invariants métier communs; spécialisation limitée",587,22
"src/elit21/domain/Money.cpp",76,"🟡","ADAPTATEUR PARTAGÉ","invariants métier communs; spécialisation limitée",552,22
"src/elit21/domain/OrderId.cpp",76,"🟡","ADAPTATEUR PARTAGÉ","invariants métier communs; spécialisation limitée",562,22
"src/elit21/domain/Percentage.cpp",76,"🟡","ADAPTATEUR PARTAGÉ","invariants métier communs; spécialisation limitée",577,22
"src/elit21/domain/PhoneNumber.cpp",76,"🟡","ADAPTATEUR PARTAGÉ","invariants métier communs; spécialisation limitée",582,22
"src/elit21/domain/PostalCode.cpp",76,"🟡","ADAPTATEUR PARTAGÉ","invariants métier communs; spécialisation limitée",577,22
"src/elit21/domain/ProductId.cpp",76,"🟡","ADAPTATEUR PARTAGÉ","invariants métier communs; spécialisation limitée",572,22
"src/elit21/domain/ProvinceCode.cpp",76,"🟡","ADAPTATEUR PARTAGÉ","invariants métier communs; spécialisation limitée",587,22
"src/elit21/domain/Quantity.cpp",76,"🟡","ADAPTATEUR PARTAGÉ","invariants métier communs; spécialisation limitée",567,22
"src/elit21/domain/ShipmentId.cpp",76,"🟡","ADAPTATEUR PARTAGÉ","invariants métier communs; spécialisation limitée",577,22
"src/elit21/domain/Sku.cpp",76,"🟡","ADAPTATEUR PARTAGÉ","invariants métier communs; spécialisation limitée",542,22
"src/elit21/domain/SupplierId.cpp",76,"🟡","ADAPTATEUR PARTAGÉ","invariants métier communs; spécialisation limitée",577,22
"src/elit21/domain/TaxRate.cpp",76,"🟡","ADAPTATEUR PARTAGÉ","invariants métier communs; spécialisation limitée",562,22
"src/elit21/domain/TrackingNumber.cpp",76,"🟡","ADAPTATEUR PARTAGÉ","invariants métier communs; spécialisation limitée",597,22
"src/elit21/domain/VariantId.cpp",76,"🟡","ADAPTATEUR PARTAGÉ","invariants métier communs; spécialisation limitée",572,22
"src/elit21/finance/AccountingEntry.cpp",76,"🟡","ADAPTATEUR PARTAGÉ","invariants métier communs; spécialisation limitée",627,22
"src/elit21/finance/AccountingExporter.cpp",76,"🟡","ADAPTATEUR PARTAGÉ","invariants métier communs; spécialisation limitée",633,22
"src/elit21/finance/CostOfGoodsCalculator.cpp",76,"🟡","ADAPTATEUR PARTAGÉ","invariants métier communs; spécialisation limitée",660,22
"src/elit21/finance/ExpenseTracker.cpp",76,"🟡","ADAPTATEUR PARTAGÉ","invariants métier communs; spécialisation limitée",613,22
"src/elit21/finance/FinancialLedger.cpp",76,"🟡","ADAPTATEUR PARTAGÉ","invariants métier communs; spécialisation limitée",627,22
"src/elit21/finance/FinancialReconciliationService.cpp",76,"🟡","ADAPTATEUR PARTAGÉ","invariants métier communs; spécialisation limitée",697,22
"src/elit21/finance/GrossProfitCalculator.cpp",76,"🟡","ADAPTATEUR PARTAGÉ","invariants métier communs; spécialisation limitée",660,22
"src/elit21/finance/NetProfitCalculator.cpp",76,"🟡","ADAPTATEUR PARTAGÉ","invariants métier communs; spécialisation limitée",650,22
"src/elit21/finance/OrderProfitabilityCalculator.cpp",76,"🟡","ADAPTATEUR PARTAGÉ","invariants métier communs; spécialisation limitée",705,22
"src/elit21/finance/PaymentFeeReconciler.cpp",76,"🟡","ADAPTATEUR PARTAGÉ","invariants métier communs; spécialisation limitée",643,22
"src/elit21/finance/PayoutReconciliationService.cpp",76,"🟡","ADAPTATEUR PARTAGÉ","invariants métier communs; spécialisation limitée",682,22
"src/elit21/finance/RevenueTracker.cpp",76,"🟡","ADAPTATEUR PARTAGÉ","invariants métier communs; spécialisation limitée",622,22
"src/elit21/finance/TaxReportExporter.cpp",76,"🟡","ADAPTATEUR PARTAGÉ","invariants métier communs; spécialisation limitée",629,22
"src/elit21/finance/TransactionRecord.cpp",76,"🟡","ADAPTATEUR PARTAGÉ","invariants métier communs; spécialisation limitée",637,22
"src/elit21/fulfillment/CarrierDetectionService.cpp",76,"🟡","ADAPTATEUR PARTAGÉ","invariants métier communs; spécialisation limitée",680,22
"src/elit21/fulfillment/DeliveryConfirmationService.cpp",76,"🟡","ADAPTATEUR PARTAGÉ","invariants métier communs; spécialisation limitée",700,22
"src/elit21/fulfillment/DeliveryEstimateCalculator.cpp",76,"🟡","ADAPTATEUR PARTAGÉ","invariants métier communs; spécialisation limitée",703,22
"src/elit21/fulfillment/FulfillmentCoordinator.cpp",76,"🟡","ADAPTATEUR PARTAGÉ","invariants métier communs; spécialisation limitée",675,22
"src/elit21/fulfillment/FulfillmentCreationService.cpp",76,"🟡","ADAPTATEUR PARTAGÉ","invariants métier communs; spécialisation limitée",695,22
"src/elit21/fulfillment/FulfillmentManager.cpp",97,"✅","MÉTIER AVANCÉ","logique métier et intégration détectées",6239,150
"src/elit21/fulfillment/FulfillmentReconciliationService.cpp",76,"🟡","ADAPTATEUR PARTAGÉ","invariants métier communs; spécialisation limitée",725,22
"src/elit21/fulfillment/LateShipmentDetector.cpp",76,"🟡","ADAPTATEUR PARTAGÉ","invariants métier communs; spécialisation limitée",660,22
"src/elit21/fulfillment/LostShipmentDetector.cpp",76,"🟡","ADAPTATEUR PARTAGÉ","invariants métier communs; spécialisation limitée",660,22
"src/elit21/fulfillment/PartialFulfillmentCoordinator.cpp",76,"🟡","ADAPTATEUR PARTAGÉ","invariants métier communs; spécialisation limitée",710,22
"src/elit21/fulfillment/Shipment.cpp",76,"🟡","ADAPTATEUR PARTAGÉ","invariants métier communs; spécialisation limitée",610,22
"src/elit21/fulfillment/ShipmentMonitor.cpp",76,"🟡","ADAPTATEUR PARTAGÉ","invariants métier communs; spécialisation limitée",635,22
"src/elit21/fulfillment/ShipmentStateMachine.cpp",76,"🟡","ADAPTATEUR PARTAGÉ","invariants métier communs; spécialisation limitée",670,22
"src/elit21/fulfillment/ShippingMethodSelector.cpp",76,"🟡","ADAPTATEUR PARTAGÉ","invariants métier communs; spécialisation limitée",680,22
"src/elit21/fulfillment/TrackingEvent.cpp",76,"🟡","ADAPTATEUR PARTAGÉ","invariants métier communs; spécialisation limitée",635,22
"src/elit21/fulfillment/TrackingEventNormalizer.cpp",76,"🟡","ADAPTATEUR PARTAGÉ","invariants métier communs; spécialisation limitée",705,22
"src/elit21/fulfillment/TrackingPollingPolicy.cpp",76,"🟡","ADAPTATEUR PARTAGÉ","invariants métier communs; spécialisation limitée",695,22
"src/elit21/fulfillment/TrackingSynchronizationService.cpp",76,"🟡","ADAPTATEUR PARTAGÉ","invariants métier communs; spécialisation limitée",728,22
"src/elit21/fulfillment/UntrackedShipmentHandler.cpp",76,"🟡","ADAPTATEUR PARTAGÉ","invariants métier communs; spécialisation limitée",690,22
"src/elit21/inventory/AvailabilityDecision.cpp",76,"🟡","ADAPTATEUR PARTAGÉ","invariants métier communs; spécialisation limitée",660,22
"src/elit21/inventory/InventoryCoordinator.cpp",76,"🟡","ADAPTATEUR PARTAGÉ","invariants métier communs; spécialisation limitée",655,22
"src/elit21/inventory/InventoryLevel.cpp",76,"🟡","ADAPTATEUR PARTAGÉ","invariants métier communs; spécialisation limitée",630,22
"src/elit21/inventory/InventoryManager.cpp",90,"✅","IMPLÉMENTÉ","implémentation substantielle",14202,291
"src/elit21/inventory/InventoryPoller.cpp",76,"🟡","ADAPTATEUR PARTAGÉ","invariants métier communs; spécialisation limitée",635,22
"src/elit21/inventory/InventoryReconciliationService.cpp",76,"🟡","ADAPTATEUR PARTAGÉ","invariants métier communs; spécialisation limitée",705,22
"src/elit21/inventory/InventoryReservation.cpp",76,"🟡","ADAPTATEUR PARTAGÉ","invariants métier communs; spécialisation limitée",660,22
"src/elit21/inventory/InventorySafetyBuffer.cpp",76,"🟡","ADAPTATEUR PARTAGÉ","invariants métier communs; spécialisation limitée",665,22
"src/elit21/inventory/InventorySnapshot.cpp",76,"🟡","ADAPTATEUR PARTAGÉ","invariants métier communs; spécialisation limitée",635,22
"src/elit21/inventory/InventoryStalenessDetector.cpp",76,"🟡","ADAPTATEUR PARTAGÉ","invariants métier communs; spécialisation limitée",680,22
"src/elit21/inventory/InventorySynchronizationService.cpp",76,"🟡","ADAPTATEUR PARTAGÉ","invariants métier communs; spécialisation limitée",711,22
"src/elit21/inventory/OutOfStockHandler.cpp",76,"🟡","ADAPTATEUR PARTAGÉ","invariants métier communs; spécialisation limitée",645,22
"src/elit21/inventory/OversellPreventionGuard.cpp",76,"🟡","ADAPTATEUR PARTAGÉ","invariants métier communs; spécialisation limitée",678,22
"src/elit21/inventory/ProductAvailabilityService.cpp",76,"🟡","ADAPTATEUR PARTAGÉ","invariants métier communs; spécialisation limitée",685,22
"src/elit21/inventory/RestockDetector.cpp",76,"🟡","ADAPTATEUR PARTAGÉ","invariants métier communs; spécialisation limitée",625,22
"src/elit21/inventory/SafetyStockPolicy.cpp",76,"🟡","ADAPTATEUR PARTAGÉ","invariants métier communs; spécialisation limitée",653,22
"src/elit21/inventory/StockChangeAnalyzer.cpp",76,"🟡","ADAPTATEUR PARTAGÉ","invariants métier communs; spécialisation limitée",645,22
"src/elit21/inventory/StockPollingPolicy.cpp",76,"🟡","ADAPTATEUR PARTAGÉ","invariants métier communs; spécialisation limitée",658,22
"src/elit21/inventory/VariantAvailabilityService.cpp",76,"🟡","ADAPTATEUR PARTAGÉ","invariants métier communs; spécialisation limitée",685,22
"src/elit21/json/Json.cpp",84,"🟢","FONCTIONNEL","code dédié compilable",5618,56
"src/elit21/logging/Logger.cpp",84,"🟢","FONCTIONNEL","code dédié compilable",1603,40
"src/elit21/mapping/AddressMapper.cpp",76,"🟡","ADAPTATEUR PARTAGÉ","invariants métier communs; spécialisation limitée",607,22
"src/elit21/mapping/CarrierMapper.cpp",76,"🟡","ADAPTATEUR PARTAGÉ","invariants métier communs; spécialisation limitée",607,22
"src/elit21/mapping/CategoryMapper.cpp",76,"🟡","ADAPTATEUR PARTAGÉ","invariants métier communs; spécialisation limitée",612,22
"src/elit21/mapping/CollectionMapper.cpp",76,"🟡","ADAPTATEUR PARTAGÉ","invariants métier communs; spécialisation limitée",622,22
"src/elit21/mapping/CurrencyMapper.cpp",76,"🟡","ADAPTATEUR PARTAGÉ","invariants métier communs; spécialisation limitée",612,22
"src/elit21/mapping/CustomerMapper.cpp",76,"🟡","ADAPTATEUR PARTAGÉ","invariants métier communs; spécialisation limitée",625,22
"src/elit21/mapping/FulfillmentStatusMapper.cpp",76,"🟡","ADAPTATEUR PARTAGÉ","invariants métier communs; spécialisation limitée",679,22
"src/elit21/mapping/InventoryMapper.cpp",76,"🟡","ADAPTATEUR PARTAGÉ","invariants métier communs; spécialisation limitée",622,22
"src/elit21/mapping/LanguageMapper.cpp",76,"🟡","ADAPTATEUR PARTAGÉ","invariants métier communs; spécialisation limitée",612,22
"src/elit21/mapping/OrderMapper.cpp",76,"🟡","ADAPTATEUR PARTAGÉ","invariants métier communs; spécialisation limitée",607,22
"src/elit21/mapping/OrderStatusMapper.cpp",76,"🟡","ADAPTATEUR PARTAGÉ","invariants métier communs; spécialisation limitée",637,22
"src/elit21/mapping/ProductMapper.cpp",76,"🟡","ADAPTATEUR PARTAGÉ","invariants métier communs; spécialisation limitée",619,22
"src/elit21/mapping/ProductMapping.cpp",76,"🟡","ADAPTATEUR PARTAGÉ","invariants métier communs; spécialisation limitée",609,22
"src/elit21/mapping/ProductMappingService.cpp",76,"🟡","ADAPTATEUR PARTAGÉ","invariants métier communs; spécialisation limitée",639,22
"src/elit21/mapping/ShippingMethodMapper.cpp",76,"🟡","ADAPTATEUR PARTAGÉ","invariants métier communs; spécialisation limitée",642,22
"src/elit21/mapping/SkuMapper.cpp",76,"🟡","ADAPTATEUR PARTAGÉ","invariants métier communs; spécialisation limitée",587,22
"src/elit21/mapping/TrackingStatusMapper.cpp",76,"🟡","ADAPTATEUR PARTAGÉ","invariants métier communs; spécialisation limitée",659,22
"src/elit21/mapping/VariantMapper.cpp",76,"🟡","ADAPTATEUR PARTAGÉ","invariants métier communs; spécialisation limitée",607,22
"src/elit21/mapping/VariantMapping.cpp",76,"🟡","ADAPTATEUR PARTAGÉ","invariants métier communs; spécialisation limitée",609,22
"src/elit21/messaging/Command.cpp",76,"🟡","ADAPTATEUR PARTAGÉ","invariants métier communs; spécialisation limitée",579,22
"src/elit21/messaging/CommandBus.cpp",76,"🟡","ADAPTATEUR PARTAGÉ","invariants métier communs; spécialisation limitée",594,22
"src/elit21/messaging/CommandHandler.cpp",76,"🟡","ADAPTATEUR PARTAGÉ","invariants métier communs; spécialisation limitée",614,22
"src/elit21/messaging/DomainEvent.cpp",76,"🟡","ADAPTATEUR PARTAGÉ","invariants métier communs; spécialisation limitée",599,22
"src/elit21/messaging/EventBus.cpp",76,"🟡","ADAPTATEUR PARTAGÉ","invariants métier communs; spécialisation limitée",584,22
"src/elit21/messaging/EventEnvelope.cpp",76,"🟡","ADAPTATEUR PARTAGÉ","invariants métier communs; spécialisation limitée",609,22
"src/elit21/messaging/EventHandler.cpp",76,"🟡","ADAPTATEUR PARTAGÉ","invariants métier communs; spécialisation limitée",604,22
"src/elit21/messaging/EventSerializer.cpp",76,"🟡","ADAPTATEUR PARTAGÉ","invariants métier communs; spécialisation limitée",622,22
"src/elit21/messaging/Message.cpp",76,"🟡","ADAPTATEUR PARTAGÉ","invariants métier communs; spécialisation limitée",579,22
"src/elit21/messaging/MessageDispatcher.cpp",76,"🟡","ADAPTATEUR PARTAGÉ","invariants métier communs; spécialisation limitée",620,22
"src/elit21/messaging/MessageHeaders.cpp",76,"🟡","ADAPTATEUR PARTAGÉ","invariants métier communs; spécialisation limitée",614,22
"src/elit21/messaging/MessageRouter.cpp",76,"🟡","ADAPTATEUR PARTAGÉ","invariants métier communs; spécialisation limitée",609,22
"src/elit21/messaging/Query.cpp",76,"🟡","ADAPTATEUR PARTAGÉ","invariants métier communs; spécialisation limitée",559,22
"src/elit21/messaging/QueryBus.cpp",76,"🟡","ADAPTATEUR PARTAGÉ","invariants métier communs; spécialisation limitée",574,22
"src/elit21/messaging/QueryHandler.cpp",76,"🟡","ADAPTATEUR PARTAGÉ","invariants métier communs; spécialisation limitée",594,22
"src/elit21/net/HttpClient.cpp",90,"✅","IMPLÉMENTÉ","implémentation substantielle",7575,201
"src/elit21/net/HttpServer.cpp",90,"✅","IMPLÉMENTÉ","implémentation substantielle",8534,246
"src/elit21/network/CurlGlobalContext.cpp",76,"🟡","ADAPTATEUR PARTAGÉ","invariants métier communs; spécialisation limitée",627,22
"src/elit21/network/FormEncoder.cpp",76,"🟡","ADAPTATEUR PARTAGÉ","invariants métier communs; spécialisation limitée",597,22
"src/elit21/network/HeaderCollection.cpp",76,"🟡","ADAPTATEUR PARTAGÉ","invariants métier communs; spécialisation limitée",622,22
"src/elit21/network/HttpClient.cpp",90,"✅","IMPLÉMENTÉ","implémentation substantielle",592,22
"src/elit21/network/HttpClientPool.cpp",90,"✅","IMPLÉMENTÉ","implémentation substantielle",612,22
"src/elit21/network/HttpMethod.cpp",76,"🟡","ADAPTATEUR PARTAGÉ","invariants métier communs; spécialisation limitée",592,22
"src/elit21/network/HttpRequest.cpp",76,"🟡","ADAPTATEUR PARTAGÉ","invariants métier communs; spécialisation limitée",597,22
"src/elit21/network/HttpResponse.cpp",76,"🟡","ADAPTATEUR PARTAGÉ","invariants métier communs; spécialisation limitée",602,22
"src/elit21/network/HttpServer.cpp",90,"✅","IMPLÉMENTÉ","implémentation substantielle",592,22
"src/elit21/network/HttpStatus.cpp",76,"🟡","ADAPTATEUR PARTAGÉ","invariants métier communs; spécialisation limitée",592,22
"src/elit21/network/JsonHttpClient.cpp",90,"✅","IMPLÉMENTÉ","implémentation substantielle",612,22
"src/elit21/network/MultipartBuilder.cpp",76,"🟡","ADAPTATEUR PARTAGÉ","invariants métier communs; spécialisation limitée",625,22
"src/elit21/network/NetworkDiagnostics.cpp",76,"🟡","ADAPTATEUR PARTAGÉ","invariants métier communs; spécialisation limitée",632,22
"src/elit21/network/NetworkError.cpp",76,"🟡","ADAPTATEUR PARTAGÉ","invariants métier communs; spécialisation limitée",602,22
"src/elit21/network/ProxyConfiguration.cpp",76,"🟡","ADAPTATEUR PARTAGÉ","invariants métier communs; spécialisation limitée",632,22
"src/elit21/network/RequestInterceptor.cpp",76,"🟡","ADAPTATEUR PARTAGÉ","invariants métier communs; spécialisation limitée",632,22
"src/elit21/network/ResponseInterceptor.cpp",76,"🟡","ADAPTATEUR PARTAGÉ","invariants métier communs; spécialisation limitée",637,22
"src/elit21/network/Route.cpp",76,"🟡","ADAPTATEUR PARTAGÉ","invariants métier communs; spécialisation limitée",567,22
"src/elit21/network/Router.cpp",76,"🟡","ADAPTATEUR PARTAGÉ","invariants métier communs; spécialisation limitée",572,22
"src/elit21/network/TlsConfiguration.cpp",76,"🟡","ADAPTATEUR PARTAGÉ","invariants métier communs; spécialisation limitée",622,22
"src/elit21/network/Url.cpp",76,"🟡","ADAPTATEUR PARTAGÉ","invariants métier communs; spécialisation limitée",557,22
"src/elit21/network/UrlBuilder.cpp",76,"🟡","ADAPTATEUR PARTAGÉ","invariants métier communs; spécialisation limitée",595,22
"src/elit21/network/WebhookHttpServer.cpp",90,"✅","IMPLÉMENTÉ","implémentation substantielle",627,22
"src/elit21/observability/Alert.cpp",76,"🟡","ADAPTATEUR PARTAGÉ","invariants métier communs; spécialisation limitée",598,22
"src/elit21/observability/AlertDispatcher.cpp",76,"🟡","ADAPTATEUR PARTAGÉ","invariants métier communs; spécialisation limitée",639,22
"src/elit21/observability/AuditLogger.cpp",76,"🟡","ADAPTATEUR PARTAGÉ","invariants métier communs; spécialisation limitée",628,22
"src/elit21/observability/ConsoleLogSink.cpp",76,"🟡","ADAPTATEUR PARTAGÉ","invariants métier communs; spécialisation limitée",643,22
"src/elit21/observability/CrashReporter.cpp",76,"🟡","ADAPTATEUR PARTAGÉ","invariants métier communs; spécialisation limitée",638,22
"src/elit21/observability/FileLogSink.cpp",76,"🟡","ADAPTATEUR PARTAGÉ","invariants métier communs; spécialisation limitée",628,22
"src/elit21/observability/HealthCheck.cpp",76,"🟡","ADAPTATEUR PARTAGÉ","invariants métier communs; spécialisation limitée",618,22
"src/elit21/observability/HealthCheckRegistry.cpp",76,"🟡","ADAPTATEUR PARTAGÉ","invariants métier communs; spécialisation limitée",658,22
"src/elit21/observability/HealthMonitor.cpp",76,"🟡","ADAPTATEUR PARTAGÉ","invariants métier communs; spécialisation limitée",628,22
"src/elit21/observability/LogEntry.cpp",76,"🟡","ADAPTATEUR PARTAGÉ","invariants métier communs; spécialisation limitée",613,22
"src/elit21/observability/LogLevel.cpp",76,"🟡","ADAPTATEUR PARTAGÉ","invariants métier communs; spécialisation limitée",613,22
"src/elit21/observability/LogSink.cpp",76,"🟡","ADAPTATEUR PARTAGÉ","invariants métier communs; spécialisation limitée",608,22
"src/elit21/observability/Logger.cpp",76,"🟡","ADAPTATEUR PARTAGÉ","invariants métier communs; spécialisation limitée",603,22
"src/elit21/observability/Metric.cpp",76,"🟡","ADAPTATEUR PARTAGÉ","invariants métier communs; spécialisation limitée",603,22
"src/elit21/observability/MetricRegistry.cpp",76,"🟡","ADAPTATEUR PARTAGÉ","invariants métier communs; spécialisation limitée",643,22
"src/elit21/observability/PerformanceProfiler.cpp",76,"🟡","ADAPTATEUR PARTAGÉ","invariants métier communs; spécialisation limitée",668,22
"src/elit21/observability/StructuredLogger.cpp",76,"🟡","ADAPTATEUR PARTAGÉ","invariants métier communs; spécialisation limitée",653,22
"src/elit21/observability/TraceContext.cpp",76,"🟡","ADAPTATEUR PARTAGÉ","invariants métier communs; spécialisation limitée",633,22
"src/elit21/observability/Tracer.cpp",76,"🟡","ADAPTATEUR PARTAGÉ","invariants métier communs; spécialisation limitée",603,22
"src/elit21/observability/UptimeMonitor.cpp",76,"🟡","ADAPTATEUR PARTAGÉ","invariants métier communs; spécialisation limitée",628,22
"src/elit21/orders/AddressValidationService.cpp",76,"🟡","ADAPTATEUR PARTAGÉ","invariants métier communs; spécialisation limitée",658,22
"src/elit21/orders/AutomaticOrderProcessor.cpp",76,"🟡","ADAPTATEUR PARTAGÉ","invariants métier communs; spécialisation limitée",663,22
"src/elit21/orders/CustomerOrder.cpp",76,"🟡","ADAPTATEUR PARTAGÉ","invariants métier communs; spécialisation limitée",612,22
"src/elit21/orders/CustomerOrderLine.cpp",76,"🟡","ADAPTATEUR PARTAGÉ","invariants métier communs; spécialisation limitée",632,22
"src/elit21/orders/FreightSelectionPolicy.cpp",76,"🟡","ADAPTATEUR PARTAGÉ","invariants métier communs; spécialisation limitée",660,22
"src/elit21/orders/OrderCancellationCoordinator.cpp",76,"🟡","ADAPTATEUR PARTAGÉ","invariants métier communs; spécialisation limitée",688,22
"src/elit21/orders/OrderCaptureService.cpp",76,"🟡","ADAPTATEUR PARTAGÉ","invariants métier communs; spécialisation limitée",637,22
"src/elit21/orders/OrderDeduplicationService.cpp",76,"🟡","ADAPTATEUR PARTAGÉ","invariants métier communs; spécialisation limitée",667,22
"src/elit21/orders/OrderExceptionHandler.cpp",76,"🟡","ADAPTATEUR PARTAGÉ","invariants métier communs; spécialisation limitée",652,22
"src/elit21/orders/OrderFraudScreen.cpp",76,"🟡","ADAPTATEUR PARTAGÉ","invariants métier communs; spécialisation limitée",627,22
"src/elit21/orders/OrderManager.cpp",90,"✅","IMPLÉMENTÉ","implémentation substantielle",14165,276
"src/elit21/orders/OrderMappingService.cpp",76,"🟡","ADAPTATEUR PARTAGÉ","invariants métier communs; spécialisation limitée",637,22
"src/elit21/orders/OrderNormalizationService.cpp",76,"🟡","ADAPTATEUR PARTAGÉ","invariants métier communs; spécialisation limitée",667,22
"src/elit21/orders/OrderPlacementCoordinator.cpp",76,"🟡","ADAPTATEUR PARTAGÉ","invariants métier communs; spécialisation limitée",673,22
"src/elit21/orders/OrderPlacementSaga.cpp",76,"🟡","ADAPTATEUR PARTAGÉ","invariants métier communs; spécialisation limitée",638,22
"src/elit21/orders/OrderReconciliationService.cpp",76,"🟡","ADAPTATEUR PARTAGÉ","invariants métier communs; spécialisation limitée",672,22
"src/elit21/orders/OrderRiskDecision.cpp",76,"🟡","ADAPTATEUR PARTAGÉ","invariants métier communs; spécialisation limitée",632,22
"src/elit21/orders/OrderStateMachine.cpp",76,"🟡","ADAPTATEUR PARTAGÉ","invariants métier communs; spécialisation limitée",632,22
"src/elit21/orders/OrderValidationService.cpp",76,"🟡","ADAPTATEUR PARTAGÉ","invariants métier communs; spécialisation limitée",652,22
"src/elit21/orders/PartialOrderCoordinator.cpp",76,"🟡","ADAPTATEUR PARTAGÉ","invariants métier communs; spécialisation limitée",657,22
"src/elit21/orders/PaymentAuthorizationGate.cpp",76,"🟡","ADAPTATEUR PARTAGÉ","invariants métier communs; spécialisation limitée",667,22
"src/elit21/orders/ShippingAddressSanitizer.cpp",76,"🟡","ADAPTATEUR PARTAGÉ","invariants métier communs; spécialisation limitée",670,22
"src/elit21/orders/SplitOrderPlanner.cpp",76,"🟡","ADAPTATEUR PARTAGÉ","invariants métier communs; spécialisation limitée",632,22
"src/elit21/orders/SupplierOrder.cpp",76,"🟡","ADAPTATEUR PARTAGÉ","invariants métier communs; spécialisation limitée",612,22
"src/elit21/orders/SupplierOrderLine.cpp",76,"🟡","ADAPTATEUR PARTAGÉ","invariants métier communs; spécialisation limitée",632,22
"src/elit21/orders/SupplierOrderPaymentCoordinator.cpp",76,"🟡","ADAPTATEUR PARTAGÉ","invariants métier communs; spécialisation limitée",697,22
"src/elit21/orders/SupplierOrderStatusSynchronizer.cpp",76,"🟡","ADAPTATEUR PARTAGÉ","invariants métier communs; spécialisation limitée",703,22
"src/elit21/platform/BusinessComponent.cpp",90,"✅","IMPLÉMENTÉ","implémentation substantielle",24410,401
"src/elit21/platform/ManagedComponent.cpp",90,"✅","IMPLÉMENTÉ","implémentation substantielle",4598,153
"src/elit21/pricing/AliExpressCostCalculator.cpp",76,"🟡","ADAPTATEUR PARTAGÉ","invariants métier communs; spécialisation limitée",680,22
"src/elit21/pricing/CurrencyConversionService.cpp",76,"🟡","ADAPTATEUR PARTAGÉ","invariants métier communs; spécialisation limitée",677,22
"src/elit21/pricing/DutyEstimator.cpp",76,"🟡","ADAPTATEUR PARTAGÉ","invariants métier communs; spécialisation limitée",625,22
"src/elit21/pricing/ExchangeRateCache.cpp",76,"🟡","ADAPTATEUR PARTAGÉ","invariants métier communs; spécialisation limitée",642,22
"src/elit21/pricing/FeeCalculator.cpp",76,"🟡","ADAPTATEUR PARTAGÉ","invariants métier communs; spécialisation limitée",625,22
"src/elit21/pricing/FreightCostCalculator.cpp",76,"🟡","ADAPTATEUR PARTAGÉ","invariants métier communs; spécialisation limitée",665,22
"src/elit21/pricing/MarginCalculator.cpp",76,"🟡","ADAPTATEUR PARTAGÉ","invariants métier communs; spécialisation limitée",659,22
"src/elit21/pricing/MinimumPriceGuard.cpp",76,"🟡","ADAPTATEUR PARTAGÉ","invariants métier communs; spécialisation limitée",664,22
"src/elit21/pricing/PriceAnomalyDetector.cpp",76,"🟡","ADAPTATEUR PARTAGÉ","invariants métier communs; spécialisation limitée",647,22
"src/elit21/pricing/PriceChangeDecision.cpp",76,"🟡","ADAPTATEUR PARTAGÉ","invariants métier communs; spécialisation limitée",652,22
"src/elit21/pricing/PriceHistoryService.cpp",76,"🟡","ADAPTATEUR PARTAGÉ","invariants métier communs; spécialisation limitée",647,22
"src/elit21/pricing/PricePolicy.cpp",76,"🟡","ADAPTATEUR PARTAGÉ","invariants métier communs; spécialisation limitée",634,22
"src/elit21/pricing/PriceReconciliationService.cpp",76,"🟡","ADAPTATEUR PARTAGÉ","invariants métier communs; spécialisation limitée",682,22
"src/elit21/pricing/PriceRoundingPolicy.cpp",76,"🟡","ADAPTATEUR PARTAGÉ","invariants métier communs; spécialisation limitée",674,22
"src/elit21/pricing/PriceSynchronizationService.cpp",76,"🟡","ADAPTATEUR PARTAGÉ","invariants métier communs; spécialisation limitée",702,22
"src/elit21/pricing/PricingEngine.cpp",97,"✅","MÉTIER AVANCÉ","logique métier et intégration détectées",2596,51
"src/elit21/pricing/PromotionalPricePlanner.cpp",76,"🟡","ADAPTATEUR PARTAGÉ","invariants métier communs; spécialisation limitée",672,22
"src/elit21/pricing/PsychologicalPricingPolicy.cpp",76,"🟡","ADAPTATEUR PARTAGÉ","invariants métier communs; spécialisation limitée",709,22
"src/elit21/pricing/RepricingCoordinator.cpp",76,"🟡","ADAPTATEUR PARTAGÉ","invariants métier communs; spécialisation limitée",652,22
"src/elit21/pricing/ShopifyFeeEstimator.cpp",97,"✅","SHOPIFY TRANSACTIONNEL","monnaie sûre, états, admission, confidentialité ou readiness",4541,86
"src/elit21/pricing/TargetMarginPolicy.cpp",76,"🟡","ADAPTATEUR PARTAGÉ","invariants métier communs; spécialisation limitée",669,22
"src/elit21/pricing/TaxEstimator.cpp",76,"🟡","ADAPTATEUR PARTAGÉ","invariants métier communs; spécialisation limitée",620,22
"src/elit21/progress/ProjectProgressAnalyzer.cpp",97,"✅","MÉTIER AVANCÉ","logique métier et intégration détectées",25388,418
"src/elit21/reports/DailyReportGenerator.cpp",76,"🟡","ADAPTATEUR PARTAGÉ","invariants métier communs; spécialisation limitée",648,22
"src/elit21/reports/FinancialReportGenerator.cpp",76,"🟡","ADAPTATEUR PARTAGÉ","invariants métier communs; spécialisation limitée",668,22
"src/elit21/reports/InventoryReportGenerator.cpp",76,"🟡","ADAPTATEUR PARTAGÉ","invariants métier communs; spécialisation limitée",668,22
"src/elit21/reports/MonthlyReportGenerator.cpp",76,"🟡","ADAPTATEUR PARTAGÉ","invariants métier communs; spécialisation limitée",658,22
"src/elit21/reports/OrderReportGenerator.cpp",76,"🟡","ADAPTATEUR PARTAGÉ","invariants métier communs; spécialisation limitée",648,22
"src/elit21/reports/ProductReportGenerator.cpp",76,"🟡","ADAPTATEUR PARTAGÉ","invariants métier communs; spécialisation limitée",658,22
"src/elit21/reports/Report.cpp",76,"🟡","ADAPTATEUR PARTAGÉ","invariants métier communs; spécialisation limitée",578,22
"src/elit21/reports/ReportExporter.cpp",76,"🟡","ADAPTATEUR PARTAGÉ","invariants métier communs; spécialisation limitée",610,22
"src/elit21/reports/ReportGenerator.cpp",68,"🟡","PARTIEL","interface ou module minimal",542,6
"src/elit21/reports/ReportScheduler.cpp",76,"🟡","ADAPTATEUR PARTAGÉ","invariants métier communs; spécialisation limitée",615,22
"src/elit21/reports/SupplierReportGenerator.cpp",76,"🟡","ADAPTATEUR PARTAGÉ","invariants métier communs; spécialisation limitée",663,22
"src/elit21/reports/WeeklyReportGenerator.cpp",76,"🟡","ADAPTATEUR PARTAGÉ","invariants métier communs; spécialisation limitée",653,22
"src/elit21/repositories/AuditRepository.cpp",76,"🟡","ADAPTATEUR PARTAGÉ","invariants métier communs; spécialisation limitée",626,22
"src/elit21/repositories/ConfigurationRepository.cpp",76,"🟡","ADAPTATEUR PARTAGÉ","invariants métier communs; spécialisation limitée",666,22
"src/elit21/repositories/CustomerMessageRepository.cpp",76,"🟡","ADAPTATEUR PARTAGÉ","invariants métier communs; spécialisation limitée",676,22
"src/elit21/repositories/CustomerRepository.cpp",76,"🟡","ADAPTATEUR PARTAGÉ","invariants métier communs; spécialisation limitée",641,22
"src/elit21/repositories/DeadLetterRepository.cpp",76,"🟡","ADAPTATEUR PARTAGÉ","invariants métier communs; spécialisation limitée",651,22
"src/elit21/repositories/FinancialLedgerRepository.cpp",76,"🟡","ADAPTATEUR PARTAGÉ","invariants métier communs; spécialisation limitée",676,22
"src/elit21/repositories/IncidentRepository.cpp",76,"🟡","ADAPTATEUR PARTAGÉ","invariants métier communs; spécialisation limitée",641,22
"src/elit21/repositories/InventoryRepository.cpp",76,"🟡","ADAPTATEUR PARTAGÉ","invariants métier communs; spécialisation limitée",646,22
"src/elit21/repositories/MetricRepository.cpp",76,"🟡","ADAPTATEUR PARTAGÉ","invariants métier communs; spécialisation limitée",631,22
"src/elit21/repositories/OrderRepository.cpp",76,"🟡","ADAPTATEUR PARTAGÉ","invariants métier communs; spécialisation limitée",626,22
"src/elit21/repositories/OutboxRepository.cpp",76,"🟡","ADAPTATEUR PARTAGÉ","invariants métier communs; spécialisation limitée",631,22
"src/elit21/repositories/PriceHistoryRepository.cpp",76,"🟡","ADAPTATEUR PARTAGÉ","invariants métier communs; spécialisation limitée",661,22
"src/elit21/repositories/ProductMappingRepository.cpp",76,"🟡","ADAPTATEUR PARTAGÉ","invariants métier communs; spécialisation limitée",671,22
"src/elit21/repositories/ProductRepository.cpp",76,"🟡","ADAPTATEUR PARTAGÉ","invariants métier communs; spécialisation limitée",636,22
"src/elit21/repositories/RefundRepository.cpp",76,"🟡","ADAPTATEUR PARTAGÉ","invariants métier communs; spécialisation limitée",632,22
"src/elit21/repositories/ReturnRepository.cpp",76,"🟡","ADAPTATEUR PARTAGÉ","invariants métier communs; spécialisation limitée",632,22
"src/elit21/repositories/ShipmentRepository.cpp",76,"🟡","ADAPTATEUR PARTAGÉ","invariants métier communs; spécialisation limitée",641,22
"src/elit21/repositories/SupplierOrderRepository.cpp",76,"🟡","ADAPTATEUR PARTAGÉ","invariants métier communs; spécialisation limitée",666,22
"src/elit21/repositories/SupplierRepository.cpp",76,"🟡","ADAPTATEUR PARTAGÉ","invariants métier communs; spécialisation limitée",641,22
"src/elit21/repositories/TaskRepository.cpp",76,"🟡","ADAPTATEUR PARTAGÉ","invariants métier communs; spécialisation limitée",621,22
"src/elit21/repositories/TokenRepository.cpp",76,"🟡","ADAPTATEUR PARTAGÉ","invariants métier communs; spécialisation limitée",626,22
"src/elit21/repositories/TrackingRepository.cpp",76,"🟡","ADAPTATEUR PARTAGÉ","invariants métier communs; spécialisation limitée",641,22
"src/elit21/repositories/WebhookRepository.cpp",76,"🟡","ADAPTATEUR PARTAGÉ","invariants métier communs; spécialisation limitée",636,22
"src/elit21/repositories/WorkflowInstanceRepository.cpp",76,"🟡","ADAPTATEUR PARTAGÉ","invariants métier communs; spécialisation limitée",676,22
"src/elit21/resilience/BackoffPolicy.cpp",76,"🟡","ADAPTATEUR PARTAGÉ","invariants métier communs; spécialisation limitée",622,22
"src/elit21/resilience/Bulkhead.cpp",76,"🟡","ADAPTATEUR PARTAGÉ","invariants métier communs; spécialisation limitée",594,22
"src/elit21/resilience/CircuitBreaker.cpp",76,"🟡","ADAPTATEUR PARTAGÉ","invariants métier communs; spécialisation limitée",624,22
"src/elit21/resilience/DeadLetterQueue.cpp",76,"🟡","ADAPTATEUR PARTAGÉ","invariants métier communs; spécialisation limitée",629,22
"src/elit21/resilience/FailureClassifier.cpp",76,"🟡","ADAPTATEUR PARTAGÉ","invariants métier communs; spécialisation limitée",642,22
"src/elit21/resilience/FallbackPolicy.cpp",76,"🟡","ADAPTATEUR PARTAGÉ","invariants métier communs; spécialisation limitée",627,22
"src/elit21/resilience/IdempotencyGuard.cpp",76,"🟡","ADAPTATEUR PARTAGÉ","invariants métier communs; spécialisation limitée",637,22
"src/elit21/resilience/IdempotencyKey.cpp",76,"🟡","ADAPTATEUR PARTAGÉ","invariants métier communs; spécialisation limitée",624,22
"src/elit21/resilience/RateLimiter.cpp",76,"🟡","ADAPTATEUR PARTAGÉ","invariants métier communs; spécialisation limitée",609,22
"src/elit21/resilience/RecoveryManager.cpp",76,"🟡","ADAPTATEUR PARTAGÉ","invariants métier communs; spécialisation limitée",624,22
"src/elit21/resilience/RetryExecutor.cpp",76,"🟡","ADAPTATEUR PARTAGÉ","invariants métier communs; spécialisation limitée",619,22
"src/elit21/resilience/RetryPolicy.cpp",76,"🟡","ADAPTATEUR PARTAGÉ","invariants métier communs; spécialisation limitée",612,22
"src/elit21/resilience/TimeoutPolicy.cpp",76,"🟡","ADAPTATEUR PARTAGÉ","invariants métier communs; spécialisation limitée",622,22
"src/elit21/resilience/Watchdog.cpp",76,"🟡","ADAPTATEUR PARTAGÉ","invariants métier communs; spécialisation limitée",594,22
"src/elit21/returns/AliExpressDisputeAdapter.cpp",76,"🟡","ADAPTATEUR PARTAGÉ","invariants métier communs; spécialisation limitée",662,22
"src/elit21/returns/DisputeEvidenceBuilder.cpp",76,"🟡","ADAPTATEUR PARTAGÉ","invariants métier communs; spécialisation limitée",655,22
"src/elit21/returns/DisputeExceptionQueue.cpp",76,"🟡","ADAPTATEUR PARTAGÉ","invariants métier communs; spécialisation limitée",647,22
"src/elit21/returns/RefundCalculator.cpp",76,"🟡","ADAPTATEUR PARTAGÉ","invariants métier communs; spécialisation limitée",635,22
"src/elit21/returns/RefundCoordinator.cpp",76,"🟡","ADAPTATEUR PARTAGÉ","invariants métier communs; spécialisation limitée",628,22
"src/elit21/returns/RefundDecision.cpp",76,"🟡","ADAPTATEUR PARTAGÉ","invariants métier communs; spécialisation limitée",613,22
"src/elit21/returns/RefundPolicy.cpp",76,"🟡","ADAPTATEUR PARTAGÉ","invariants métier communs; spécialisation limitée",615,22
"src/elit21/returns/ReturnEligibilityChecker.cpp",76,"🟡","ADAPTATEUR PARTAGÉ","invariants métier communs; spécialisation limitée",675,22
"src/elit21/returns/ReturnRequest.cpp",76,"🟡","ADAPTATEUR PARTAGÉ","invariants métier communs; spécialisation limitée",608,22
"src/elit21/returns/ReturnRequestProcessor.cpp",76,"🟡","ADAPTATEUR PARTAGÉ","invariants métier communs; spécialisation limitée",653,22
"src/elit21/returns/ReturnStateMachine.cpp",76,"🟡","ADAPTATEUR PARTAGÉ","invariants métier communs; spécialisation limitée",633,22
"src/elit21/returns/ShopifyRefundExecutor.cpp",97,"✅","SHOPIFY TRANSACTIONNEL","monnaie sûre, états, admission, confidentialité ou readiness",4574,82
"src/elit21/risk/AnomalyDetector.cpp",76,"🟡","ADAPTATEUR PARTAGÉ","invariants métier communs; spécialisation limitée",594,22
"src/elit21/risk/FraudIndicator.cpp",76,"🟡","ADAPTATEUR PARTAGÉ","invariants métier communs; spécialisation limitée",599,22
"src/elit21/risk/FraudRiskEngine.cpp",76,"🟡","ADAPTATEUR PARTAGÉ","invariants métier communs; spécialisation limitée",599,22
"src/elit21/risk/HighRiskOrderGuard.cpp",76,"🟡","ADAPTATEUR PARTAGÉ","invariants métier communs; spécialisation limitée",632,22
"src/elit21/risk/LossPreventionPolicy.cpp",76,"🟡","ADAPTATEUR PARTAGÉ","invariants métier communs; spécialisation limitée",632,22
"src/elit21/risk/RiskDecision.cpp",76,"🟡","ADAPTATEUR PARTAGÉ","invariants métier communs; spécialisation limitée",589,22
"src/elit21/risk/RiskEngine.cpp",68,"🟡","PARTIEL","interface ou module minimal",1080,3
"src/elit21/risk/RiskRule.cpp",76,"🟡","ADAPTATEUR PARTAGÉ","invariants métier communs; spécialisation limitée",569,22
"src/elit21/risk/RiskRuleEngine.cpp",76,"🟡","ADAPTATEUR PARTAGÉ","invariants métier communs; spécialisation limitée",594,22
"src/elit21/risk/SupplierRiskMonitor.cpp",76,"🟡","ADAPTATEUR PARTAGÉ","invariants métier communs; spécialisation limitée",614,22
"src/elit21/risk/TransactionRiskAnalyzer.cpp",76,"🟡","ADAPTATEUR PARTAGÉ","invariants métier communs; spécialisation limitée",634,22
"src/elit21/scheduler/CronExpression.cpp",76,"🟡","ADAPTATEUR PARTAGÉ","invariants métier communs; spécialisation limitée",621,22
"src/elit21/scheduler/Job.cpp",76,"🟡","ADAPTATEUR PARTAGÉ","invariants métier communs; spécialisation limitée",566,22
"src/elit21/scheduler/JobContext.cpp",76,"🟡","ADAPTATEUR PARTAGÉ","invariants métier communs; spécialisation limitée",601,22
"src/elit21/scheduler/JobDefinition.cpp",76,"🟡","ADAPTATEUR PARTAGÉ","invariants métier communs; spécialisation limitée",616,22
"src/elit21/scheduler/JobRegistry.cpp",76,"🟡","ADAPTATEUR PARTAGÉ","invariants métier communs; spécialisation limitée",606,22
"src/elit21/scheduler/JobRepository.cpp",76,"🟡","ADAPTATEUR PARTAGÉ","invariants métier communs; spécialisation limitée",616,22
"src/elit21/scheduler/JobScheduler.cpp",76,"🟡","ADAPTATEUR PARTAGÉ","invariants métier communs; spécialisation limitée",602,22
"src/elit21/scheduler/JobStatus.cpp",76,"🟡","ADAPTATEUR PARTAGÉ","invariants métier communs; spécialisation limitée",596,22
"src/elit21/scheduler/RecurringJob.cpp",76,"🟡","ADAPTATEUR PARTAGÉ","invariants métier communs; spécialisation limitée",611,22
"src/elit21/scheduler/ScheduledJob.cpp",76,"🟡","ADAPTATEUR PARTAGÉ","invariants métier communs; spécialisation limitée",602,22
"src/elit21/scheduler/SchedulerClock.cpp",76,"🟡","ADAPTATEUR PARTAGÉ","invariants métier communs; spécialisation limitée",612,22
"src/elit21/security/AccessToken.cpp",76,"🟡","ADAPTATEUR PARTAGÉ","invariants métier communs; spécialisation limitée",603,22
"src/elit21/security/ApiCredential.cpp",76,"🟡","ADAPTATEUR PARTAGÉ","invariants métier communs; spécialisation limitée",613,22
"src/elit21/security/AuditChain.cpp",76,"🟡","ADAPTATEUR PARTAGÉ","invariants métier communs; spécialisation limitée",598,22
"src/elit21/security/Base64.cpp",76,"🟡","ADAPTATEUR PARTAGÉ","invariants métier communs; spécialisation limitée",578,22
"src/elit21/security/CertificateStore.cpp",76,"🟡","ADAPTATEUR PARTAGÉ","invariants métier communs; spécialisation limitée",628,22
"src/elit21/security/ConstantTimeCompare.cpp",76,"🟡","ADAPTATEUR PARTAGÉ","invariants métier communs; spécialisation limitée",643,22
"src/elit21/security/CredentialManager.cpp",76,"🟡","ADAPTATEUR PARTAGÉ","invariants métier communs; spécialisation limitée",628,22
"src/elit21/security/Crypto.cpp",90,"✅","IMPLÉMENTÉ","implémentation substantielle",2430,15
"src/elit21/security/DataEncryptor.cpp",90,"✅","IMPLÉMENTÉ","implémentation substantielle",8244,165
"src/elit21/security/DataRedactor.cpp",76,"🟡","ADAPTATEUR PARTAGÉ","invariants métier communs; spécialisation limitée",1162,8
"src/elit21/security/HmacSigner.cpp",76,"🟡","ADAPTATEUR PARTAGÉ","invariants métier communs; spécialisation limitée",598,22
"src/elit21/security/KeyDerivation.cpp",76,"🟡","ADAPTATEUR PARTAGÉ","invariants métier communs; spécialisation limitée",613,22
"src/elit21/security/KeyRotationManager.cpp",76,"🟡","ADAPTATEUR PARTAGÉ","invariants métier communs; spécialisation limitée",633,22
"src/elit21/security/Md5Digest.cpp",76,"🟡","ADAPTATEUR PARTAGÉ","invariants métier communs; spécialisation limitée",593,22
"src/elit21/security/RandomGenerator.cpp",76,"🟡","ADAPTATEUR PARTAGÉ","invariants métier communs; spécialisation limitée",623,22
"src/elit21/security/Secret.cpp",76,"🟡","ADAPTATEUR PARTAGÉ","invariants métier communs; spécialisation limitée",578,22
"src/elit21/security/SecretStore.cpp",76,"🟡","ADAPTATEUR PARTAGÉ","invariants métier communs; spécialisation limitée",603,22
"src/elit21/security/SecureBuffer.cpp",76,"🟡","ADAPTATEUR PARTAGÉ","invariants métier communs; spécialisation limitée",608,22
"src/elit21/security/Sha256Digest.cpp",76,"🟡","ADAPTATEUR PARTAGÉ","invariants métier communs; spécialisation limitée",608,22
"src/elit21/security/SignatureVerifier.cpp",76,"🟡","ADAPTATEUR PARTAGÉ","invariants métier communs; spécialisation limitée",633,22
"src/elit21/security/TokenVault.cpp",76,"🟡","ADAPTATEUR PARTAGÉ","invariants métier communs; spécialisation limitée",598,22
"src/elit21/security/WebhookReplayGuard.cpp",76,"🟡","ADAPTATEUR PARTAGÉ","invariants métier communs; spécialisation limitée",648,22
"src/elit21/serialization/CsvReader.cpp",76,"🟡","ADAPTATEUR PARTAGÉ","invariants métier communs; spécialisation limitée",597,22
"src/elit21/serialization/CsvWriter.cpp",76,"🟡","ADAPTATEUR PARTAGÉ","invariants métier communs; spécialisation limitée",598,22
"src/elit21/serialization/JsonDeserializer.cpp",76,"🟡","ADAPTATEUR PARTAGÉ","invariants métier communs; spécialisation limitée",645,22
"src/elit21/serialization/JsonDocument.cpp",76,"🟡","ADAPTATEUR PARTAGÉ","invariants métier communs; spécialisation limitée",622,22
"src/elit21/serialization/JsonSerializer.cpp",76,"🟡","ADAPTATEUR PARTAGÉ","invariants métier communs; spécialisation limitée",635,22
"src/elit21/serialization/JsonValue.cpp",76,"🟡","ADAPTATEUR PARTAGÉ","invariants métier communs; spécialisation limitée",607,22
"src/elit21/serialization/ModelSerializer.cpp",76,"🟡","ADAPTATEUR PARTAGÉ","invariants métier communs; spécialisation limitée",640,22
"src/elit21/serialization/QueryStringSerializer.cpp",76,"🟡","ADAPTATEUR PARTAGÉ","invariants métier communs; spécialisation limitée",670,22
"src/elit21/shopify/ShopifyApiVersion.cpp",93,"✅","NOYAU SHOPIFY","configuration, erreurs, limites ou fabrique typée",3568,107
"src/elit21/shopify/ShopifyApiVersionGuard.cpp",97,"✅","SHOPIFY RÉSILIENT","idempotence, version, GID, ordre temporel, CAS ou réconciliation",6086,168
"src/elit21/shopify/ShopifyAppConfigGenerator.cpp",93,"✅","NOYAU SHOPIFY","configuration, erreurs, limites ou fabrique typée",5296,120
"src/elit21/shopify/ShopifyAutonomyEngine.cpp",93,"✅","NOYAU SHOPIFY","configuration, erreurs, limites ou fabrique typée",6424,115
"src/elit21/shopify/ShopifyClient.cpp",97,"✅","SHOPIFY RÉSILIENT","idempotence, version, GID, ordre temporel, CAS ou réconciliation",38755,812
"src/elit21/shopify/ShopifyConfig.cpp",93,"✅","NOYAU SHOPIFY","configuration, erreurs, limites ou fabrique typée",3330,75
"src/elit21/shopify/ShopifyEndpoints.cpp",93,"✅","NOYAU SHOPIFY","configuration, erreurs, limites ou fabrique typée",3169,82
"src/elit21/shopify/ShopifyError.cpp",93,"✅","NOYAU SHOPIFY","configuration, erreurs, limites ou fabrique typée",2250,53
"src/elit21/shopify/ShopifyErrorMapper.cpp",93,"✅","NOYAU SHOPIFY","configuration, erreurs, limites ou fabrique typée",3938,95
"src/elit21/shopify/ShopifyGlobalId.cpp",97,"✅","SHOPIFY RÉSILIENT","idempotence, version, GID, ordre temporel, CAS ou réconciliation",4026,108
"src/elit21/shopify/ShopifyIdempotencyKey.cpp",97,"✅","SHOPIFY RÉSILIENT","idempotence, version, GID, ordre temporel, CAS ou réconciliation",1724,50
"src/elit21/shopify/ShopifyIdempotencyStore.cpp",97,"✅","SHOPIFY RÉSILIENT","idempotence, version, GID, ordre temporel, CAS ou réconciliation",2180,55
"src/elit21/shopify/ShopifyModels.cpp",84,"🟢","FONCTIONNEL","code dédié compilable",2273,66
"src/elit21/shopify/ShopifyMoney.cpp",97,"✅","SHOPIFY TRANSACTIONNEL","monnaie sûre, états, admission, confidentialité ou readiness",5148,98
"src/elit21/shopify/ShopifyOrderAdmissionService.cpp",97,"✅","SHOPIFY TRANSACTIONNEL","monnaie sûre, états, admission, confidentialité ou readiness",10414,18
"src/elit21/shopify/ShopifyOrderStateMachine.cpp",97,"✅","SHOPIFY TRANSACTIONNEL","monnaie sûre, états, admission, confidentialité ou readiness",6021,109
"src/elit21/shopify/ShopifyPrivacyService.cpp",97,"✅","SHOPIFY TRANSACTIONNEL","monnaie sûre, états, admission, confidentialité ou readiness",10898,222
"src/elit21/shopify/ShopifyProductionReadiness.cpp",97,"✅","SHOPIFY TRANSACTIONNEL","monnaie sûre, états, admission, confidentialité ou readiness",3556,64
"src/elit21/shopify/ShopifyRateLimitState.cpp",93,"✅","NOYAU SHOPIFY","configuration, erreurs, limites ou fabrique typée",2901,67
"src/elit21/shopify/ShopifyReconciliationCoordinator.cpp",97,"✅","SHOPIFY RÉSILIENT","idempotence, version, GID, ordre temporel, CAS ou réconciliation",4167,118
"src/elit21/shopify/ShopifyScopes.cpp",93,"✅","NOYAU SHOPIFY","configuration, erreurs, limites ou fabrique typée",2993,94
"src/elit21/shopify/ShopifyServiceFactory.cpp",93,"✅","NOYAU SHOPIFY","configuration, erreurs, limites ou fabrique typée",2159,55
"src/elit21/shopify/ShopifyTimestamp.cpp",97,"✅","SHOPIFY RÉSILIENT","idempotence, version, GID, ordre temporel, CAS ou réconciliation",3046,83
"src/elit21/shopify/ShopifyWebhook.cpp",90,"✅","IMPLÉMENTÉ","implémentation substantielle",6775,140
"src/elit21/shopify/ShopifyWebhookProcessor.cpp",97,"✅","SHOPIFY RÉSILIENT","idempotence, version, GID, ordre temporel, CAS ou réconciliation",13041,250
"src/elit21/shopify/ShopifyWebhookRegistry.cpp",84,"🟢","FONCTIONNEL","code dédié compilable",3410,91
"src/elit21/shopify/auth/ShopifyAuthorizationUrlBuilder.cpp",93,"✅","OAUTH SÉCURISÉ","validation, état, scopes ou stockage de jeton",2148,44
"src/elit21/shopify/auth/ShopifyOAuthCallbackVerifier.cpp",93,"✅","OAUTH SÉCURISÉ","validation, état, scopes ou stockage de jeton",7557,167
"src/elit21/shopify/auth/ShopifyOAuthClient.cpp",93,"✅","OAUTH SÉCURISÉ","validation, état, scopes ou stockage de jeton",3407,71
"src/elit21/shopify/auth/ShopifyOAuthStateStore.cpp",93,"✅","OAUTH SÉCURISÉ","validation, état, scopes ou stockage de jeton",1875,54
"src/elit21/shopify/auth/ShopifyTokenManager.cpp",93,"✅","OAUTH SÉCURISÉ","validation, état, scopes ou stockage de jeton",6495,142
"src/elit21/shopify/auth/ShopifyTokenRefreshPolicy.cpp",93,"✅","OAUTH SÉCURISÉ","validation, état, scopes ou stockage de jeton",2257,46
"src/elit21/shopify/bulk/BulkDownloadManager.cpp",94,"✅","BULK SHOPIFY","pipeline asynchrone, JSONL ou upload vérifié",3279,61
"src/elit21/shopify/bulk/BulkInventorySynchronizer.cpp",94,"✅","BULK SHOPIFY","pipeline asynchrone, JSONL ou upload vérifié",1303,14
"src/elit21/shopify/bulk/BulkJsonlParser.cpp",94,"✅","BULK SHOPIFY","pipeline asynchrone, JSONL ou upload vérifié",3713,84
"src/elit21/shopify/bulk/BulkOperationMonitor.cpp",94,"✅","BULK SHOPIFY","pipeline asynchrone, JSONL ou upload vérifié",2613,53
"src/elit21/shopify/bulk/BulkOrderExporter.cpp",94,"✅","BULK SHOPIFY","pipeline asynchrone, JSONL ou upload vérifié",1323,14
"src/elit21/shopify/bulk/BulkProductExporter.cpp",94,"✅","BULK SHOPIFY","pipeline asynchrone, JSONL ou upload vérifié",1201,14
"src/elit21/shopify/bulk/BulkProductImporter.cpp",94,"✅","BULK SHOPIFY","pipeline asynchrone, JSONL ou upload vérifié",907,6
"src/elit21/shopify/bulk/BulkUploadManager.cpp",94,"✅","BULK SHOPIFY","pipeline asynchrone, JSONL ou upload vérifié",1381,7
"src/elit21/shopify/bulk/StagedUploadManager.cpp",94,"✅","BULK SHOPIFY","pipeline asynchrone, JSONL ou upload vérifié",1329,3
"src/elit21/shopify/graphql/GraphqlDocument.cpp",95,"✅","CŒUR GRAPHQL","validation, pagination, coût API et erreurs structurées",5841,166
"src/elit21/shopify/graphql/GraphqlError.cpp",95,"✅","CŒUR GRAPHQL","validation, pagination, coût API et erreurs structurées",2509,65
"src/elit21/shopify/graphql/GraphqlOperation.cpp",95,"✅","CŒUR GRAPHQL","validation, pagination, coût API et erreurs structurées",1857,45
"src/elit21/shopify/graphql/GraphqlRequest.cpp",95,"✅","CŒUR GRAPHQL","validation, pagination, coût API et erreurs structurées",1297,37
"src/elit21/shopify/graphql/GraphqlResponse.cpp",95,"✅","CŒUR GRAPHQL","validation, pagination, coût API et erreurs structurées",2993,82
"src/elit21/shopify/graphql/GraphqlTransport.cpp",95,"✅","CŒUR GRAPHQL","validation, pagination, coût API et erreurs structurées",8738,223
"src/elit21/shopify/graphql/ShopifyCostThrottler.cpp",95,"✅","CŒUR GRAPHQL","validation, pagination, coût API et erreurs structurées",2825,67
"src/elit21/shopify/graphql/ShopifyGraphqlClient.cpp",95,"✅","CŒUR GRAPHQL","validation, pagination, coût API et erreurs structurées",1827,52
"src/elit21/shopify/graphql/ShopifyGraphqlPaginator.cpp",95,"✅","CŒUR GRAPHQL","validation, pagination, coût API et erreurs structurées",1575,47
"src/elit21/shopify/graphql/ShopifyQueryBuilder.cpp",95,"✅","CŒUR GRAPHQL","validation, pagination, coût API et erreurs structurées",4021,94
"src/elit21/shopify/graphql/ShopifyUserErrorParser.cpp",95,"✅","CŒUR GRAPHQL","validation, pagination, coût API et erreurs structurées",3409,94
"src/elit21/shopify/models/ShopifyBulkOperation.cpp",90,"✅","MODÈLE TYPÉ","sérialisation et validation métier",2098,49
"src/elit21/shopify/models/ShopifyCollection.cpp",90,"✅","MODÈLE TYPÉ","sérialisation et validation métier",1734,43
"src/elit21/shopify/models/ShopifyCustomer.cpp",90,"✅","MODÈLE TYPÉ","sérialisation et validation métier",1993,49
"src/elit21/shopify/models/ShopifyDiscount.cpp",90,"✅","MODÈLE TYPÉ","sérialisation et validation métier",1880,47
"src/elit21/shopify/models/ShopifyFulfillment.cpp",90,"✅","MODÈLE TYPÉ","sérialisation et validation métier",1899,45
"src/elit21/shopify/models/ShopifyFulfillmentOrder.cpp",90,"✅","MODÈLE TYPÉ","sérialisation et validation métier",1866,43
"src/elit21/shopify/models/ShopifyInventoryItem.cpp",90,"✅","MODÈLE TYPÉ","sérialisation et validation métier",1860,45
"src/elit21/shopify/models/ShopifyInventoryLevel.cpp",90,"✅","MODÈLE TYPÉ","sérialisation et validation métier",1838,43
"src/elit21/shopify/models/ShopifyLocation.cpp",90,"✅","MODÈLE TYPÉ","sérialisation et validation métier",1988,49
"src/elit21/shopify/models/ShopifyMarket.cpp",90,"✅","MODÈLE TYPÉ","sérialisation et validation métier",1649,43
"src/elit21/shopify/models/ShopifyMedia.cpp",90,"✅","MODÈLE TYPÉ","sérialisation et validation métier",1777,45
"src/elit21/shopify/models/ShopifyMetafield.cpp",90,"✅","MODÈLE TYPÉ","sérialisation et validation métier",1883,47
"src/elit21/shopify/models/ShopifyMetaobject.cpp",90,"✅","MODÈLE TYPÉ","sérialisation et validation métier",1724,43
"src/elit21/shopify/models/ShopifyOrder.cpp",90,"✅","MODÈLE TYPÉ","sérialisation et validation métier",1981,49
"src/elit21/shopify/models/ShopifyOrderLine.cpp",90,"✅","MODÈLE TYPÉ","sérialisation et validation métier",1966,48
"src/elit21/shopify/models/ShopifyProduct.cpp",90,"✅","MODÈLE TYPÉ","sérialisation et validation métier",1974,49
"src/elit21/shopify/models/ShopifyProductVariant.cpp",90,"✅","MODÈLE TYPÉ","sérialisation et validation métier",2186,50
"src/elit21/shopify/models/ShopifyPublication.cpp",90,"✅","MODÈLE TYPÉ","sérialisation et validation métier",1708,41
"src/elit21/shopify/models/ShopifyRefund.cpp",90,"✅","MODÈLE TYPÉ","sérialisation et validation métier",1749,45
"src/elit21/shopify/models/ShopifyReturn.cpp",90,"✅","MODÈLE TYPÉ","sérialisation et validation métier",1656,43
"src/elit21/shopify/models/ShopifyShop.cpp",90,"✅","MODÈLE TYPÉ","sérialisation et validation métier",1791,45
"src/elit21/shopify/models/ShopifyTrackingInfo.cpp",90,"✅","MODÈLE TYPÉ","sérialisation et validation métier",1676,41
"src/elit21/shopify/models/ShopifyTransaction.cpp",90,"✅","MODÈLE TYPÉ","sérialisation et validation métier",2086,50
"src/elit21/shopify/models/ShopifyWebhookSubscription.cpp",90,"✅","MODÈLE TYPÉ","sérialisation et validation métier",1977,45
"src/elit21/shopify/mutations/BulkOperationMutations.cpp",92,"✅","DOCUMENT GRAPHQL","opération GraphQL déclarative versionnée",374,3
"src/elit21/shopify/mutations/CollectionMutations.cpp",92,"✅","DOCUMENT GRAPHQL","opération GraphQL déclarative versionnée",352,3
"src/elit21/shopify/mutations/CustomerMutations.cpp",92,"✅","DOCUMENT GRAPHQL","opération GraphQL déclarative versionnée",338,3
"src/elit21/shopify/mutations/DiscountMutations.cpp",92,"✅","DOCUMENT GRAPHQL","opération GraphQL déclarative versionnée",418,3
"src/elit21/shopify/mutations/DraftOrderMutations.cpp",92,"✅","DOCUMENT GRAPHQL","opération GraphQL déclarative versionnée",352,3
"src/elit21/shopify/mutations/FileMutations.cpp",92,"✅","DOCUMENT GRAPHQL","opération GraphQL déclarative versionnée",331,3
"src/elit21/shopify/mutations/FulfillmentMutations.cpp",92,"✅","DOCUMENT GRAPHQL","opération GraphQL déclarative versionnée",384,3
"src/elit21/shopify/mutations/FulfillmentOrderMutations.cpp",92,"✅","DOCUMENT GRAPHQL","opération GraphQL déclarative versionnée",431,3
"src/elit21/shopify/mutations/InventoryMutations.cpp",92,"✅","DOCUMENT GRAPHQL","opération GraphQL déclarative versionnée",721,35
"src/elit21/shopify/mutations/MetafieldMutations.cpp",92,"✅","DOCUMENT GRAPHQL","opération GraphQL déclarative versionnée",382,3
"src/elit21/shopify/mutations/MetaobjectMutations.cpp",92,"✅","DOCUMENT GRAPHQL","opération GraphQL déclarative versionnée",380,3
"src/elit21/shopify/mutations/OrderMutations.cpp",92,"✅","DOCUMENT GRAPHQL","opération GraphQL déclarative versionnée",317,3
"src/elit21/shopify/mutations/ProductMediaMutations.cpp",92,"✅","DOCUMENT GRAPHQL","opération GraphQL déclarative versionnée",409,3
"src/elit21/shopify/mutations/ProductMutations.cpp",92,"✅","DOCUMENT GRAPHQL","opération GraphQL déclarative versionnée",343,3
"src/elit21/shopify/mutations/ProductVariantMutations.cpp",92,"✅","DOCUMENT GRAPHQL","opération GraphQL déclarative versionnée",449,3
"src/elit21/shopify/mutations/PublicationMutations.cpp",92,"✅","DOCUMENT GRAPHQL","opération GraphQL déclarative versionnée",380,3
"src/elit21/shopify/mutations/RefundMutations.cpp",92,"✅","DOCUMENT GRAPHQL","opération GraphQL déclarative versionnée",324,3
"src/elit21/shopify/mutations/ReturnMutations.cpp",92,"✅","DOCUMENT GRAPHQL","opération GraphQL déclarative versionnée",342,3
"src/elit21/shopify/mutations/WebhookMutations.cpp",92,"✅","DOCUMENT GRAPHQL","opération GraphQL déclarative versionnée",479,3
"src/elit21/shopify/queries/BulkOperationQueries.cpp",92,"✅","DOCUMENT GRAPHQL","opération GraphQL déclarative versionnée",367,3
"src/elit21/shopify/queries/CollectionQueries.cpp",92,"✅","DOCUMENT GRAPHQL","opération GraphQL déclarative versionnée",364,3
"src/elit21/shopify/queries/CustomerQueries.cpp",92,"✅","DOCUMENT GRAPHQL","opération GraphQL déclarative versionnée",376,3
"src/elit21/shopify/queries/DiscountQueries.cpp",92,"✅","DOCUMENT GRAPHQL","opération GraphQL déclarative versionnée",334,3
"src/elit21/shopify/queries/DraftOrderQueries.cpp",92,"✅","DOCUMENT GRAPHQL","opération GraphQL déclarative versionnée",341,3
"src/elit21/shopify/queries/FileQueries.cpp",92,"✅","DOCUMENT GRAPHQL","opération GraphQL déclarative versionnée",336,3
"src/elit21/shopify/queries/FulfillmentOrderQueries.cpp",92,"✅","DOCUMENT GRAPHQL","opération GraphQL déclarative versionnée",427,3
"src/elit21/shopify/queries/FulfillmentQueries.cpp",92,"✅","DOCUMENT GRAPHQL","opération GraphQL déclarative versionnée",338,3
"src/elit21/shopify/queries/InventoryQueries.cpp",92,"✅","DOCUMENT GRAPHQL","opération GraphQL déclarative versionnée",462,3
"src/elit21/shopify/queries/LocationQueries.cpp",92,"✅","DOCUMENT GRAPHQL","opération GraphQL déclarative versionnée",330,3
"src/elit21/shopify/queries/MarketQueries.cpp",92,"✅","DOCUMENT GRAPHQL","opération GraphQL déclarative versionnée",291,3
"src/elit21/shopify/queries/MetafieldQueries.cpp",92,"✅","DOCUMENT GRAPHQL","opération GraphQL déclarative versionnée",353,3
"src/elit21/shopify/queries/MetaobjectQueries.cpp",92,"✅","DOCUMENT GRAPHQL","opération GraphQL déclarative versionnée",330,3
"src/elit21/shopify/queries/OrderQueries.cpp",92,"✅","DOCUMENT GRAPHQL","opération GraphQL déclarative versionnée",449,3
"src/elit21/shopify/queries/ProductQueries.cpp",92,"✅","DOCUMENT GRAPHQL","opération GraphQL déclarative versionnée",471,3
"src/elit21/shopify/queries/ProductVariantQueries.cpp",92,"✅","DOCUMENT GRAPHQL","opération GraphQL déclarative versionnée",329,3
"src/elit21/shopify/queries/PublicationQueries.cpp",92,"✅","DOCUMENT GRAPHQL","opération GraphQL déclarative versionnée",318,3
"src/elit21/shopify/queries/RefundQueries.cpp",92,"✅","DOCUMENT GRAPHQL","opération GraphQL déclarative versionnée",322,3
"src/elit21/shopify/queries/ReturnQueries.cpp",92,"✅","DOCUMENT GRAPHQL","opération GraphQL déclarative versionnée",292,3
"src/elit21/shopify/queries/ShopQueries.cpp",92,"✅","DOCUMENT GRAPHQL","opération GraphQL déclarative versionnée",293,3
"src/elit21/shopify/queries/TransactionQueries.cpp",92,"✅","DOCUMENT GRAPHQL","opération GraphQL déclarative versionnée",350,3
"src/elit21/shopify/queries/WebhookQueries.cpp",92,"✅","DOCUMENT GRAPHQL","opération GraphQL déclarative versionnée",336,3
"src/elit21/shopify/services/ShopifyBulkOperationService.cpp",94,"✅","SERVICE SHOPIFY","façade typée reliée au client Shopify",1556,27
"src/elit21/shopify/services/ShopifyCatalogService.cpp",94,"✅","SERVICE SHOPIFY","façade typée reliée au client Shopify",2464,48
"src/elit21/shopify/services/ShopifyCollectionService.cpp",94,"✅","SERVICE SHOPIFY","façade typée reliée au client Shopify",2448,48
"src/elit21/shopify/services/ShopifyCustomerService.cpp",94,"✅","SERVICE SHOPIFY","façade typée reliée au client Shopify",2449,48
"src/elit21/shopify/services/ShopifyDiscountService.cpp",94,"✅","SERVICE SHOPIFY","façade typée reliée au client Shopify",2352,48
"src/elit21/shopify/services/ShopifyDraftOrderService.cpp",94,"✅","SERVICE SHOPIFY","façade typée reliée au client Shopify",2471,48
"src/elit21/shopify/services/ShopifyFileService.cpp",94,"✅","SERVICE SHOPIFY","façade typée reliée au client Shopify",2422,48
"src/elit21/shopify/services/ShopifyFulfillmentOrderService.cpp",94,"✅","SERVICE SHOPIFY","façade typée reliée au client Shopify",1152,24
"src/elit21/shopify/services/ShopifyFulfillmentService.cpp",94,"✅","SERVICE SHOPIFY","façade typée reliée au client Shopify",1159,24
"src/elit21/shopify/services/ShopifyInventoryService.cpp",94,"✅","SERVICE SHOPIFY","façade typée reliée au client Shopify",4724,117
"src/elit21/shopify/services/ShopifyLocationService.cpp",94,"✅","SERVICE SHOPIFY","façade typée reliée au client Shopify",1006,24
"src/elit21/shopify/services/ShopifyMarketService.cpp",94,"✅","SERVICE SHOPIFY","façade typée reliée au client Shopify",2273,48
"src/elit21/shopify/services/ShopifyMediaService.cpp",94,"✅","SERVICE SHOPIFY","façade typée reliée au client Shopify",2489,49
"src/elit21/shopify/services/ShopifyMetafieldService.cpp",94,"✅","SERVICE SHOPIFY","façade typée reliée au client Shopify",2585,50
"src/elit21/shopify/services/ShopifyOrderService.cpp",94,"✅","SERVICE SHOPIFY","façade typée reliée au client Shopify",1210,25
"src/elit21/shopify/services/ShopifyProductService.cpp",94,"✅","SERVICE SHOPIFY","façade typée reliée au client Shopify",1181,25
"src/elit21/shopify/services/ShopifyPublicationService.cpp",94,"✅","SERVICE SHOPIFY","façade typée reliée au client Shopify",1229,25
"src/elit21/shopify/services/ShopifyRefundService.cpp",94,"✅","SERVICE SHOPIFY","façade typée reliée au client Shopify",2426,49
"src/elit21/shopify/services/ShopifyReturnService.cpp",94,"✅","SERVICE SHOPIFY","façade typée reliée au client Shopify",2468,49
"src/elit21/shopify/services/ShopifyShopService.cpp",94,"✅","SERVICE SHOPIFY","façade typée reliée au client Shopify",945,24
"src/elit21/shopify/services/ShopifyVariantService.cpp",94,"✅","SERVICE SHOPIFY","façade typée reliée au client Shopify",1351,25
"src/elit21/shopify/services/ShopifyWebhookService.cpp",94,"✅","SERVICE SHOPIFY","façade typée reliée au client Shopify",1347,26
"src/elit21/shopify/webhooks/AppUninstalledWebhookHandler.cpp",95,"✅","WEBHOOK SHOPIFY","HMAC, routage, déduplication ou persistance métier",1001,3
"src/elit21/shopify/webhooks/CustomerWebhookHandler.cpp",95,"✅","WEBHOOK SHOPIFY","HMAC, routage, déduplication ou persistance métier",980,3
"src/elit21/shopify/webhooks/FulfillmentWebhookHandler.cpp",95,"✅","WEBHOOK SHOPIFY","HMAC, routage, déduplication ou persistance métier",1013,3
"src/elit21/shopify/webhooks/InventoryWebhookHandler.cpp",95,"✅","WEBHOOK SHOPIFY","HMAC, routage, déduplication ou persistance métier",954,3
"src/elit21/shopify/webhooks/OrderWebhookHandler.cpp",95,"✅","WEBHOOK SHOPIFY","HMAC, routage, déduplication ou persistance métier",936,3
"src/elit21/shopify/webhooks/ProductWebhookHandler.cpp",95,"✅","WEBHOOK SHOPIFY","HMAC, routage, déduplication ou persistance métier",961,3
"src/elit21/shopify/webhooks/RefundWebhookHandler.cpp",95,"✅","WEBHOOK SHOPIFY","HMAC, routage, déduplication ou persistance métier",912,3
"src/elit21/shopify/webhooks/ShopWebhookHandler.cpp",95,"✅","WEBHOOK SHOPIFY","HMAC, routage, déduplication ou persistance métier",924,3
"src/elit21/shopify/webhooks/ShopifyWebhook.cpp",95,"✅","WEBHOOK SHOPIFY","HMAC, routage, déduplication ou persistance métier",3464,94
"src/elit21/shopify/webhooks/ShopifyWebhookDispatcher.cpp",95,"✅","WEBHOOK SHOPIFY","HMAC, routage, déduplication ou persistance métier",1022,3
"src/elit21/shopify/webhooks/ShopifyWebhookHandlerSupport.cpp",95,"✅","WEBHOOK SHOPIFY","HMAC, routage, déduplication ou persistance métier",931,4
"src/elit21/shopify/webhooks/ShopifyWebhookParser.cpp",95,"✅","WEBHOOK SHOPIFY","HMAC, routage, déduplication ou persistance métier",2299,13
"src/elit21/shopify/webhooks/ShopifyWebhookReceiver.cpp",95,"✅","WEBHOOK SHOPIFY","HMAC, routage, déduplication ou persistance métier",1412,3
"src/elit21/shopify/webhooks/ShopifyWebhookRegistrar.cpp",95,"✅","WEBHOOK SHOPIFY","HMAC, routage, déduplication ou persistance métier",1183,3
"src/elit21/shopify/webhooks/ShopifyWebhookSignatureVerifier.cpp",95,"✅","WEBHOOK SHOPIFY","HMAC, routage, déduplication ou persistance métier",1379,5
"src/elit21/shopify/webhooks/ShopifyWebhookTopic.cpp",95,"✅","WEBHOOK SHOPIFY","HMAC, routage, déduplication ou persistance métier",4547,82
"src/elit21/sourcing/CanadaProductEligibilityChecker.cpp",76,"🟡","ADAPTATEUR PARTAGÉ","invariants métier communs; spécialisation limitée",717,22
"src/elit21/sourcing/CandidateProduct.cpp",76,"🟡","ADAPTATEUR PARTAGÉ","invariants métier communs; spécialisation limitée",627,22
"src/elit21/sourcing/CandidateProductRepository.cpp",76,"🟡","ADAPTATEUR PARTAGÉ","invariants métier communs; spécialisation limitée",677,22
"src/elit21/sourcing/CatalogDiscoveryEngine.cpp",76,"🟡","ADAPTATEUR PARTAGÉ","invariants métier communs; spécialisation limitée",652,22
"src/elit21/sourcing/CompetitionAnalyzer.cpp",76,"🟡","ADAPTATEUR PARTAGÉ","invariants métier communs; spécialisation limitée",632,22
"src/elit21/sourcing/DuplicateProductDetector.cpp",76,"🟡","ADAPTATEUR PARTAGÉ","invariants métier communs; spécialisation limitée",657,22
"src/elit21/sourcing/ImageSearchDiscovery.cpp",76,"🟡","ADAPTATEUR PARTAGÉ","invariants métier communs; spécialisation limitée",637,22
"src/elit21/sourcing/MarginOpportunityAnalyzer.cpp",76,"🟡","ADAPTATEUR PARTAGÉ","invariants métier communs; spécialisation limitée",662,22
"src/elit21/sourcing/ProductCandidatePipeline.cpp",76,"🟡","ADAPTATEUR PARTAGÉ","invariants métier communs; spécialisation limitée",662,22
"src/elit21/sourcing/ProductEligibilityChecker.cpp",76,"🟡","ADAPTATEUR PARTAGÉ","invariants métier communs; spécialisation limitée",687,22
"src/elit21/sourcing/ProductQualityAnalyzer.cpp",76,"🟡","ADAPTATEUR PARTAGÉ","invariants métier communs; spécialisation limitée",647,22
"src/elit21/sourcing/ProductRecommendationDiscovery.cpp",76,"🟡","ADAPTATEUR PARTAGÉ","invariants métier communs; spécialisation limitée",697,22
"src/elit21/sourcing/ProductRiskAnalyzer.cpp",76,"🟡","ADAPTATEUR PARTAGÉ","invariants métier communs; spécialisation limitée",632,22
"src/elit21/sourcing/ProductScorer.cpp",76,"🟡","ADAPTATEUR PARTAGÉ","invariants métier communs; spécialisation limitée",627,22
"src/elit21/sourcing/ProductSelectionPolicy.cpp",76,"🟡","ADAPTATEUR PARTAGÉ","invariants métier communs; spécialisation limitée",672,22
"src/elit21/sourcing/ProhibitedProductDetector.cpp",76,"🟡","ADAPTATEUR PARTAGÉ","invariants métier communs; spécialisation limitée",662,22
"src/elit21/sourcing/ReviewScoreAnalyzer.cpp",76,"🟡","ADAPTATEUR PARTAGÉ","invariants métier communs; spécialisation limitée",632,22
"src/elit21/sourcing/SellerReliabilityAnalyzer.cpp",76,"🟡","ADAPTATEUR PARTAGÉ","invariants métier communs; spécialisation limitée",662,22
"src/elit21/sourcing/SellerScorer.cpp",76,"🟡","ADAPTATEUR PARTAGÉ","invariants métier communs; spécialisation limitée",610,22
"src/elit21/sourcing/ShippingEligibilityAnalyzer.cpp",76,"🟡","ADAPTATEUR PARTAGÉ","invariants métier communs; spécialisation limitée",672,22
"src/elit21/sourcing/SourcingCoordinator.cpp",76,"🟡","ADAPTATEUR PARTAGÉ","invariants métier communs; spécialisation limitée",637,22
"src/elit21/sourcing/SourcingDecision.cpp",76,"🟡","ADAPTATEUR PARTAGÉ","invariants métier communs; spécialisation limitée",627,22
"src/elit21/sourcing/SourcingEngine.cpp",68,"🟡","PARTIEL","interface ou module minimal",506,4
"src/elit21/sourcing/SourcingPolicy.cpp",76,"🟡","ADAPTATEUR PARTAGÉ","invariants métier communs; spécialisation limitée",620,22
"src/elit21/sourcing/TrendAnalyzer.cpp",76,"🟡","ADAPTATEUR PARTAGÉ","invariants métier communs; spécialisation limitée",602,22
"src/elit21/storage/BackupManager.cpp",76,"🟡","ADAPTATEUR PARTAGÉ","invariants métier communs; spécialisation limitée",603,22
"src/elit21/storage/Cache.cpp",76,"🟡","ADAPTATEUR PARTAGÉ","invariants métier communs; spécialisation limitée",572,22
"src/elit21/storage/CacheEntry.cpp",76,"🟡","ADAPTATEUR PARTAGÉ","invariants métier communs; spécialisation limitée",597,22
"src/elit21/storage/Database.cpp",97,"✅","MÉTIER AVANCÉ","logique métier et intégration détectées",86810,1446
"src/elit21/storage/DatabaseConnection.cpp",76,"🟡","ADAPTATEUR PARTAGÉ","invariants métier communs; spécialisation limitée",637,22
"src/elit21/storage/DatabaseMigrator.cpp",76,"🟡","ADAPTATEUR PARTAGÉ","invariants métier communs; spécialisation limitée",627,22
"src/elit21/storage/DatabaseTransaction.cpp",76,"🟡","ADAPTATEUR PARTAGÉ","invariants métier communs; spécialisation limitée",633,22
"src/elit21/storage/Entity.cpp",76,"🟡","ADAPTATEUR PARTAGÉ","invariants métier communs; spécialisation limitée",577,22
"src/elit21/storage/Migration.cpp",76,"🟡","ADAPTATEUR PARTAGÉ","invariants métier communs; spécialisation limitée",592,22
"src/elit21/storage/MigrationRepository.cpp",76,"🟡","ADAPTATEUR PARTAGÉ","invariants métier communs; spécialisation limitée",642,22
"src/elit21/storage/QueryBuilder.cpp",76,"🟡","ADAPTATEUR PARTAGÉ","invariants métier communs; spécialisation limitée",610,22
"src/elit21/storage/Repository.cpp",76,"🟡","ADAPTATEUR PARTAGÉ","invariants métier communs; spécialisation limitée",597,22
"src/elit21/storage/Row.cpp",76,"🟡","ADAPTATEUR PARTAGÉ","invariants métier communs; spécialisation limitée",562,22
"src/elit21/storage/SqliteConnection.cpp",76,"🟡","ADAPTATEUR PARTAGÉ","invariants métier communs; spécialisation limitée",627,22
"src/elit21/storage/SqliteDatabase.cpp",90,"✅","IMPLÉMENTÉ","implémentation substantielle",617,22
"src/elit21/storage/SqliteStatement.cpp",76,"🟡","ADAPTATEUR PARTAGÉ","invariants métier communs; spécialisation limitée",622,22
"src/elit21/storage/StorageHealthCheck.cpp",76,"🟡","ADAPTATEUR PARTAGÉ","invariants métier communs; spécialisation limitée",627,22
"src/elit21/storage/UnitOfWork.cpp",76,"🟡","ADAPTATEUR PARTAGÉ","invariants métier communs; spécialisation limitée",597,22
"src/elit21/terminal/AnsiTerminal.cpp",76,"🟡","ADAPTATEUR PARTAGÉ","invariants métier communs; spécialisation limitée",621,22
"src/elit21/terminal/CommandHistory.cpp",76,"🟡","ADAPTATEUR PARTAGÉ","invariants métier communs; spécialisation limitée",631,22
"src/elit21/terminal/CommandLine.cpp",76,"🟡","ADAPTATEUR PARTAGÉ","invariants métier communs; spécialisation limitée",616,22
"src/elit21/terminal/CommandParser.cpp",76,"🟡","ADAPTATEUR PARTAGÉ","invariants métier communs; spécialisation limitée",629,22
"src/elit21/terminal/CommandRegistry.cpp",76,"🟡","ADAPTATEUR PARTAGÉ","invariants métier communs; spécialisation limitée",636,22
"src/elit21/terminal/ConsoleInput.cpp",76,"🟡","ADAPTATEUR PARTAGÉ","invariants métier communs; spécialisation limitée",621,22
"src/elit21/terminal/ConsoleOutput.cpp",76,"🟡","ADAPTATEUR PARTAGÉ","invariants métier communs; spécialisation limitée",626,22
"src/elit21/terminal/Dashboard.cpp",68,"🟡","PARTIEL","interface ou module minimal",3888,26
"src/elit21/terminal/DashboardController.cpp",76,"🟡","ADAPTATEUR PARTAGÉ","invariants métier communs; spécialisation limitée",656,22
"src/elit21/terminal/FixedPositionRenderer.cpp",76,"🟡","ADAPTATEUR PARTAGÉ","invariants métier communs; spécialisation limitée",666,22
"src/elit21/terminal/KeyboardHandler.cpp",76,"🟡","ADAPTATEUR PARTAGÉ","invariants métier communs; spécialisation limitée",636,22
"src/elit21/terminal/Layout.cpp",76,"🟡","ADAPTATEUR PARTAGÉ","invariants métier communs; spécialisation limitée",591,22
"src/elit21/terminal/ProgressBar.cpp",76,"🟡","ADAPTATEUR PARTAGÉ","invariants métier communs; spécialisation limitée",616,22
"src/elit21/terminal/ScreenBuffer.cpp",76,"🟡","ADAPTATEUR PARTAGÉ","invariants métier communs; spécialisation limitée",621,22
"src/elit21/terminal/StatusCounter.cpp",76,"🟡","ADAPTATEUR PARTAGÉ","invariants métier communs; spécialisation limitée",626,22
"src/elit21/terminal/TableRenderer.cpp",76,"🟡","ADAPTATEUR PARTAGÉ","invariants métier communs; spécialisation limitée",626,22
"src/elit21/terminal/TerminalApplication.cpp",76,"🟡","ADAPTATEUR PARTAGÉ","invariants métier communs; spécialisation limitée",656,22
"src/elit21/terminal/TerminalColor.cpp",76,"🟡","ADAPTATEUR PARTAGÉ","invariants métier communs; spécialisation limitée",626,22
"src/elit21/terminal/TerminalCommand.cpp",76,"🟡","ADAPTATEUR PARTAGÉ","invariants métier communs; spécialisation limitée",636,22
"src/elit21/terminal/TerminalDimensions.cpp",76,"🟡","ADAPTATEUR PARTAGÉ","invariants métier communs; spécialisation limitée",651,22
"src/elit21/terminal/TerminalEvent.cpp",76,"🟡","ADAPTATEUR PARTAGÉ","invariants métier communs; spécialisation limitée",626,22
"src/elit21/terminal/TerminalPanel.cpp",76,"🟡","ADAPTATEUR PARTAGÉ","invariants métier communs; spécialisation limitée",626,22
"src/elit21/terminal/TerminalRenderer.cpp",76,"🟡","ADAPTATEUR PARTAGÉ","invariants métier communs; spécialisation limitée",641,22
"src/elit21/terminal/UnicodeSanitizer.cpp",76,"🟡","ADAPTATEUR PARTAGÉ","invariants métier communs; spécialisation limitée",644,22
"src/elit21/terminal/commands/ApproveCommand.cpp",76,"🟡","ADAPTATEUR PARTAGÉ","invariants métier communs; spécialisation limitée",671,22
"src/elit21/terminal/commands/BackupCommand.cpp",76,"🟡","ADAPTATEUR PARTAGÉ","invariants métier communs; spécialisation limitée",657,22
"src/elit21/terminal/commands/CatalogCommand.cpp",76,"🟡","ADAPTATEUR PARTAGÉ","invariants métier communs; spécialisation limitée",671,22
"src/elit21/terminal/commands/ConfigCommand.cpp",76,"🟡","ADAPTATEUR PARTAGÉ","invariants métier communs; spécialisation limitée",666,22
"src/elit21/terminal/commands/DiagnosticsCommand.cpp",76,"🟡","ADAPTATEUR PARTAGÉ","invariants métier communs; spécialisation limitée",691,22
"src/elit21/terminal/commands/FulfillmentCommand.cpp",76,"🟡","ADAPTATEUR PARTAGÉ","invariants métier communs; spécialisation limitée",691,22
"src/elit21/terminal/commands/HealthCommand.cpp",76,"🟡","ADAPTATEUR PARTAGÉ","invariants métier communs; spécialisation limitée",656,22
"src/elit21/terminal/commands/HelpCommand.cpp",76,"🟡","ADAPTATEUR PARTAGÉ","invariants métier communs; spécialisation limitée",656,22
"src/elit21/terminal/commands/InventoryCommand.cpp",76,"🟡","ADAPTATEUR PARTAGÉ","invariants métier communs; spécialisation limitée",681,22
"src/elit21/terminal/commands/OrderCommand.cpp",76,"🟡","ADAPTATEUR PARTAGÉ","invariants métier communs; spécialisation limitée",661,22
"src/elit21/terminal/commands/PauseCommand.cpp",76,"🟡","ADAPTATEUR PARTAGÉ","invariants métier communs; spécialisation limitée",661,22
"src/elit21/terminal/commands/PricingCommand.cpp",76,"🟡","ADAPTATEUR PARTAGÉ","invariants métier communs; spécialisation limitée",671,22
"src/elit21/terminal/commands/RejectCommand.cpp",76,"🟡","ADAPTATEUR PARTAGÉ","invariants métier communs; spécialisation limitée",666,22
"src/elit21/terminal/commands/ReportCommand.cpp",76,"🟡","ADAPTATEUR PARTAGÉ","invariants métier communs; spécialisation limitée",666,22
"src/elit21/terminal/commands/ResumeCommand.cpp",76,"🟡","ADAPTATEUR PARTAGÉ","invariants métier communs; spécialisation limitée",666,22
"src/elit21/terminal/commands/SourcingCommand.cpp",76,"🟡","ADAPTATEUR PARTAGÉ","invariants métier communs; spécialisation limitée",676,22
"src/elit21/terminal/commands/StartCommand.cpp",76,"🟡","ADAPTATEUR PARTAGÉ","invariants métier communs; spécialisation limitée",661,22
"src/elit21/terminal/commands/StatusCommand.cpp",76,"🟡","ADAPTATEUR PARTAGÉ","invariants métier communs; spécialisation limitée",666,22
"src/elit21/terminal/commands/StopCommand.cpp",76,"🟡","ADAPTATEUR PARTAGÉ","invariants métier communs; spécialisation limitée",656,22
"src/elit21/terminal/commands/SyncCommand.cpp",76,"🟡","ADAPTATEUR PARTAGÉ","invariants métier communs; spécialisation limitée",647,22
"src/elit21/terminal/panels/AlertsPanel.cpp",76,"🟡","ADAPTATEUR PARTAGÉ","invariants métier communs; spécialisation limitée",648,22
"src/elit21/terminal/panels/AliExpressPanel.cpp",76,"🟡","ADAPTATEUR PARTAGÉ","invariants métier communs; spécialisation limitée",668,22
"src/elit21/terminal/panels/AutomationPanel.cpp",76,"🟡","ADAPTATEUR PARTAGÉ","invariants métier communs; spécialisation limitée",668,22
"src/elit21/terminal/panels/CatalogPanel.cpp",76,"🟡","ADAPTATEUR PARTAGÉ","invariants métier communs; spécialisation limitée",653,22
"src/elit21/terminal/panels/CustomerPanel.cpp",76,"🟡","ADAPTATEUR PARTAGÉ","invariants métier communs; spécialisation limitée",658,22
"src/elit21/terminal/panels/FinancialPanel.cpp",76,"🟡","ADAPTATEUR PARTAGÉ","invariants métier communs; spécialisation limitée",663,22
"src/elit21/terminal/panels/FulfillmentPanel.cpp",76,"🟡","ADAPTATEUR PARTAGÉ","invariants métier communs; spécialisation limitée",673,22
"src/elit21/terminal/panels/HealthPanel.cpp",76,"🟡","ADAPTATEUR PARTAGÉ","invariants métier communs; spécialisation limitée",638,22
"src/elit21/terminal/panels/InventoryPanel.cpp",76,"🟡","ADAPTATEUR PARTAGÉ","invariants métier communs; spécialisation limitée",663,22
"src/elit21/terminal/panels/LogPanel.cpp",76,"🟡","ADAPTATEUR PARTAGÉ","invariants métier communs; spécialisation limitée",633,22
"src/elit21/terminal/panels/OrderPanel.cpp",76,"🟡","ADAPTATEUR PARTAGÉ","invariants métier communs; spécialisation limitée",643,22
"src/elit21/terminal/panels/ShopifyPanel.cpp",92,"✅","PANNEAU SHOPIFY","snapshot typé, métriques et rendu terminal fixe",5200,89
"src/elit21/terminal/panels/SourcingPanel.cpp",76,"🟡","ADAPTATEUR PARTAGÉ","invariants métier communs; spécialisation limitée",658,22
"src/elit21/terminal/panels/StatusPanel.cpp",76,"🟡","ADAPTATEUR PARTAGÉ","invariants métier communs; spécialisation limitée",648,22
"src/elit21/terminal/panels/SystemPanel.cpp",76,"🟡","ADAPTATEUR PARTAGÉ","invariants métier communs; spécialisation limitée",648,22
"src/elit21/util/StringUtil.cpp",68,"🟡","PARTIEL","interface ou module minimal",2095,17
"src/elit21/util/TimeUtil.cpp",84,"🟢","FONCTIONNEL","code dédié compilable",1525,63
"src/elit21/workflow/Activity.cpp",76,"🟡","ADAPTATEUR PARTAGÉ","invariants métier communs; spécialisation limitée",593,22
"src/elit21/workflow/ActivityContext.cpp",76,"🟡","ADAPTATEUR PARTAGÉ","invariants métier communs; spécialisation limitée",628,22
"src/elit21/workflow/ActivityResult.cpp",76,"🟡","ADAPTATEUR PARTAGÉ","invariants métier communs; spécialisation limitée",623,22
"src/elit21/workflow/CompensationAction.cpp",76,"🟡","ADAPTATEUR PARTAGÉ","invariants métier communs; spécialisation limitée",643,22
"src/elit21/workflow/Saga.cpp",76,"🟡","ADAPTATEUR PARTAGÉ","invariants métier communs; spécialisation limitée",568,22
"src/elit21/workflow/SagaCoordinator.cpp",76,"🟡","ADAPTATEUR PARTAGÉ","invariants métier communs; spécialisation limitée",623,22
"src/elit21/workflow/StateMachine.cpp",76,"🟡","ADAPTATEUR PARTAGÉ","invariants métier communs; spécialisation limitée",613,22
"src/elit21/workflow/StateTransition.cpp",76,"🟡","ADAPTATEUR PARTAGÉ","invariants métier communs; spécialisation limitée",628,22
"src/elit21/workflow/Workflow.cpp",76,"🟡","ADAPTATEUR PARTAGÉ","invariants métier communs; spécialisation limitée",588,22
"src/elit21/workflow/WorkflowCheckpoint.cpp",76,"🟡","ADAPTATEUR PARTAGÉ","invariants métier communs; spécialisation limitée",638,22
"src/elit21/workflow/WorkflowContext.cpp",76,"🟡","ADAPTATEUR PARTAGÉ","invariants métier communs; spécialisation limitée",623,22
"src/elit21/workflow/WorkflowDefinition.cpp",76,"🟡","ADAPTATEUR PARTAGÉ","invariants métier communs; spécialisation limitée",638,22
"src/elit21/workflow/WorkflowEngine.cpp",76,"🟡","ADAPTATEUR PARTAGÉ","invariants métier communs; spécialisation limitée",618,22
"src/elit21/workflow/WorkflowInstance.cpp",76,"🟡","ADAPTATEUR PARTAGÉ","invariants métier communs; spécialisation limitée",628,22
"src/elit21/workflow/WorkflowRepository.cpp",76,"🟡","ADAPTATEUR PARTAGÉ","invariants métier communs; spécialisation limitée",638,22
"src/elit21/workflow/WorkflowScheduler.cpp",76,"🟡","ADAPTATEUR PARTAGÉ","invariants métier communs; spécialisation limitée",629,22
"src/elit21/workflow/WorkflowState.cpp",76,"🟡","ADAPTATEUR PARTAGÉ","invariants métier communs; spécialisation limitée",613,22
"tests/CMakeLists.txt",88,"📘","DOCUMENTÉ","documentation ou rapport",787,9
"tests/TestScenarios.h",97,"✅","MÉTIER AVANCÉ","logique métier et intégration détectées",35292,694
"tests/contract/AliExpressIopContractTests.cpp",95,"🧪✅","TEST RÉEL","scénario exécutable et assertions métier",134,6
"tests/contract/AliExpressTopContractTests.cpp",95,"🧪✅","TEST RÉEL","scénario exécutable et assertions métier",134,6
"tests/contract/MappingContractTests.cpp",95,"🧪✅","TEST RÉEL","scénario exécutable et assertions métier",128,6
"tests/contract/ShopifyGraphqlContractTests.cpp",95,"🧪✅","TEST RÉEL","scénario exécutable et assertions métier",226,6
"tests/contract/ShopifyWebhookContractTests.cpp",95,"🧪✅","TEST RÉEL","scénario exécutable et assertions métier",132,6
"tests/end_to_end/CustomerOrderEndToEndTests.cpp",95,"🧪✅","TEST RÉEL","scénario exécutable et assertions métier",136,6
"tests/end_to_end/FulfillmentEndToEndTests.cpp",95,"🧪✅","TEST RÉEL","scénario exécutable et assertions métier",134,6
"tests/end_to_end/InventorySyncEndToEndTests.cpp",95,"🧪✅","TEST RÉEL","scénario exécutable et assertions métier",135,6
"tests/end_to_end/ProductImportEndToEndTests.cpp",95,"🧪✅","TEST RÉEL","scénario exécutable et assertions métier",133,6
"tests/end_to_end/RecoveryEndToEndTests.cpp",95,"🧪✅","TEST RÉEL","scénario exécutable et assertions métier",129,6
"tests/end_to_end/RefundEndToEndTests.cpp",95,"🧪✅","TEST RÉEL","scénario exécutable et assertions métier",129,6
"tests/end_to_end/SupplierOrderEndToEndTests.cpp",95,"🧪✅","TEST RÉEL","scénario exécutable et assertions métier",136,6
"tests/extended_test_main.cpp",95,"🧪✅","TEST RÉEL","scénario exécutable et assertions métier",10886,144
"tests/fault_injection/AliExpressTimeoutTests.cpp",95,"🧪✅","TEST RÉEL","scénario exécutable et assertions métier",137,6
"tests/fault_injection/DatabaseFailureTests.cpp",95,"🧪✅","TEST RÉEL","scénario exécutable et assertions métier",133,6
"tests/fault_injection/DuplicateWebhookTests.cpp",95,"🧪✅","TEST RÉEL","scénario exécutable et assertions métier",134,6
"tests/fault_injection/NetworkFailureTests.cpp",95,"🧪✅","TEST RÉEL","scénario exécutable et assertions métier",134,6
"tests/fault_injection/ProcessCrashRecoveryTests.cpp",95,"🧪✅","TEST RÉEL","scénario exécutable et assertions métier",138,6
"tests/fault_injection/ShopifyThrottleTests.cpp",95,"🧪✅","TEST RÉEL","scénario exécutable et assertions métier",132,6
"tests/fault_injection/TokenExpirationTests.cpp",95,"🧪✅","TEST RÉEL","scénario exécutable et assertions métier",135,6
"tests/integration/AliExpressFreightIntegrationTests.cpp",95,"🧪✅","TEST RÉEL","scénario exécutable et assertions métier",144,6
"tests/integration/AliExpressOrderIntegrationTests.cpp",95,"🧪✅","TEST RÉEL","scénario exécutable et assertions métier",142,6
"tests/integration/AliExpressProductIntegrationTests.cpp",95,"🧪✅","TEST RÉEL","scénario exécutable et assertions métier",144,6
"tests/integration/AliExpressTrackingIntegrationTests.cpp",95,"🧪✅","TEST RÉEL","scénario exécutable et assertions métier",145,6
"tests/integration/AliExpressTransportIntegrationTests.cpp",95,"🧪✅","TEST RÉEL","scénario exécutable et assertions métier",146,6
"tests/integration/DatabaseIntegrationTests.cpp",95,"🧪✅","TEST RÉEL","scénario exécutable et assertions métier",133,6
"tests/integration/ShopifyBulkOperationIntegrationTests.cpp",95,"🧪✅","TEST RÉEL","scénario exécutable et assertions métier",144,6
"tests/integration/ShopifyGraphqlIntegrationTests.cpp",95,"🧪✅","TEST RÉEL","scénario exécutable et assertions métier",232,6
"tests/integration/ShopifyWebhookIntegrationTests.cpp",95,"🧪✅","TEST RÉEL","scénario exécutable et assertions métier",138,6
"tests/integration/WorkflowIntegrationTests.cpp",95,"🧪✅","TEST RÉEL","scénario exécutable et assertions métier",135,6
"tests/mocks/MockAliExpressClient.cpp",95,"🧪✅","TEST RÉEL","scénario exécutable et assertions métier",119,4
"tests/mocks/MockAliExpressClient.h",68,"🟡","PARTIEL","interface ou module minimal",455,15
"tests/mocks/MockClock.cpp",95,"🧪✅","TEST RÉEL","scénario exécutable et assertions métier",97,4
"tests/mocks/MockClock.h",68,"🟡","PARTIEL","interface ou module minimal",444,15
"tests/mocks/MockDatabase.cpp",95,"🧪✅","TEST RÉEL","scénario exécutable et assertions métier",103,4
"tests/mocks/MockDatabase.h",68,"🟡","PARTIEL","interface ou module minimal",447,15
"tests/mocks/MockHttpClient.cpp",95,"🧪✅","TEST RÉEL","scénario exécutable et assertions métier",107,4
"tests/mocks/MockHttpClient.h",90,"✅","IMPLÉMENTÉ","implémentation substantielle",449,15
"tests/mocks/MockShopifyClient.cpp",95,"🧪✅","TEST RÉEL","scénario exécutable et assertions métier",113,4
"tests/mocks/MockShopifyClient.h",90,"✅","IMPLÉMENTÉ","implémentation substantielle",452,15
"tests/mocks/MockTaskQueue.cpp",95,"🧪✅","TEST RÉEL","scénario exécutable et assertions métier",105,4
"tests/mocks/MockTaskQueue.h",68,"🟡","PARTIEL","interface ou module minimal",448,15
"tests/performance/CatalogSyncBenchmark.cpp",95,"🧪✅","TEST RÉEL","scénario exécutable et assertions métier",128,6
"tests/performance/DatabaseBenchmark.cpp",95,"🧪✅","TEST RÉEL","scénario exécutable et assertions métier",126,6
"tests/performance/InventorySyncBenchmark.cpp",95,"🧪✅","TEST RÉEL","scénario exécutable et assertions métier",132,6
"tests/performance/OrderProcessingBenchmark.cpp",95,"🧪✅","TEST RÉEL","scénario exécutable et assertions métier",135,6
"tests/performance/WebhookThroughputBenchmark.cpp",95,"🧪✅","TEST RÉEL","scénario exécutable et assertions métier",134,6
"tests/security/CredentialEncryptionTests.cpp",95,"🧪✅","TEST RÉEL","scénario exécutable et assertions métier",133,6
"tests/security/HmacVerificationTests.cpp",95,"🧪✅","TEST RÉEL","scénario exécutable et assertions métier",126,6
"tests/security/ReplayProtectionTests.cpp",95,"🧪✅","TEST RÉEL","scénario exécutable et assertions métier",126,6
"tests/security/RequestSigningTests.cpp",95,"🧪✅","TEST RÉEL","scénario exécutable et assertions métier",127,6
"tests/security/SecretRedactionTests.cpp",95,"🧪✅","TEST RÉEL","scénario exécutable et assertions métier",128,6
"tests/security/SqlInjectionResistanceTests.cpp",95,"🧪✅","TEST RÉEL","scénario exécutable et assertions métier",133,6
"tests/unit/aliexpress/AliexpressModuleTests.cpp",95,"🧪✅","TEST RÉEL","scénario exécutable et assertions métier",136,6
"tests/unit/automation/AutomationModuleTests.cpp",95,"🧪✅","TEST RÉEL","scénario exécutable et assertions métier",136,6
"tests/unit/catalog/CatalogModuleTests.cpp",95,"🧪✅","TEST RÉEL","scénario exécutable et assertions métier",130,6
"tests/unit/compliance/ComplianceModuleTests.cpp",95,"🧪✅","TEST RÉEL","scénario exécutable et assertions métier",136,6
"tests/unit/configuration/ConfigurationModuleTests.cpp",95,"🧪✅","TEST RÉEL","scénario exécutable et assertions métier",142,6
"tests/unit/core/CoreModuleTests.cpp",95,"🧪✅","TEST RÉEL","scénario exécutable et assertions métier",124,6
"tests/unit/finance/FinanceModuleTests.cpp",95,"🧪✅","TEST RÉEL","scénario exécutable et assertions métier",130,6
"tests/unit/fulfillment/FulfillmentModuleTests.cpp",95,"🧪✅","TEST RÉEL","scénario exécutable et assertions métier",138,6
"tests/unit/inventory/InventoryModuleTests.cpp",95,"🧪✅","TEST RÉEL","scénario exécutable et assertions métier",133,6
"tests/unit/mapping/MappingModuleTests.cpp",95,"🧪✅","TEST RÉEL","scénario exécutable et assertions métier",130,6
"tests/unit/orders/OrdersModuleTests.cpp",95,"🧪✅","TEST RÉEL","scénario exécutable et assertions métier",128,6
"tests/unit/pricing/PricingModuleTests.cpp",95,"🧪✅","TEST RÉEL","scénario exécutable et assertions métier",127,6
"tests/unit/returns/ReturnsModuleTests.cpp",95,"🧪✅","TEST RÉEL","scénario exécutable et assertions métier",130,6
"tests/unit/risk/RiskModuleTests.cpp",95,"🧪✅","TEST RÉEL","scénario exécutable et assertions métier",124,6
"tests/unit/security/SecurityModuleTests.cpp",95,"🧪✅","TEST RÉEL","scénario exécutable et assertions métier",132,6
"tests/unit/shopify/ShopifyModuleTests.cpp",95,"🧪✅","TEST RÉEL","scénario exécutable et assertions métier",221,6
"tests/unit/sourcing/SourcingModuleTests.cpp",95,"🧪✅","TEST RÉEL","scénario exécutable et assertions métier",132,6
"tests/unit/storage/StorageModuleTests.cpp",95,"🧪✅","TEST RÉEL","scénario exécutable et assertions métier",128,6
"tests/unit/terminal/TerminalModuleTests.cpp",95,"🧪✅","TEST RÉEL","scénario exécutable et assertions métier",132,6
"tests/unit_tests.cpp",95,"🧪✅","TEST RÉEL","scénario exécutable et assertions métier",24138,448
"tools/aliexpress_request_tester/main.cpp",68,"🟡","PARTIEL","interface ou module minimal",820,7
"tools/database_inspector/main.cpp",90,"✅","IMPLÉMENTÉ","implémentation substantielle",1041,6
"tools/graphql_query_tester/main.cpp",90,"✅","IMPLÉMENTÉ","implémentation substantielle",1497,43
"tools/inventory_reconciler/main.cpp",90,"✅","IMPLÉMENTÉ","implémentation substantielle",804,5
"tools/log_analyzer/main.cpp",68,"🟡","PARTIEL","interface ou module minimal",561,6
"tools/order_reconciler/main.cpp",90,"✅","IMPLÉMENTÉ","implémentation substantielle",680,5
"tools/product_mapping_editor/main.cpp",90,"✅","IMPLÉMENTÉ","implémentation substantielle",1084,5
"tools/project_progress_analyzer/main.cpp",68,"🟡","PARTIEL","interface ou module minimal",1206,29
"tools/secret_generator/main.cpp",68,"🟡","PARTIEL","interface ou module minimal",252,5
"tools/shopify_app_config_generator/main.cpp",68,"🟡","PARTIEL","interface ou module minimal",1108,28
"tools/webhook_replayer/main.cpp",68,"🟡","PARTIEL","interface ou module minimal",963,8
