path,emoji,score_percent,category,detail,bytes,sha256
.editorconfig,✅,85,project-file,fichier de projet présent et non vide,141,f73232b8c30181451dee4772a144c46bc6b3754feade723bddd95179c417e53a
.env.example,🔐⚙️,78,external-configuration,configuration valide; identifiants et permissions réels requis,241,57ca83d2c9aa7fb2d7177db0f1d148cfc21b1f27a4a34094e25171e588bda987
.gitignore,✅,85,project-file,fichier de projet présent et non vide,87,9838951f265bc9b1b865279909e35dd51ec8b731ff620e13dbd27c713175facd
apps/aliexpress_oauth_helper/main.cpp,✅,90,operational-entrypoint,exécutable terminal opérationnel compilé et lié,1655,4061f7cc52200e8d9ae9c73de1feb20514ffe39a2b2b94f21cb175205849433d
apps/autonomous_manager/main.cpp,✅,90,operational-entrypoint,exécutable terminal opérationnel compilé et lié,808,62279771138cdff367a277d267a646a8d2afb6b82f747ef05c36fbaf0d57f808
apps/backup_manager/main.cpp,✅,90,operational-entrypoint,exécutable terminal opérationnel compilé et lié,799,aa4554ccf129498ec20062839409e86b301339936149bcf698b48662181af470
apps/configuration_validator/main.cpp,✅,90,operational-entrypoint,exécutable terminal opérationnel compilé et lié,310,d204f201e9324f41d5a9ac9444ac70f2da0b3da1ccd5d84f0f11146458d173b7
apps/database_migrator/main.cpp,✅,90,operational-entrypoint,exécutable terminal opérationnel compilé et lié,681,f0b3d9ebdd7b016f9eb107febfcf317e14f8aab5f1fbf56926af859d7a37cb8b
apps/diagnostics/main.cpp,✅,90,operational-entrypoint,exécutable terminal opérationnel compilé et lié,1171,451229fa40c17c0806754d9e2ef56f064f25ee7ebceca555b6b086cef64098d4
apps/emergency_recovery/main.cpp,✅,90,operational-entrypoint,exécutable terminal opérationnel compilé et lié,737,ce880ac26ea157f7557f1052cd3a954fdb9f612303a6fd9e4902409f8cb04c95
apps/manager/main.cpp,✅,90,operational-entrypoint,exécutable terminal opérationnel compilé et lié,992,a10f8249de5db28f62b11dbe22d75af35cffadaa077b71a94dabc1cc08583e82
apps/replay_tool/main.cpp,✅,90,operational-entrypoint,exécutable terminal opérationnel compilé et lié,687,e8b349342f560a960e7cfccdb177de9035877295ac7b31314809ebbc88428978
apps/sandbox_simulator/main.cpp,✅,90,operational-entrypoint,exécutable terminal opérationnel compilé et lié,646,0477dd471ea728912613fe9da1f779da7b8771e97cb98c4ae15c49f8cdfc0856
apps/scheduler_service/main.cpp,✅,90,operational-entrypoint,exécutable terminal opérationnel compilé et lié,2616,845f4b7da47abc9cbc55ffa06d5375e4953b43b3a4130c948c5fb5a566e6e029
apps/shopify_oauth_helper/main.cpp,✅,90,operational-entrypoint,exécutable terminal opérationnel compilé et lié,1630,2e9368375ca40996b643986166a0f94c292f4422f818cf9cd7965b41ff71b032
apps/webhook_server/main.cpp,✅,90,operational-entrypoint,exécutable terminal opérationnel compilé et lié,4409,790727310d8561769c8fb994c984a79d8805f4f406c5b01082b1cbec2e06ba61
apps/worker_service/main.cpp,✅,90,operational-entrypoint,exécutable terminal opérationnel compilé et lié,9752,52d1ee16e6a5c190ed4cabe66f35e85894c7015c6031391968c7b6cef5724469
CHANGELOG.md,📘,90,documentation,documentation maintenue; ne remplace pas une validation API réelle,2169,609e1bcbc6e9f7e2101390fca38465d646feb41038cd70c525b39ed03b5fa866
cmake/CompilerOptions.cmake,🛠️✅,92,build-tooling,"construction, script ou emballage validé par compilation Release",93,5207865c1de882e3a0eee53d49a91c2478d59f9548c2224d5205cabd9b50c6ad
cmake/CompilerWarnings.cmake,🛠️✅,92,build-tooling,"construction, script ou emballage validé par compilation Release",119,c769e53fd06f433080e823078e4571c18366d7cdf1c7a2ff0cb6062137635101
cmake/Dependencies.cmake,🛠️✅,92,build-tooling,"construction, script ou emballage validé par compilation Release",212,87a6662ee92ed6a3ac27d23b9a584cf6c7227eac77272299a08a4b19a9a6db73
cmake/InstallLayout.cmake,🛠️✅,92,build-tooling,"construction, script ou emballage validé par compilation Release",24,118eb4b5dead600e2d90359400161264ae08fb0705cafa6a76af0652d7d8ad12
cmake/LinuxToolchain.cmake,🛠️✅,92,build-tooling,"construction, script ou emballage validé par compilation Release",29,57eeb42940634c1babbefe2fc9ae4232843a11e9a6d862c3e6490a875ba06c8d
cmake/MingwToolchain.cmake,🛠️✅,92,build-tooling,"construction, script ou emballage validé par compilation Release",78,3fb39c844017be8430e4ee0e7a4952d0596844162c0ebfb2d57f438ba1b62e67
cmake/Packaging.cmake,🛠️✅,92,build-tooling,"construction, script ou emballage validé par compilation Release",134,fd9f5f76ec55a3a340f4d2df0d3cd3f9850b839f8081b75bc9f7841163b78001
cmake/Sanitizers.cmake,🛠️✅,92,build-tooling,"construction, script ou emballage validé par compilation Release",249,35342eb41fb5d13380c7827ceb0e425fcee33bf8a66632f0a8fd4926ede8007d
cmake/StaticAnalysis.cmake,🛠️✅,92,build-tooling,"construction, script ou emballage validé par compilation Release",233,c2e60fd4b05817cece0747cfff18c3946cad8323bcb4cd66283e65fbce587c91
cmake/TestConfiguration.cmake,🛠️✅,92,build-tooling,"construction, script ou emballage validé par compilation Release",32,607ebea9a5ff8bc0a82b022e747ff04c978f47df9925c721aee4bb4f58344f2d
cmake/VersionInfo.cmake,🛠️✅,92,build-tooling,"construction, script ou emballage validé par compilation Release",83,c7c2668855f48b56e627f792bdaf6703cd94f4468215dd4b1041f8ed95ad6ecc
cmake/WindowsToolchain.cmake,🛠️✅,92,build-tooling,"construction, script ou emballage validé par compilation Release",31,71cfea863818aa56fda9cb5f078b7a2cd13f97ad40e632cb1b1e884fab33fcd2
CMakeLists.txt,🛠️✅,92,build-tooling,"construction, script ou emballage validé par compilation Release",2901,1498c06a4b221a51efcba32389d81a6f709ff3781e1240a5b64966b036b0e75e
CMakePresets.json,⚙️✅,90,configuration,configuration ou schéma valide,1686,5123e0826fcc7cd5cc72e7317d3564421df6702ba714452e80d8bc3e313da568
config/aliexpress.example.json,🔐⚙️,78,external-configuration,configuration valide; identifiants et permissions réels requis,306,08a3b3c9b602106f0cab3f978738379c6e22284998d0e740fe530352fd609da9
config/app.example.json,⚙️✅,90,configuration,configuration ou schéma valide,1830,dfc4cc985e04f26247f5a3c4fda0cf29a4604a015a4c42a1cfd90648e1bbf269
config/app.json,⚙️✅,90,configuration,configuration ou schéma valide,1830,dfc4cc985e04f26247f5a3c4fda0cf29a4604a015a4c42a1cfd90648e1bbf269
config/application.example.json,⚙️✅,90,configuration,configuration ou schéma valide,175,6c382c8a51fa492e6c1af7df5a7dbd04a8613cc4c549b6851e6ae2b5140a57d9
config/automation.example.json,⚙️✅,90,configuration,configuration ou schéma valide,191,bf6d7bae70d588366e9d0014648eb23b837bc6641ad3283885bd647767995c12
config/canada_compliance.example.json,⚙️✅,90,configuration,configuration ou schéma valide,172,a663d38ac89078f871a9af1eeef659a9e9d036f215f5f49c423a0aafba61cb7e
config/customer_service.example.json,⚙️✅,90,configuration,configuration ou schéma valide,157,ef0ea41f4ae1dcc688a9bc91385968cdbb8a30d01cc461a03273ee253d5bd897
config/database.example.json,⚙️✅,90,configuration,configuration ou schéma valide,159,a3dd9bdc2ce3ba085ff6af4a32ec4e58b98df74f5aaa0ec6999d072761bb578f
config/development.example.json,⚙️✅,90,configuration,configuration ou schéma valide,104,c8bc56db15c73694fb54743f6b68a854f0c35ee488213e57488c45e9e7be5b58
config/fulfillment.example.json,⚙️✅,90,configuration,configuration ou schéma valide,149,9b44b398274266e93f03e2a663ff7e5575459b04bf838ad15a03dcabb3e9e2a7
config/inventory.example.json,⚙️✅,90,configuration,configuration ou schéma valide,143,4bc555ded596f63873ce4098b35cc8e4ee726e48b0e1888be620782603032b90
config/logging.example.json,⚙️✅,90,configuration,configuration ou schéma valide,132,73b2d8ae47578ae2f5949497757a223f29960ce974fb8d27d08cdd12e13cdf60
config/notifications.example.json,⚙️✅,90,configuration,configuration ou schéma valide,127,19e12052adfc0de91aaffa70d7db28d6d007270021c73c8f04d235a7a07286fc
config/pricing.example.json,⚙️✅,90,configuration,configuration ou schéma valide,208,dad167a0ae64c7ca2e2800864bf6038eee552e7df048f24b0f37fa879160e112
config/production.example.json,⚙️✅,90,configuration,configuration ou schéma valide,139,a27019a083c92fec836e8cc3486b002ff38fbaa250c85be9142c80a99baafc52
config/secrets.example.env,🔐⚙️,78,external-configuration,configuration valide; identifiants et permissions réels requis,133,f3de36fe0ed986753eae0a7f788c2d5f57405d551065d635579fb0f340cd0413
config/security.example.json,⚙️✅,90,configuration,configuration ou schéma valide,158,af253c9841e701c48b1a9d0c4ee2483f7b715b2c8adc6d268ff73900d67fa383
config/shopify.example.json,🔐⚙️,78,external-configuration,configuration valide; identifiants et permissions réels requis,262,aa992fd77a24a748706136c2c35daf43f24902bf6681ea70fe6badf1e4cdb6e6
config/sourcing.example.json,⚙️✅,90,configuration,configuration ou schéma valide,169,bd6416f09a9cb118f81329331c3d6b00aeb285be635c6c5c60ff5c4fd09661ca
config/terminal_ui.example.json,⚙️✅,90,configuration,configuration ou schéma valide,132,58c67446cedfab8088c40543694f903c65b61105f51491df96592fcff5fe01f3
CONTRIBUTING.md,📘,90,documentation,documentation maintenue; ne remplace pas une validation API réelle,193,2198fe15cd1459d7eb1babfc577075267326c2d67ff966a720e3a388e1bcf7f6
data/audit/.gitkeep,💤,100,runtime-placeholder,dossier runtime conservé sans donnée générée,44,5f3cf706e3945803c222f0e93f25dbe9f3e2f759712d9d09a7ca2884399f4744
data/backups/.gitkeep,💤,100,runtime-placeholder,dossier runtime conservé sans donnée générée,44,5f3cf706e3945803c222f0e93f25dbe9f3e2f759712d9d09a7ca2884399f4744
data/cache/.gitkeep,💤,100,runtime-placeholder,dossier runtime conservé sans donnée générée,44,5f3cf706e3945803c222f0e93f25dbe9f3e2f759712d9d09a7ca2884399f4744
data/database/.gitkeep,💤,100,runtime-placeholder,dossier runtime conservé sans donnée générée,44,5f3cf706e3945803c222f0e93f25dbe9f3e2f759712d9d09a7ca2884399f4744
data/exports/.gitkeep,💤,100,runtime-placeholder,dossier runtime conservé sans donnée générée,44,5f3cf706e3945803c222f0e93f25dbe9f3e2f759712d9d09a7ca2884399f4744
data/exports/accounting/.gitkeep,💤,100,runtime-placeholder,dossier runtime conservé sans donnée générée,44,5f3cf706e3945803c222f0e93f25dbe9f3e2f759712d9d09a7ca2884399f4744
data/exports/analytics/.gitkeep,💤,100,runtime-placeholder,dossier runtime conservé sans donnée générée,44,5f3cf706e3945803c222f0e93f25dbe9f3e2f759712d9d09a7ca2884399f4744
data/exports/catalog/.gitkeep,💤,100,runtime-placeholder,dossier runtime conservé sans donnée générée,44,5f3cf706e3945803c222f0e93f25dbe9f3e2f759712d9d09a7ca2884399f4744
data/exports/customers/.gitkeep,💤,100,runtime-placeholder,dossier runtime conservé sans donnée générée,44,5f3cf706e3945803c222f0e93f25dbe9f3e2f759712d9d09a7ca2884399f4744
data/exports/inventory/.gitkeep,💤,100,runtime-placeholder,dossier runtime conservé sans donnée générée,44,5f3cf706e3945803c222f0e93f25dbe9f3e2f759712d9d09a7ca2884399f4744
data/exports/orders/.gitkeep,💤,100,runtime-placeholder,dossier runtime conservé sans donnée générée,44,5f3cf706e3945803c222f0e93f25dbe9f3e2f759712d9d09a7ca2884399f4744
data/exports/taxes/.gitkeep,💤,100,runtime-placeholder,dossier runtime conservé sans donnée générée,44,5f3cf706e3945803c222f0e93f25dbe9f3e2f759712d9d09a7ca2884399f4744
data/imports/.gitkeep,💤,100,runtime-placeholder,dossier runtime conservé sans donnée générée,44,5f3cf706e3945803c222f0e93f25dbe9f3e2f759712d9d09a7ca2884399f4744
data/logs/.gitkeep,💤,100,runtime-placeholder,dossier runtime conservé sans donnée générée,44,5f3cf706e3945803c222f0e93f25dbe9f3e2f759712d9d09a7ca2884399f4744
data/queue/.gitkeep,💤,100,runtime-placeholder,dossier runtime conservé sans donnée générée,44,5f3cf706e3945803c222f0e93f25dbe9f3e2f759712d9d09a7ca2884399f4744
data/queue/completed/.gitkeep,💤,100,runtime-placeholder,dossier runtime conservé sans donnée générée,44,5f3cf706e3945803c222f0e93f25dbe9f3e2f759712d9d09a7ca2884399f4744
data/queue/dead_letter/.gitkeep,💤,100,runtime-placeholder,dossier runtime conservé sans donnée générée,44,5f3cf706e3945803c222f0e93f25dbe9f3e2f759712d9d09a7ca2884399f4744
data/queue/failed/.gitkeep,💤,100,runtime-placeholder,dossier runtime conservé sans donnée générée,44,5f3cf706e3945803c222f0e93f25dbe9f3e2f759712d9d09a7ca2884399f4744
data/queue/pending/.gitkeep,💤,100,runtime-placeholder,dossier runtime conservé sans donnée générée,44,5f3cf706e3945803c222f0e93f25dbe9f3e2f759712d9d09a7ca2884399f4744
data/queue/processing/.gitkeep,💤,100,runtime-placeholder,dossier runtime conservé sans donnée générée,44,5f3cf706e3945803c222f0e93f25dbe9f3e2f759712d9d09a7ca2884399f4744
data/reports/.gitkeep,💤,100,runtime-placeholder,dossier runtime conservé sans donnée générée,44,5f3cf706e3945803c222f0e93f25dbe9f3e2f759712d9d09a7ca2884399f4744
data/runtime/.gitkeep,💤,100,runtime-placeholder,dossier runtime conservé sans donnée générée,44,5f3cf706e3945803c222f0e93f25dbe9f3e2f759712d9d09a7ca2884399f4744
data/temporary/.gitkeep,💤,100,runtime-placeholder,dossier runtime conservé sans donnée générée,44,5f3cf706e3945803c222f0e93f25dbe9f3e2f759712d9d09a7ca2884399f4744
docs/ALIEXPRESS_INTEGRATION.md,📘,90,documentation,documentation maintenue; ne remplace pas une validation API réelle,281,43929dedb5b2bd26e1aeebc5e8bbe5da58f05dd7b90b890853a9b124d559f71b
docs/API_ENDPOINTS.md,📘,90,documentation,documentation maintenue; ne remplace pas une validation API réelle,713,d897b39832943788f787c8ed155c7d8dae1457cefd4a0425242b4a93650978c1
docs/ARCHITECTURE.md,📘,90,documentation,documentation maintenue; ne remplace pas une validation API réelle,235,6c9b9ef66f2d65525dfb12c8e6c41a67104c1bb45ed31e811322751de2ef689a
docs/AUTONOMOUS_WORKFLOWS.md,📘,90,documentation,documentation maintenue; ne remplace pas une validation API réelle,364,8b020008ef84eb64a3ecd514c3d39d3a95ce3c2de622ad742ea58cd33d916421
docs/BUILD_LINUX.md,📘,90,documentation,documentation maintenue; ne remplace pas une validation API réelle,180,571a08bdc9f7c238bd79c850fb19136e37139f0587f8cca8d4416faff335a1be
docs/BUILD_WINDOWS_MSVC.md,📘,90,documentation,documentation maintenue; ne remplace pas une validation API réelle,168,f80e7b46b63b16317b278b9f2d1019edc5d8db3cf335e09da29a96427db1ebec
docs/BUILD_WINDOWS_MSYS2.md,📘,90,documentation,documentation maintenue; ne remplace pas une validation API réelle,183,974e31ce6d738db5f32826efb8ce6185848905e83fbfbc4b609f0f0861d6327b
docs/CANADA.md,📘,90,documentation,documentation maintenue; ne remplace pas une validation API réelle,322,a42c2ad3e96467182b7191158896bb7ea2ac825b2d3f592e18eb425b919cb6f7
docs/CANADA_CONFIGURATION.md,📘,90,documentation,documentation maintenue; ne remplace pas une validation API réelle,219,bb89ab413a562a5031512d028766c4cdd3bf2541abe215e00497742a04f7b447
docs/CONFIGURATION.md,📘,90,documentation,documentation maintenue; ne remplace pas une validation API réelle,182,1da208f515942ac074179ab4f146ef7ec9333ffaa108f1bfeeeaf33d9799c3a8
docs/DATABASE_SCHEMA.md,📘,90,documentation,documentation maintenue; ne remplace pas une validation API réelle,231,f0ac0807e037bc98341e1201d8317e4d03cf016a9c263fe443d235e20d0f97b1
docs/DEPLOYMENT.md,📘,90,documentation,documentation maintenue; ne remplace pas une validation API réelle,209,29aff8a4c32b8cb00da73f4ae6542b062673b28a0efd5b3233895306e65803e3
docs/DISASTER_RECOVERY.md,📘,90,documentation,documentation maintenue; ne remplace pas une validation API réelle,202,65b3c908d1fae33854f27da54103e6452e4276f64ab9ee18dbd9d070d3182995
docs/IMPROVEMENTS_V3.md,📘,90,documentation,documentation maintenue; ne remplace pas une validation API réelle,1343,7bf355844f8fc2711d4048f6a137936fa0acad13d25d0676e98c571dc6ac21e3
docs/PRODUCTION_READINESS.md,📘,90,documentation,documentation maintenue; ne remplace pas une validation API réelle,1389,526f749de917e6689f5e85e49fc40a1a3bd85fe952d9c7eb33f0ba76df4c4820
docs/README_V2_ARCHIVE.md,📘,90,documentation,documentation maintenue; ne remplace pas une validation API réelle,4446,07c9a2aa06dac09034051b429835e90055ef7b0e598122c12bcaff2eba771da2
docs/SECURITY.md,📘,90,documentation,documentation maintenue; ne remplace pas une validation API réelle,302,651005048f9b61ec678e695dc37bb294ee3316a55b802efc8b464cdbcdfb3189
docs/SECURITY_MODEL.md,📘,90,documentation,documentation maintenue; ne remplace pas une validation API réelle,182,a7748d96aba8987708384fecb13c3df15efba24413d0d0bd0505ea0b1ea44cdf
docs/SHOPIFY_INTEGRATION.md,📘,90,documentation,documentation maintenue; ne remplace pas une validation API réelle,232,30ec47710d810eed150b2de6dd9d2b194a7dfab630a1270bc3aa2db6d10387d1
docs/TERMINAL_COMMANDS.md,📘,90,documentation,documentation maintenue; ne remplace pas une validation API réelle,216,51417c6036d8341086367424543096a84e675dfb9f688d749990b2506de48d26
docs/TESTING.md,📘,90,documentation,documentation maintenue; ne remplace pas une validation API réelle,236,5c03f63cac8477a11dcaf6204e27b596ff591cc7710ab613e7dfb9d2b541cce9
docs/TROUBLESHOOTING.md,📘,90,documentation,documentation maintenue; ne remplace pas une validation API réelle,226,d53a4f0d987de7bb30bbd717ccb64cf2f11e7c91bdc5f2fbb97f908b3fdbbf4c
docs/WORKER_WEBHOOK_PIPELINE.md,📘,90,documentation,documentation maintenue; ne remplace pas une validation API réelle,734,8837c541137cc62a98de5056f91cc4492559177ad1b613bc467f480efaefcfd7
include/elit21/aliexpress/AliExpressClient.h,✅,90,dedicated-interface,interface reliée à une implémentation C++ dédiée,1967,6880a8a8f379198ca50f71d36fc0b1f8d85d3b3c97b0eb66c9305f353643642b
include/elit21/aliexpress/AliExpressConfig.h,🟦,72,domain-aware-interface,interface reliée à un adaptateur du moteur métier partagé,323,8a425490617c237091783713a78f9a9cc15ff3bb51011f7faf28660460c3e9f2
include/elit21/aliexpress/AliExpressEndpoints.h,✅,90,dedicated-interface,interface reliée à une implémentation C++ dédiée,679,6e0c7a1ed10330f05faaeb8aa95260e42a9d95838167eacab30c712d9ae24280
include/elit21/aliexpress/AliExpressError.h,🟦,72,domain-aware-interface,interface reliée à un adaptateur du moteur métier partagé,321,836be0758a51142f7441d3e82589d1ee6d956e068cd120d858f0799ab9d1368f
include/elit21/aliexpress/AliExpressErrorMapper.h,🟦,72,domain-aware-interface,interface reliée à un adaptateur du moteur métier partagé,333,8eec22a7e5a9e0fd363eaf9458256e72115c60c6d7ece06a61178e45f54e66d3
include/elit21/aliexpress/AliExpressMethodNames.h,✅,90,dedicated-interface,interface reliée à une implémentation C++ dédiée,617,61a7ca17118a9cd76e02803f0b129d7051b32943ba01fe28bf90eda9b06df0c1
include/elit21/aliexpress/AliExpressModels.h,✅,90,dedicated-interface,interface reliée à une implémentation C++ dédiée,1153,76538e1c8944f20076242484ba7e02925598a01011c3211b06f808f0e97fc6a3
include/elit21/aliexpress/AliExpressServiceFactory.h,🟦,72,domain-aware-interface,interface reliée à un adaptateur du moteur métier partagé,339,1f696733b39618bafda4e182cfa6fab174378856388e7466ac4e91e8397e2da9
include/elit21/aliexpress/AliExpressSession.h,🟦,72,domain-aware-interface,interface reliée à un adaptateur du moteur métier partagé,325,e7b71bc806eb343437b8486dcd3d9b379340aa1630effe9b247041e1dcc429a9
include/elit21/aliexpress/auth/AliExpressAuthorizationUrlBuilder.h,✅,90,dedicated-interface,interface reliée à une implémentation C++ dédiée,248,1a32c6d6c8f609add000662ec0899ab4ccd4456cbe65431a5ed2ba9d01c77687
include/elit21/aliexpress/auth/AliExpressOAuthClient.h,✅,90,dedicated-interface,interface reliée à une implémentation C++ dédiée,607,33ac4801c8ff67a02251536429dd83b6812cc4831666922d5d468a262da85a3e
include/elit21/aliexpress/auth/AliExpressOAuthStateStore.h,✅,90,dedicated-interface,interface reliée à une implémentation C++ dédiée,380,7da98c482ba2b72c8fa21829b1fe69f856bd44b1f1f31038f7ab5dae41380b72
include/elit21/aliexpress/auth/AliExpressToken.h,✅,90,dedicated-interface,interface reliée à une implémentation C++ dédiée,311,72937bb1fcb21ccb7efca5adb63705ef5278d7619f34519dbbb22379b021a176
include/elit21/aliexpress/auth/AliExpressTokenManager.h,✅,90,dedicated-interface,interface reliée à une implémentation C++ dédiée,575,fb309fc7a139f1391a41de9c03cc6731ef2634d9f149ef663d04b2e976f963d2
include/elit21/aliexpress/auth/AliExpressTokenRefreshPolicy.h,✅,90,dedicated-interface,interface reliée à une implémentation C++ dédiée,267,a7a2deb6589fb706d55753c0cdfd1fe900d1898d2df612342dfef3c4971668fc
include/elit21/aliexpress/models/AliExpressCommissionOrder.h,✅,90,dedicated-interface,interface reliée à une implémentation C++ dédiée,171,0933afd74b09e6277bc4db2264dca21bd8c0be601a4ea887fd88455fe1cf4d3a
include/elit21/aliexpress/models/AliExpressDropshippingMember.h,✅,90,dedicated-interface,interface reliée à une implémentation C++ dédiée,180,34de6a908b480febbbae892aeabe973fc9f5e1c93b365e7aed8168ecc6254ab5
include/elit21/aliexpress/models/AliExpressFreightQuote.h,✅,90,dedicated-interface,interface reliée à une implémentation C++ dédiée,206,312d153ab18dbd483c1cf781b741039b785cff5692eb723e0fc59fc9fe6974a6
include/elit21/aliexpress/models/AliExpressOrder.h,✅,90,dedicated-interface,interface reliée à une implémentation C++ dédiée,197,4f6a91fc70a951342f5810fb4a74699c4916cb6a54d57792f6a4acb60c73a30a
include/elit21/aliexpress/models/AliExpressOrderLine.h,✅,90,dedicated-interface,interface reliée à une implémentation C++ dédiée,176,4498825befb81ba4c26453889a8ed4ac3a6577162b2cf91e169f8109677815e5
include/elit21/aliexpress/models/AliExpressOrderStatus.h,✅,90,dedicated-interface,interface reliée à une implémentation C++ dédiée,152,2c5da66af8e8e96490b558226b6ded774d53ebfdb0e025af3bbd7b323c5c5253
include/elit21/aliexpress/models/AliExpressProduct.h,✅,90,dedicated-interface,interface reliée à une implémentation C++ dédiée,301,3e46c577b65f1672e965f2941185979174853fa9a469fce7c8f7fc735822cfea
include/elit21/aliexpress/models/AliExpressProductDescription.h,✅,90,dedicated-interface,interface reliée à une implémentation C++ dédiée,152,f7da2cda2578ca33e7875d447118a6359404a2ea1a2502e46cb4ac1aedc34e33
include/elit21/aliexpress/models/AliExpressProductImage.h,✅,90,dedicated-interface,interface reliée à une implémentation C++ dédiée,146,c651dce5f16508d32eeb04597f1e6ac58d9fcff5fcb3bf85f2dc7f6f9ca5b106
include/elit21/aliexpress/models/AliExpressProductProperty.h,✅,90,dedicated-interface,interface reliée à une implémentation C++ dédiée,129,8c961479c5abb22d9c22a72d96b073a63bf092ef2b1a029ac0a3e4c0bcbb3c8b
include/elit21/aliexpress/models/AliExpressProductSku.h,✅,90,dedicated-interface,interface reliée à une implémentation C++ dédiée,222,4f60459a6edfa317008b66a3afd6ad58440a63f7fa8dbe6fc03dc4343f1efc79
include/elit21/aliexpress/models/AliExpressSeller.h,✅,90,dedicated-interface,interface reliée à une implémentation C++ dédiée,176,7840c5c3d528c4e4840e3a508b361e800409256219a889d63aef97c91fd4be25
include/elit21/aliexpress/models/AliExpressShippingMethod.h,✅,90,dedicated-interface,interface reliée à une implémentation C++ dédiée,208,d8e853ef3708b3c7dce4355f7c6c80117956fd438a908a9f7b618a44c2f131d4
include/elit21/aliexpress/models/AliExpressTrackingEvent.h,✅,90,dedicated-interface,interface reliée à une implémentation C++ dédiée,156,d9a74bfa2ea8340b269475ac76ebdcd58cf707c5028eaeb1dc6097281e9647fb
include/elit21/aliexpress/requests/CommissionOrderListRequest.h,✅,90,dedicated-interface,interface reliée à une implémentation C++ dédiée,278,2a34402297cfeae9c23f56d69f89b9cd0d91c667a48109155d163c90d0bd919e
include/elit21/aliexpress/requests/DsAddInfoRequest.h,✅,90,dedicated-interface,interface reliée à une implémentation C++ dédiée,268,5dae624d9f3f4e7a9caaaf17176cd53c8794ebba6fd3f407257b61bccefa0929
include/elit21/aliexpress/requests/DsImageSearchRequest.h,✅,90,dedicated-interface,interface reliée à une implémentation C++ dédiée,272,80f9daea753d99b20b5601d21155e428792cdb75571178df69716dd1792074b4
include/elit21/aliexpress/requests/DsProductGetRequest.h,✅,90,dedicated-interface,interface reliée à une implémentation C++ dédiée,271,22b351707f76ee664c904bafed9f1a67ff67cdf77bca894937440056d0b3d276
include/elit21/aliexpress/requests/DsRecommendFeedGetRequest.h,✅,90,dedicated-interface,interface reliée à une implémentation C++ dédiée,277,daf42bf45316ac60f50820a280c7fd193021591b986065b8071e4b1c0ddc7a4a
include/elit21/aliexpress/requests/DsTradeOrderGetRequest.h,✅,90,dedicated-interface,interface reliée à une implémentation C++ dédiée,274,ddf408aa85711946c53c1c826e22ed298ead4bf04d7f07a33e42a450d3af99d0
include/elit21/aliexpress/requests/FindProductByIdForDropshipperRequest.h,✅,90,dedicated-interface,interface reliée à une implémentation C++ dédiée,288,a0c408b9378b2879f1fd059289d480a23cef6de8a2ef48120edd5b94f9169661
include/elit21/aliexpress/requests/FreightCalculateRequest.h,✅,90,dedicated-interface,interface reliée à une implémentation C++ dédiée,275,35247f1bd809055187ec2850c2ff6149bd3f1a96e13866b8a0879dccdb359446
include/elit21/aliexpress/requests/MemberOrderDataSubmitRequest.h,✅,90,dedicated-interface,interface reliée à une implémentation C++ dédiée,280,e487bac3ef8700f1f73688a4dc1000aca7fc10424fea773dc302d6093018c78d
include/elit21/aliexpress/requests/PlaceOrderRequest.h,✅,90,dedicated-interface,interface reliée à une implémentation C++ dédiée,269,843f181aa4bb120126912c35a31873eac6975bbc79b4973686e079705e5a8f2b
include/elit21/aliexpress/requests/SimpleProductQueryRequest.h,✅,90,dedicated-interface,interface reliée à une implémentation C++ dédiée,277,44bf7b7bd3690028b30145e5ac7e938ac1ee64a6a75cdff49d42eae586105682
include/elit21/aliexpress/requests/TrackingInfoQueryRequest.h,✅,90,dedicated-interface,interface reliée à une implémentation C++ dédiée,276,460df12e9730f96647310952866b020febb2608a944d19bdf0b48eaf7b76fd1b
include/elit21/aliexpress/requests/TradeDsOrderGetRequest.h,✅,90,dedicated-interface,interface reliée à une implémentation C++ dédiée,274,b0dbf01d3a791c98c6ee2970771bebfaf84a23308772aa39c349c8b208cc946d
include/elit21/aliexpress/responses/CommissionOrderListResponse.h,🟦,72,domain-aware-interface,interface reliée à un adaptateur du moteur métier partagé,367,c9b587cf3153e7f3404d88ffda632b2b09995c0eb10f74d129e0c123cc9499b1
include/elit21/aliexpress/responses/DsAddInfoResponse.h,🟦,72,domain-aware-interface,interface reliée à un adaptateur du moteur métier partagé,347,dd6288c35066dccd200eefe05575ed429dc9ce61ad4d7c313682fbc7e750008e
include/elit21/aliexpress/responses/DsImageSearchResponse.h,🟦,72,domain-aware-interface,interface reliée à un adaptateur du moteur métier partagé,355,4214a670bd8ccc9b7f3d27fd3535d3aba66b4733447df9632cea02b37af8dd9d
include/elit21/aliexpress/responses/DsProductGetResponse.h,🟦,72,domain-aware-interface,interface reliée à un adaptateur du moteur métier partagé,353,05598e5cc160e19b158801fae6c227175d2f2448f198264c913dccafb46bc80f
include/elit21/aliexpress/responses/DsRecommendFeedGetResponse.h,🟦,72,domain-aware-interface,interface reliée à un adaptateur du moteur métier partagé,365,a049659368ccc4ad10036302d0fdbba483ff13431efc5582f2506bb1077eba3f
include/elit21/aliexpress/responses/DsTradeOrderGetResponse.h,🟦,72,domain-aware-interface,interface reliée à un adaptateur du moteur métier partagé,359,1833df6b315d5d40e760841c899a2695a58e6c1374304da3ba3cc5ce75db493c
include/elit21/aliexpress/responses/FindProductByIdForDropshipperResponse.h,🟦,72,domain-aware-interface,interface reliée à un adaptateur du moteur métier partagé,387,c8d9fb2459d6428793404809b4df061ed1a8b7a2f5cc1521c594c2753cd0eb19
include/elit21/aliexpress/responses/FreightCalculateResponse.h,🟦,72,domain-aware-interface,interface reliée à un adaptateur du moteur métier partagé,361,8e5be9988a993bf7f0fd5ee82f026036c1816f7493b2a4282195083bac948474
include/elit21/aliexpress/responses/MemberOrderDataSubmitResponse.h,🟦,72,domain-aware-interface,interface reliée à un adaptateur du moteur métier partagé,371,a9121db8bda170fb5162f8c7e7567c9e9954cf82129209707c7ca3ce5aae1ded
include/elit21/aliexpress/responses/PlaceOrderResponse.h,🟦,72,domain-aware-interface,interface reliée à un adaptateur du moteur métier partagé,349,a53c914da53e0576d493135ad16b832fc3a7cb9ad4d7324f83cdd8cf0b623c9a
include/elit21/aliexpress/responses/SimpleProductQueryResponse.h,🟦,72,domain-aware-interface,interface reliée à un adaptateur du moteur métier partagé,365,5331fe2d36fbcdcc095ca946b10c3b0775a543fb5ee2089f211ac2d13e5f35f4
include/elit21/aliexpress/responses/TrackingInfoQueryResponse.h,🟦,72,domain-aware-interface,interface reliée à un adaptateur du moteur métier partagé,363,ba89580c013c8c6e725244a37e6292ba57410f34dc3446c0d8790073c661690f
include/elit21/aliexpress/responses/TradeDsOrderGetResponse.h,🟦,72,domain-aware-interface,interface reliée à un adaptateur du moteur métier partagé,359,0724337ec589918519cdb27b1f413097c8cec26cc8388267369fc5dc91de1825
include/elit21/aliexpress/services/AliExpressCapabilityService.h,🟦,72,domain-aware-interface,interface reliée à un adaptateur du moteur métier partagé,365,88db9889ad50fe2fc933b478261f2e4957b7b29b7259b6a3ff3a6a471619203e
include/elit21/aliexpress/services/AliExpressCatalogService.h,🟦,72,domain-aware-interface,interface reliée à un adaptateur du moteur métier partagé,359,4312556f156a6eb5e950075b639971ffdddf90358819c99836c6540f8db5a60a
include/elit21/aliexpress/services/AliExpressCommissionService.h,🟦,72,domain-aware-interface,interface reliée à un adaptateur du moteur métier partagé,365,834808a4efe65943b576b7b8a309b9eadc0681142f2703f96bc50da8eaa7c0c4
include/elit21/aliexpress/services/AliExpressFreightService.h,🟦,72,domain-aware-interface,interface reliée à un adaptateur du moteur métier partagé,359,16d72011d49e8101c21446a1648d9ca70e122ab7a6e4dd9af5035394765d250c
include/elit21/aliexpress/services/AliExpressImageSearchService.h,🟦,72,domain-aware-interface,interface reliée à un adaptateur du moteur métier partagé,367,3907dcb426ff6718dee7efca65000eaa374f5ea304cf9f1edd83374990cdac22
include/elit21/aliexpress/services/AliExpressMemberReportingService.h,🟦,72,domain-aware-interface,interface reliée à un adaptateur du moteur métier partagé,375,6836d8f1dc1bbbd274f7cd16ae759d3be589cdcf33d3957b5fc087c37b183cf8
include/elit21/aliexpress/services/AliExpressOrderService.h,🟦,72,domain-aware-interface,interface reliée à un adaptateur du moteur métier partagé,355,67e79326b0f926cf07a55aec9ca26ae6f451d3de4b3b8eb4cb116cb9dfa7e621
include/elit21/aliexpress/services/AliExpressProductService.h,🟦,72,domain-aware-interface,interface reliée à un adaptateur du moteur métier partagé,359,828aeeaa4c95a28194e1fcd0a5e66db30a45f7afe367db900e40599ddff79294
include/elit21/aliexpress/services/AliExpressRecommendationService.h,🟦,72,domain-aware-interface,interface reliée à un adaptateur du moteur métier partagé,373,6a84caa2433849e564732c3ce02ee7b206150e86c1a856121a966b014dea66e2
include/elit21/aliexpress/services/AliExpressSupplierAccountService.h,🟦,72,domain-aware-interface,interface reliée à un adaptateur du moteur métier partagé,375,24291658c17b10caa1a904735200caf34892473deac94177a3d3bc4ba54904b3
include/elit21/aliexpress/services/AliExpressTrackingService.h,🟦,72,domain-aware-interface,interface reliée à un adaptateur du moteur métier partagé,361,b6e2f3e5b360f7c30ed589edd66c155bf9b535e91c78d6029487094c889190a8
include/elit21/aliexpress/transport/AliExpressApiTransport.h,🟦,72,domain-aware-interface,interface reliée à un adaptateur du moteur métier partagé,357,aa659e191dfcf1104635f91cb2941eca6745dea74ba64bd1a02454ae4692b04f
include/elit21/aliexpress/transport/AliExpressIopClient.h,🟦,72,domain-aware-interface,interface reliée à un adaptateur du moteur métier partagé,351,2bda3158d567c1f53605ff3f0a12f45accb9c4bfc158c87d3b36395e69e9ce9b
include/elit21/aliexpress/transport/AliExpressRateLimiter.h,🟦,72,domain-aware-interface,interface reliée à un adaptateur du moteur métier partagé,355,3fa9a203870a434d9bb1e8cf63394840715bcd6d976622c63b598ffb67bfb306
include/elit21/aliexpress/transport/AliExpressRequest.h,✅,90,dedicated-interface,interface reliée à une implémentation C++ dédiée,772,4b5423306b04c59ed37b58e245c3977649fdd9d0f396fd5f7cf9f553aedb9d6d
include/elit21/aliexpress/transport/AliExpressTopClient.h,🟦,72,domain-aware-interface,interface reliée à un adaptateur du moteur métier partagé,351,5b930e79f9f991d5bfcc4c51dda4ae36c2a9de6de081fc1950e3cc7dac6f8bdb
include/elit21/aliexpress/transport/AliExpressTransportSelector.h,🟦,72,domain-aware-interface,interface reliée à un adaptateur du moteur métier partagé,367,bdd23af6267163155e3a5d7256cff5a6f9645ec34be24e4f74feae7c4b539c6e
include/elit21/aliexpress/transport/IopRequest.h,🟦,72,domain-aware-interface,interface reliée à un adaptateur du moteur métier partagé,333,9cc5eea938fe61a4d64f2d49b61e0c12e2274cc4efa861f9770f6a61a3524cae
include/elit21/aliexpress/transport/IopResponse.h,🟦,72,domain-aware-interface,interface reliée à un adaptateur du moteur métier partagé,335,46811a28ea184dc956080baa7fe5a326fb6c87af926ab4a0c730243a2ba74fc2
include/elit21/aliexpress/transport/TopCommonParameters.h,✅,90,dedicated-interface,interface reliée à une implémentation C++ dédiée,284,95fbd855d5d86b400e3e16de1260ac05cad3050a44f9750f70f7faa81b6458e7
include/elit21/aliexpress/transport/TopRequest.h,🟦,72,domain-aware-interface,interface reliée à un adaptateur du moteur métier partagé,333,7d429317dc35cc8b6a8e57bb29097da58179d22c5ed8899f5e63688db2648716
include/elit21/aliexpress/transport/TopRequestSigner.h,✅,90,dedicated-interface,interface reliée à une implémentation C++ dédiée,337,d0ae44309ce7c6036a0bde56791470c30d026b6ccc296c9bb1dbb6886efca4b4
include/elit21/aliexpress/transport/TopResponse.h,🟦,72,domain-aware-interface,interface reliée à un adaptateur du moteur métier partagé,335,b55b533eef4d612fe27330ee58b8e8d94b26659de0db5399a2010302482154dc
include/elit21/aliexpress/transport/TopResponseParser.h,🟦,72,domain-aware-interface,interface reliée à un adaptateur du moteur métier partagé,347,3b4dfa63bfba8f320c413a95e0856c28733c07bbe4a8dfac777b562904dbad37
include/elit21/analytics/Analytics.h,✅,90,dedicated-interface,interface reliée à une implémentation C++ dédiée,163,5939a3c7056d15013ab3a4d45f12784e23b0876dc1cd29c028a7fa11ee6289de
include/elit21/analytics/AnalyticsCoordinator.h,🟦,72,domain-aware-interface,interface reliée à un adaptateur du moteur métier partagé,329,8116184191fcf856fc86788bf5b6a40d9fc6d58387f1910ffca06acdc4430bd6
include/elit21/analytics/CatalogAnalytics.h,🟦,72,domain-aware-interface,interface reliée à un adaptateur du moteur métier partagé,321,feaddde37355ef2e39f929aa1099da7ac49ef7c7873e76c42388d88c6438eed1
include/elit21/analytics/ConversionAnalytics.h,🟦,72,domain-aware-interface,interface reliée à un adaptateur du moteur métier partagé,327,63c618ef469554994716eb36f6b1fa3b5113687a73dbaa03b55840fa746b0f4f
include/elit21/analytics/CustomerAnalytics.h,🟦,72,domain-aware-interface,interface reliée à un adaptateur du moteur métier partagé,323,f45a489611d1a6a97a681f4ec620a6d6c9a4a9fa24fad4a93a81c10e5eed5619
include/elit21/analytics/DashboardSnapshot.h,🟦,72,domain-aware-interface,interface reliée à un adaptateur du moteur métier partagé,323,a5bcf1c0060bf0ee9891fce3013b7c78b3598ac8c0e57255682a332240385552
include/elit21/analytics/FulfillmentAnalytics.h,🟦,72,domain-aware-interface,interface reliée à un adaptateur du moteur métier partagé,329,8444a90ad75175035627b6ed2406efe3dafd99b4ed2324574cb877d88e892d4c
include/elit21/analytics/InventoryAnalytics.h,🟦,72,domain-aware-interface,interface reliée à un adaptateur du moteur métier partagé,325,35e58ca74cb658234a6b353e3b83b364c485ef15eefbd749dac15a31bcbfd664
include/elit21/analytics/MarginAnalytics.h,🟦,72,domain-aware-interface,interface reliée à un adaptateur du moteur métier partagé,319,5ef23a2a605539b3857e4881fbef3c36d209997e848861ff588b4bdffb4092f3
include/elit21/analytics/OrderAnalytics.h,🟦,72,domain-aware-interface,interface reliée à un adaptateur du moteur métier partagé,317,3ee28d10d6549cff065763723a3dfb1814aa58dc8b93bd01afcbaa25a287435a
include/elit21/analytics/PerformanceIndicator.h,🟦,72,domain-aware-interface,interface reliée à un adaptateur du moteur métier partagé,329,b6bbc30e8393939bee3ad6470f91b6882c065f6c0c5546b40475463fe22cb14a
include/elit21/analytics/ProductPerformanceAnalyzer.h,🟦,72,domain-aware-interface,interface reliée à un adaptateur du moteur métier partagé,341,53ba55b2f0646199eb81027274ac3dccd41ed76820bb446c144e531b16cde250
include/elit21/analytics/ProfitabilityAnalytics.h,🟦,72,domain-aware-interface,interface reliée à un adaptateur du moteur métier partagé,333,1b5e32f9443d58c2885e2362691c753dc0978e51c36898d181c53c06684720e6
include/elit21/analytics/RevenueAnalytics.h,🟦,72,domain-aware-interface,interface reliée à un adaptateur du moteur métier partagé,321,ab984c5a49663aac218450688a47cb08bdfe60a447c1807b91fe7d484151a101
include/elit21/analytics/SalesForecastEngine.h,🟦,72,domain-aware-interface,interface reliée à un adaptateur du moteur métier partagé,327,921b07739bcd38aeeee56a878b713b10076f41084f30d1cc4baffce21467d092
include/elit21/analytics/ShippingAnalytics.h,🟦,72,domain-aware-interface,interface reliée à un adaptateur du moteur métier partagé,323,f7b92a716be29ef1bcaee9a053634ec9119619ec8902e3ca2fb270b115b5ebed
include/elit21/analytics/SupplierPerformanceAnalyzer.h,🟦,72,domain-aware-interface,interface reliée à un adaptateur du moteur métier partagé,343,9d351bb1b904813d73d4afc185d301b63e0335cfe33718e177acc2032f30cae6
include/elit21/app/Application.h,✅,90,dedicated-interface,interface reliée à une implémentation C++ dédiée,1496,c1f675b26df2db3a21bcb5026d0d0ff2f716cb79624ebd85d9663169115e0e1e
include/elit21/application/Application.h,🟦,72,domain-aware-interface,interface reliée à un adaptateur du moteur métier partagé,315,c6087bb3b2643b8f6b10fa582f32ff75ebe8aed9d7c5ae02009d0a8c28786d7f
include/elit21/application/ApplicationBootstrap.h,🟦,72,domain-aware-interface,interface reliée à un adaptateur du moteur métier partagé,333,edf6323265884cc9609cfac9e13b7863c0effec712d4b03ba71940ac619c0458
include/elit21/application/ApplicationContext.h,🟦,72,domain-aware-interface,interface reliée à un adaptateur du moteur métier partagé,329,2586bbbea1ef8d45b0f7de6194b268a523c8751714980b96a75ee019480c2e41
include/elit21/application/ApplicationLifecycle.h,🟦,72,domain-aware-interface,interface reliée à un adaptateur du moteur métier partagé,333,f17c43e0432a5ec32231d4e9785c1c8514587b3a934a80c1dbb38077be41e440
include/elit21/application/ApplicationMode.h,🟦,72,domain-aware-interface,interface reliée à un adaptateur du moteur métier partagé,323,05f73000c529569e4a5f338837dae55d961f7d7d5e5967894d07a4e48c24f030
include/elit21/application/ComponentRegistry.h,🟦,72,domain-aware-interface,interface reliée à un adaptateur du moteur métier partagé,327,8facf3ec7a60beae3b4f281204d6e067dee358c853ff4a7272ef2d8a8c56f8f4
include/elit21/application/DependencyContainer.h,🟦,72,domain-aware-interface,interface reliée à un adaptateur du moteur métier partagé,331,6944743a164359765830514ef6f0bb10d301bbdd3264db383728ddaab2c22d29
include/elit21/application/RuntimeCoordinator.h,🟦,72,domain-aware-interface,interface reliée à un adaptateur du moteur métier partagé,329,dc11642b76538b732ab1277c94acac35a917905d570d6712a88e7b1e13c92f2a
include/elit21/application/RuntimeState.h,🟦,72,domain-aware-interface,interface reliée à un adaptateur du moteur métier partagé,317,914fe8b1410201b6a4a030707e65e4e8aa21e9cf8de88bd97de33deb29990c7f
include/elit21/application/ServiceRegistry.h,🟦,72,domain-aware-interface,interface reliée à un adaptateur du moteur métier partagé,323,a905e496f0b6af2ba842409127d3c8a6c9c18e73b06400168115e0a5b45f4975
include/elit21/application/ShutdownCoordinator.h,🟦,72,domain-aware-interface,interface reliée à un adaptateur du moteur métier partagé,331,9370b5ae992490d35e1dce3d80da3d61be840c7599e1b03827af7013ac1a1ee8
include/elit21/application/StartupSequence.h,🟦,72,domain-aware-interface,interface reliée à un adaptateur du moteur métier partagé,323,c31c5ecdb4814a6b92b1d7a4b0c11f129a7e8278788cc27bea5bdd1702a43c1e
include/elit21/application/VersionInformation.h,🟦,72,domain-aware-interface,interface reliée à un adaptateur du moteur métier partagé,329,71e74bdd94fd97e7c31ecc92fd3d7ba60de28534156b82574e8c8e1213368a71
include/elit21/automation/ApprovalGate.h,🟦,72,domain-aware-interface,interface reliée à un adaptateur du moteur métier partagé,315,c301e34756b9a0a1132d10dfcbe7f1d91b8b8e0f64169b262bb37671417da89c
include/elit21/automation/AutomationAction.h,🟦,72,domain-aware-interface,interface reliée à un adaptateur du moteur métier partagé,323,474a987edac17ed3510d52397689c1d4c78da9343c5625b0566744e7a379f6ac
include/elit21/automation/AutomationCoordinator.h,🟦,72,domain-aware-interface,interface reliée à un adaptateur du moteur métier partagé,333,6d97b7f5e352930c2280e908fa37369a3e19f6b7f58e92b487c9007b78ff02e2
include/elit21/automation/AutomationEngine.h,✅,90,dedicated-interface,interface reliée à une implémentation C++ dédiée,908,478cfb9325f5b3f4b463305930cc561fc6b01534f9d0d444ff844a06da912dd4
include/elit21/automation/AutomationEvent.h,🟦,72,domain-aware-interface,interface reliée à un adaptateur du moteur métier partagé,321,429fab1ad1ff752842e7dbdee2ff8ca7bd84acef25432f8dc6c9bf395f2fb937
include/elit21/automation/AutomationRule.h,🟦,72,domain-aware-interface,interface reliée à un adaptateur du moteur métier partagé,319,2eaaf11a715c6a53c7ca150aec1f61c46d414c54f62c6444b5d3f67f0f29ce64
include/elit21/automation/AutomationRuleEngine.h,🟦,72,domain-aware-interface,interface reliée à un adaptateur du moteur métier partagé,331,f688ab49fda8ae9ce7226e3ee9b149bde352b5c11e502019e7427b98b3789a63
include/elit21/automation/AutomationState.h,🟦,72,domain-aware-interface,interface reliée à un adaptateur du moteur métier partagé,321,b0789cc7a7d14a098cfc2827c6e572d4d3d3b2164c9ff38aada7c00cbf4394f6
include/elit21/automation/AutomationTrigger.h,🟦,72,domain-aware-interface,interface reliée à un adaptateur du moteur métier partagé,325,e55efa1e41acb75a33ce60c1067225976b4b6ad84e07d973e987f1cafa37b04e
include/elit21/automation/AutonomousDecision.h,🟦,72,domain-aware-interface,interface reliée à un adaptateur du moteur métier partagé,327,3bb12f26a95a236bb5cfbf5121e61966fc5e09df4b30ad8032e07017072ef535
include/elit21/automation/AutonomousManager.h,🟦,72,domain-aware-interface,interface reliée à un adaptateur du moteur métier partagé,325,07bfdf0494c948995c2bec88b167c2a9d332b460cf0bd19a3eec85b909359215
include/elit21/automation/AutonomousPolicy.h,🟦,72,domain-aware-interface,interface reliée à un adaptateur du moteur métier partagé,323,b846b2455448ee1f7218fa33d5c0e6584caa22b1ca7456175677cea8994ff5d1
include/elit21/automation/DecisionContext.h,🟦,72,domain-aware-interface,interface reliée à un adaptateur du moteur métier partagé,321,7e55ab2dc9cf700656d9928cb1aab9a18e562648cebdd41c44d3c62089417550
include/elit21/automation/DecisionEngine.h,🟦,72,domain-aware-interface,interface reliée à un adaptateur du moteur métier partagé,319,fc0e4e93eb0aa6d5d9498e4d8d5c595c25aa00a2e364bf42dd360d686cedbcb7
include/elit21/automation/DryRunExecutor.h,🟦,72,domain-aware-interface,interface reliée à un adaptateur du moteur métier partagé,319,bb85b428126ee37a01e20e22b6184f700e56b75bdcb9bf3038bf6a6fe5bd3f95
include/elit21/automation/EmergencyKillSwitch.h,🟦,72,domain-aware-interface,interface reliée à un adaptateur du moteur métier partagé,329,8c212060e5346d7fe0ccccaffc2e32cf4a650b0166b997277ea57824ae2a10e9
include/elit21/automation/ExceptionEscalationService.h,🟦,72,domain-aware-interface,interface reliée à un adaptateur du moteur métier partagé,343,3f3b3d15a3a58fe239ef7aa31a98309669dcee52eb718971ef3122b1a1054a85
include/elit21/automation/HumanApprovalQueue.h,🟦,72,domain-aware-interface,interface reliée à un adaptateur du moteur métier partagé,327,9a400258630f820f7e3a70a5cdab9ca6a13818f2a101089f9e2e9cc4400e40fe
include/elit21/automation/PolicyEngine.h,🟦,72,domain-aware-interface,interface reliée à un adaptateur du moteur métier partagé,315,d87fe5646d81b7cce4a0deb31eee520e288e31ea0153de8c369b304a6d38a014
include/elit21/automation/RuleEvaluator.h,🟦,72,domain-aware-interface,interface reliée à un adaptateur du moteur métier partagé,317,6b0423991a35dd988a1f88e12569b5ce492d05b122f05d6fad4aea296fa7be8d
include/elit21/automation/SelfHealingCoordinator.h,🟦,72,domain-aware-interface,interface reliée à un adaptateur du moteur métier partagé,335,16bb3f3b6fd86da11b072d51fc7f4180229ed2d655c10ad40d7c36bdf37486a2
include/elit21/automation/SelfTestManager.h,🟦,72,domain-aware-interface,interface reliée à un adaptateur du moteur métier partagé,321,635dca34273267c1df34562c185d6b60f1df1aa6425e26424125d8fc08b3362d
include/elit21/automation/SimulationMode.h,🟦,72,domain-aware-interface,interface reliée à un adaptateur du moteur métier partagé,319,0415773e3fd79b8e4454b361ba04a851f71ef568e8a7e612e9610b0d1e7adcc7
include/elit21/automation/SystemOptimizer.h,🟦,72,domain-aware-interface,interface reliée à un adaptateur du moteur métier partagé,321,5529f84d61523f3100d7874e9cc6a08dec2cd9876e3fc12b9acf4f0e2d36831a
include/elit21/automation/TaskOrchestrator.h,🟦,72,domain-aware-interface,interface reliée à un adaptateur du moteur métier partagé,323,86cd546db9d878b402c7fa6450e176cdc822ff14b952f19072c9273490b6b680
include/elit21/catalog/CatalogImportCoordinator.h,🟦,72,domain-aware-interface,interface reliée à un adaptateur du moteur métier partagé,333,37bd222416a97e0b469258db263a40936c348b3dc357e287d47ea31e9b4ebdfa
include/elit21/catalog/CatalogManager.h,✅,90,dedicated-interface,interface reliée à une implémentation C++ dédiée,837,61146b123740011017bd482366e53ae1486bc72921e4c3ddfc8bfb38f3502405
include/elit21/catalog/CatalogReconciliationService.h,🟦,72,domain-aware-interface,interface reliée à un adaptateur du moteur métier partagé,341,357d42ab08d56edb9d8006be025d125de5f3d5efdd1dc6ab819fd4e1db111b36
include/elit21/catalog/CollectionAssignmentEngine.h,🟦,72,domain-aware-interface,interface reliée à un adaptateur du moteur métier partagé,337,d20cebbd3d3de4a5aab5482e8887e63f1091f6f7f5f79bba43e2be3d9d714bb8
include/elit21/catalog/DescriptionCleaner.h,🟦,72,domain-aware-interface,interface reliée à un adaptateur du moteur métier partagé,321,32943bad472615638bd10928816289302e0162616dc87abc3192899ec00b002a
include/elit21/catalog/DescriptionGenerator.h,🟦,72,domain-aware-interface,interface reliée à un adaptateur du moteur métier partagé,325,893b683536edab15181ccc18e05632093827a6e79b5a7cf3199949f12510d363
include/elit21/catalog/ImageImportPipeline.h,🟦,72,domain-aware-interface,interface reliée à un adaptateur du moteur métier partagé,323,e2f1c451253b5e17b2ccfe7feb6c6acfe47159f0a060bd60f2254ecb02da56e4
include/elit21/catalog/ImagePolicyValidator.h,🟦,72,domain-aware-interface,interface reliée à un adaptateur du moteur métier partagé,325,6a77056a85a7258f26b5e150128b4cf2029a48fb6c5f2a069a2d58fe99e1b104
include/elit21/catalog/MetafieldBuilder.h,🟦,72,domain-aware-interface,interface reliée à un adaptateur du moteur métier partagé,317,9c1ba40debcd032554e5b51220cd8f2f54c22da1728ab561895068e85a21fd30
include/elit21/catalog/ProductArchiveService.h,🟦,72,domain-aware-interface,interface reliée à un adaptateur du moteur métier partagé,327,68edd3826380cccb3f36151889420c2417405b8a96a0897a309dab5083bb0d23
include/elit21/catalog/ProductContentNormalizer.h,🟦,72,domain-aware-interface,interface reliée à un adaptateur du moteur métier partagé,333,59b4ac52a2fe8ca82cbda567c6705761bcd6191d28a9c430747acb37d75757d4
include/elit21/catalog/ProductCreationPlan.h,🟦,72,domain-aware-interface,interface reliée à un adaptateur du moteur métier partagé,323,0b7a14de34d4de5788ccc92ef7ad14c4d3720a43e50b40b6010ffed601f7fe4b
include/elit21/catalog/ProductImportService.h,🟦,72,domain-aware-interface,interface reliée à un adaptateur du moteur métier partagé,325,ed3322f1ed8b0715ce775a5dd07ba43e6d1023159432c63386fbeeaff328da7e
include/elit21/catalog/ProductPublicationService.h,🟦,72,domain-aware-interface,interface reliée à un adaptateur du moteur métier partagé,335,960ef80503d7e02ae87270972d20ce1197043c7d87a977c6324cd6a8ae63b10f
include/elit21/catalog/ProductSeoBuilder.h,🟦,72,domain-aware-interface,interface reliée à un adaptateur du moteur métier partagé,319,f2936ff240ed8f0214b4347565eec344fda16c6b65bb2456d4b1b3d8ba6c1b04
include/elit21/catalog/ProductTagGenerator.h,🟦,72,domain-aware-interface,interface reliée à un adaptateur du moteur métier partagé,323,cd2968fc0c7c79a348d4227ac175800eb986aa2b820021846b4a1379f6f2313a
include/elit21/catalog/ProductTitleBuilder.h,🟦,72,domain-aware-interface,interface reliée à un adaptateur du moteur métier partagé,323,085cfd8a2f55db2ee5dc547d19faf5cb01e68a5f30a92885a4ca6ab3200dc929
include/elit21/catalog/ProductTranslationService.h,🟦,72,domain-aware-interface,interface reliée à un adaptateur du moteur métier partagé,335,043bc190b5542349b58d70e437a1bd80fa4c31e3c77f8847786ba1fe24493c3b
include/elit21/catalog/ProductUpdateService.h,🟦,72,domain-aware-interface,interface reliée à un adaptateur du moteur métier partagé,325,2f64dd0c7ffe6a692c16feb1d9a838320ad9c49b33dbe7b3cbbe668f5c32ce7a
include/elit21/catalog/VariantBuilder.h,🟦,72,domain-aware-interface,interface reliée à un adaptateur du moteur métier partagé,313,472e38fa51fa81a4bb56add5d9e0b975f4ccc0a04f13f6a32a2638caae092205
include/elit21/catalog/VariantOptionNormalizer.h,🟦,72,domain-aware-interface,interface reliée à un adaptateur du moteur métier partagé,331,e062ba102222bd5f1556eaeffdac2697e2e2ac94e3f40f6e747eab724f803eaa
include/elit21/catalog/VendorAttributionPolicy.h,🟦,72,domain-aware-interface,interface reliée à un adaptateur du moteur métier partagé,331,bd6ccf452553ca8ec071d219a439c792331f7a77504f43b7e1e9391741828fa8
include/elit21/compliance/CanadaAddressValidator.h,🟦,72,domain-aware-interface,interface reliée à un adaptateur du moteur métier partagé,335,cfdd47221810b26ae1dd69194868409e465d9edae38497c5fcfd5c60ee50cae4
include/elit21/compliance/CanadaCompliance.h,✅,90,dedicated-interface,interface reliée à une implémentation C++ dédiée,571,9b09b5e45803868f3b5e1e0f025e2047b0cd5a858f48242c78122855c3267f69
include/elit21/compliance/CanadaComplianceCoordinator.h,🟦,72,domain-aware-interface,interface reliée à un adaptateur du moteur métier partagé,345,55b906d0c7c258e34f21ccca2fa88d549ea23cffb1c9a48e2d2922a2ef5c3648
include/elit21/compliance/CanadaPostalCodeValidator.h,🟦,72,domain-aware-interface,interface reliée à un adaptateur du moteur métier partagé,341,821416881930d06f9f6fb37e9054ed4efe167ee05cef623cc2540e85c245fc27
include/elit21/compliance/ConsumerDisclosureValidator.h,🟦,72,domain-aware-interface,interface reliée à un adaptateur du moteur métier partagé,345,c9239334dbfc6f52d2aac7e6456ddf3ff550be99dad203c7590e0e0fe03bf860
include/elit21/compliance/CustomsInformationBuilder.h,🟦,72,domain-aware-interface,interface reliée à un adaptateur du moteur métier partagé,341,dae210db43d1d998b027dbfd636ec0d84b2267c2c18dabb095d333fda8482c2e
include/elit21/compliance/DataRetentionPolicy.h,🟦,72,domain-aware-interface,interface reliée à un adaptateur du moteur métier partagé,329,8d8371ffd3205b7688bddaca1b9eb0c13a07d0570c2019aeda10c9cc684a0ad1
include/elit21/compliance/LanguageComplianceChecker.h,🟦,72,domain-aware-interface,interface reliée à un adaptateur du moteur métier partagé,341,5978789f3bacb938201e48b43c08c5f89478d89ef52a4a0e69fa2baa199e43c6
include/elit21/compliance/PrivacyRequestProcessor.h,🟦,72,domain-aware-interface,interface reliée à un adaptateur du moteur métier partagé,337,b0699d59cb28beeccb622a452293033dd133293bd8aa1c14a20e4fa7e4bf41f4
include/elit21/compliance/ProductComplianceDecision.h,🟦,72,domain-aware-interface,interface reliée à un adaptateur du moteur métier partagé,341,ffb26945795a930959b1c7bc5a635e815a18e3a45e93c8fc23bc3daedfb17199
include/elit21/compliance/ProductRestrictionDatabase.h,🟦,72,domain-aware-interface,interface reliée à un adaptateur du moteur métier partagé,343,47a58b8606388dd63f85a00bfdf4c9123890efc115a93e7e7ae19a412ef900c7
include/elit21/compliance/ProductRestrictionScanner.h,🟦,72,domain-aware-interface,interface reliée à un adaptateur du moteur métier partagé,341,e51a1f9468592f8dd2b944fa30fa5d5d38278b2543704a158d86d140993f331a
include/elit21/compliance/ProvinceResolver.h,🟦,72,domain-aware-interface,interface reliée à un adaptateur du moteur métier partagé,323,5b60891a9dd41f08308c350529ffe05176f4992d45c6bd5c4528a564ed387cc1
include/elit21/compliance/RegulatoryExceptionQueue.h,🟦,72,domain-aware-interface,interface reliée à un adaptateur du moteur métier partagé,339,4d440891c649139dd9745b7fd8113fddc73aae9b6ed9cbab28e895aa34c3ebd8
include/elit21/compliance/TaxJurisdictionResolver.h,🟦,72,domain-aware-interface,interface reliée à un adaptateur du moteur métier partagé,337,9a97050f9e124952075a3b12babe1160ea531cef5ddca745c3a57f12d7cf86ae
include/elit21/concurrency/AsyncExecutor.h,🟦,72,domain-aware-interface,interface reliée à un adaptateur du moteur métier partagé,319,f65b19e6d393a264f4cd97ed47f76aa453386c358e076fb0bce7bb2cb044f0ea
include/elit21/concurrency/CancellationSource.h,🟦,72,domain-aware-interface,interface reliée à un adaptateur du moteur métier partagé,329,5e52f7cae004b8384aab02b365cbd0f39908a9aa2be9be7c52a62a15d31cf059
include/elit21/concurrency/CancellationToken.h,🟦,72,domain-aware-interface,interface reliée à un adaptateur du moteur métier partagé,327,c46ae4b37f50b6f53d5ca5e3f83478784f33814cfd1ed91cc5966751d19bd08c
include/elit21/concurrency/ConcurrentMap.h,🟦,72,domain-aware-interface,interface reliée à un adaptateur du moteur métier partagé,319,24798fc3d00a767b3dfbb020628509aa5a575d1cfcbcfcaafa816ee94ebf8830
include/elit21/concurrency/ConcurrentQueue.h,🟦,72,domain-aware-interface,interface reliée à un adaptateur du moteur métier partagé,323,1f64f594ba45723c7bfebee07378cec9898381cfe21a5ed52091d121ba3c620f
include/elit21/concurrency/FutureUtils.h,🟦,72,domain-aware-interface,interface reliée à un adaptateur du moteur métier partagé,315,881a9404f16a0268d93caf4e1bf21aff639f888449bc1e1f20629e67bf8ee11c
include/elit21/concurrency/JobHandle.h,🟦,72,domain-aware-interface,interface reliée à un adaptateur du moteur métier partagé,311,fcf3ad5d529f30d6f0b2ecb0b69825e170915481334af81f1ffb6c42438be2f7
include/elit21/concurrency/ProcessLock.h,🟦,72,domain-aware-interface,interface reliée à un adaptateur du moteur métier partagé,315,3ca07edc40ee395cbccd433ef327ce8d2c67331ed2530d4789cc4668aa584c2a
include/elit21/concurrency/ReadWriteLock.h,🟦,72,domain-aware-interface,interface reliée à un adaptateur du moteur métier partagé,319,edbb13c94e19370e01fbd8dd53819aa8dd59d53170864599936600a1a01ec8cc
include/elit21/concurrency/Semaphore.h,🟦,72,domain-aware-interface,interface reliée à un adaptateur du moteur métier partagé,311,05dfd83cbff0a188be12d09034f1428968ea5ec089f2eb8e19fa7194c8f0eaed
include/elit21/concurrency/Task.h,🟦,72,domain-aware-interface,interface reliée à un adaptateur du moteur métier partagé,301,04ffc893e79ef0806b441b4f3e37c4fe801a029f0b15d240da414cc9d9766b1b
include/elit21/concurrency/ThreadPool.h,🟦,72,domain-aware-interface,interface reliée à un adaptateur du moteur métier partagé,313,38c937eec45e5fad9fcb2ffa0e256791c4250a04fb06e77f12abeff9cc4712a5
include/elit21/concurrency/ThreadSafeValue.h,🟦,72,domain-aware-interface,interface reliée à un adaptateur du moteur métier partagé,323,b59b410b781df06627f12b0e8418c8741944ad1df41eea4a4b88a207529c57d9
include/elit21/concurrency/TimedMutex.h,🟦,72,domain-aware-interface,interface reliée à un adaptateur du moteur métier partagé,313,35245a7da17a0b6f037b5cfb5fd24deef880d2a75ee6030365626058022011b7
include/elit21/concurrency/WorkerThread.h,🟦,72,domain-aware-interface,interface reliée à un adaptateur du moteur métier partagé,317,900467f4052544c21c18623b0bdb24e66cb2dd7177463d3b8f0d5bebb62a2bce
include/elit21/config/Config.h,✅,90,dedicated-interface,interface reliée à une implémentation C++ dédiée,2170,5f0af730e7aa5e75f59a378035ae32e223f807031e7e19fb2b58c61eb1b7950e
include/elit21/configuration/ApplicationConfig.h,🟦,72,domain-aware-interface,interface reliée à un adaptateur du moteur métier partagé,331,834983fd3b2cc8bf5827cb7b2cf4e13bea4a71113280f65b21e4c8644b32adc0
include/elit21/configuration/AutomationConfig.h,🟦,72,domain-aware-interface,interface reliée à un adaptateur du moteur métier partagé,329,fe23eb724e3ddd7367945dbacef20af46f24c477f696649234306464fba4e491
include/elit21/configuration/ConfigurationLoader.h,🟦,72,domain-aware-interface,interface reliée à un adaptateur du moteur métier partagé,335,adadc7adce86853dfd42c9caaac3dc0a03218b370d035a123e834141601c19d8
include/elit21/configuration/ConfigurationMerger.h,🟦,72,domain-aware-interface,interface reliée à un adaptateur du moteur métier partagé,335,6609a30d5d1d4541b1f3d0f8a78d46f5fa4b65fb997f3cdc5d637bec75f9a863
include/elit21/configuration/ConfigurationPaths.h,🟦,72,domain-aware-interface,interface reliée à un adaptateur du moteur métier partagé,333,e467ad4e8db58a8ca16491bba1ee54511904289b62983de6a70e5f4fdf9afd17
include/elit21/configuration/ConfigurationSchema.h,🟦,72,domain-aware-interface,interface reliée à un adaptateur du moteur métier partagé,335,cb1ad274e2a777231c6fcefa9e613c17aa090181fd82b8fbf384274582d3437a
include/elit21/configuration/ConfigurationValidator.h,🟦,72,domain-aware-interface,interface reliée à un adaptateur du moteur métier partagé,341,f1830f4dfc5abc84baaa47ed7e4c363b213763800efde49a79e6d4d040e302d6
include/elit21/configuration/ConfigurationWatcher.h,🟦,72,domain-aware-interface,interface reliée à un adaptateur du moteur métier partagé,337,97d23e141675f13bb8d35af54e999d1db9d29e922d61d9e2950bcc02ef10855a
include/elit21/configuration/DatabaseConfig.h,🟦,72,domain-aware-interface,interface reliée à un adaptateur du moteur métier partagé,325,7c9c2e2fcf7396debc07934a5e111eb13d5243d07eb2800a653cc84602364aeb
include/elit21/configuration/EnvironmentLoader.h,🟦,72,domain-aware-interface,interface reliée à un adaptateur du moteur métier partagé,331,06c4a1f4d2cbba36ee9d3c7eb2f5af05d4d5a7c052ff88d081c0d71fa1c72bf7
include/elit21/configuration/FeatureFlagConfig.h,🟦,72,domain-aware-interface,interface reliée à un adaptateur du moteur métier partagé,331,b2ffe748bfde1ed35cc1b7fc619ea274b249fabdf206092fe6518a7d233ee070
include/elit21/configuration/FulfillmentConfig.h,🟦,72,domain-aware-interface,interface reliée à un adaptateur du moteur métier partagé,331,b99633a4956f5bbf8ec32f795b6f613d9b8a1e6a4f5e722defadd999a2d63e82
include/elit21/configuration/InventoryConfig.h,🟦,72,domain-aware-interface,interface reliée à un adaptateur du moteur métier partagé,327,14ed8de5b2d13e2b002b58335ef67ad1d548e55b3812785826d466d059423a21
include/elit21/configuration/LoggingConfig.h,🟦,72,domain-aware-interface,interface reliée à un adaptateur du moteur métier partagé,323,72ab799e956ea3010726ecc9f6bd1915d6d84c4b0c034bd34bc5c986f11fd8ee
include/elit21/configuration/NotificationConfig.h,🟦,72,domain-aware-interface,interface reliée à un adaptateur du moteur métier partagé,333,7152cf5ca61b4cea08bdab316fab429b2418f9191afe00f3a47659b3e2ca913f
include/elit21/configuration/PricingConfig.h,🟦,72,domain-aware-interface,interface reliée à un adaptateur du moteur métier partagé,323,dccec1307b583f1f30bd9db88b004706c0942f320de849a3a035fe47fb2edeb2
include/elit21/configuration/SecurityConfig.h,🟦,72,domain-aware-interface,interface reliée à un adaptateur du moteur métier partagé,325,e4ba6e8ca7b0a61d2a721dec7e0cdad275991982dea280f415ff73a333d88030
include/elit21/configuration/SourcingConfig.h,🟦,72,domain-aware-interface,interface reliée à un adaptateur du moteur métier partagé,325,d650b63f6429b52b035924ab512fa64f7750f3ae8f75f4f4889f7b37b5d32f76
include/elit21/configuration/TerminalConfig.h,🟦,72,domain-aware-interface,interface reliée à un adaptateur du moteur métier partagé,325,cd416814495c86918f3762ffa26b50bd62d4c0edb20755ddf67b2a013bdc6633
include/elit21/core/AtomicCounter.h,🟦,72,domain-aware-interface,interface reliée à un adaptateur du moteur métier partagé,305,4551affd880a584ae510f3a813868d177d540a19f7ece2df1c29cb067583378c
include/elit21/core/Clock.h,🟦,72,domain-aware-interface,interface reliée à un adaptateur du moteur métier partagé,289,a8cce7ead1f586b9f8c189f20beac0a4731edcf6370329be1b6b832b0b27cd2d
include/elit21/core/DateTime.h,🟦,72,domain-aware-interface,interface reliée à un adaptateur du moteur métier partagé,295,8ff84191b2360e3ac964ce53f411fd2c36201a9e552dc25f8f3411fc5294f407
include/elit21/core/Duration.h,🟦,72,domain-aware-interface,interface reliée à un adaptateur du moteur métier partagé,295,1c32ac17fd96d75774ce177b38ecf155b6fa5fb8deda190e15e88c2b7a59671f
include/elit21/core/Error.h,🟦,72,domain-aware-interface,interface reliée à un adaptateur du moteur métier partagé,289,7f5f54a5e4d165fa162df1431038d89a34326633c1285cf5ea3c97c373f2d768
include/elit21/core/ErrorCode.h,🟦,72,domain-aware-interface,interface reliée à un adaptateur du moteur métier partagé,297,4ca2ac95ea6e456b8ca182f5eba3a161b4256509613242e72a9fbfb916486cbf
include/elit21/core/Expected.h,🟦,72,domain-aware-interface,interface reliée à un adaptateur du moteur métier partagé,295,f52974e41e22bf3c334d6e5ec1ab65412faff15477f9a02445776c1eef201e41
include/elit21/core/Identifier.h,🟦,72,domain-aware-interface,interface reliée à un adaptateur du moteur métier partagé,299,4310cfd393868c8266d4ec79e22d0b113340f775ff6363e33db04f89825c1516
include/elit21/core/NonCopyable.h,🟦,72,domain-aware-interface,interface reliée à un adaptateur du moteur métier partagé,301,57027846dfd5941b11ad8e6511847a41f91ee5e94b068d593242515bd7713389
include/elit21/core/Optional.h,🟦,72,domain-aware-interface,interface reliée à un adaptateur du moteur métier partagé,295,fc09e9d7adf9916fd91f5a981bb5046ab3b3143b7382a0b65d4f1c1347370d1d
include/elit21/core/Result.h,✅,90,dedicated-interface,interface reliée à une implémentation C++ dédiée,1296,29e2ba6335be762303ce573e60d853830929d8f1ec099d9a1fc332efa06e8d98
include/elit21/core/ScopeGuard.h,🟦,72,domain-aware-interface,interface reliée à un adaptateur du moteur métier partagé,299,8edf761de84443b17a2266abc2b27e38957be23879b129cf9b7de6bc3b4fb216
include/elit21/core/Status.h,🟦,72,domain-aware-interface,interface reliée à un adaptateur du moteur métier partagé,291,5f6380465b0d1d2faacad56e2d88a5f06183967ecf7385a9b2037f10c1be1258
include/elit21/core/Stopwatch.h,🟦,72,domain-aware-interface,interface reliée à un adaptateur du moteur métier partagé,297,b029da92f9b83b0cc7f245028e6776aedc071268ffd808183ea98822c41b1522
include/elit21/core/StringUtils.h,🟦,72,domain-aware-interface,interface reliée à un adaptateur du moteur métier partagé,301,8160896a13fe047873316090402da4654c332103b2a53900fa08006a04318b0c
include/elit21/core/Timestamp.h,🟦,72,domain-aware-interface,interface reliée à un adaptateur du moteur métier partagé,297,f67cd3965ba7c89303149bc60bf483c007aa207e90f1b6fa9aa0d793d38b534f
include/elit21/core/TimeUtils.h,🟦,72,domain-aware-interface,interface reliée à un adaptateur du moteur métier partagé,297,7049db824847d9393603012a55d2811dcf6c0d984741523d304e75716675be88
include/elit21/core/TypeId.h,🟦,72,domain-aware-interface,interface reliée à un adaptateur du moteur métier partagé,291,a105c4344865d1f6c3877be87890becff258e6b24b47e90c4c80e970412ce301
include/elit21/core/Types.h,✅,90,dedicated-interface,interface reliée à une implémentation C++ dédiée,1552,cc5ef9e829555ede92c80d3013ba300f43a53a8857afebeb4124894284cdb245
include/elit21/core/Uuid.h,🟦,72,domain-aware-interface,interface reliée à un adaptateur du moteur métier partagé,287,b2e742b05006842fdbf3eb26131d18a028c36f098c89aa7a81b01d11423c17ef
include/elit21/core/ValidationResult.h,🟦,72,domain-aware-interface,interface reliée à un adaptateur du moteur métier partagé,311,ac3a4deb631088b8ff23624a7e752ed04196470810a9a85f7a4910f921bd04f3
include/elit21/customer_service/BilingualMessageBuilder.h,🟦,72,domain-aware-interface,interface reliée à un adaptateur du moteur métier partagé,349,8002add6d0e7cc2ffcdc1ec1aa9659214e1a04d1ab7bb491c9e9f512649a4622
include/elit21/customer_service/CustomerMessage.h,🟦,72,domain-aware-interface,interface reliée à un adaptateur du moteur métier partagé,333,4a71f5456dc3dfbc9f65b9350c58ed2a2eb189f98abd00f7157ec8a8d02ff2c7
include/elit21/customer_service/CustomerMessageDispatcher.h,🟦,72,domain-aware-interface,interface reliée à un adaptateur du moteur métier partagé,353,1114a2c761ee6da751458d7802ec862ebaa3d85b7b5dab9fc020854b1954e411
include/elit21/customer_service/CustomerServiceCoordinator.h,🟦,72,domain-aware-interface,interface reliée à un adaptateur du moteur métier partagé,355,6e619eb0a369634271f6c2d8a0be4a37a25e8811b3ea08e18479e3dfca0bc439
include/elit21/customer_service/DelayNotificationService.h,🟦,72,domain-aware-interface,interface reliée à un adaptateur du moteur métier partagé,351,ade9a730127c2b2c6f185a3b0e5456cd3de9e2c95199cd1d0c724b450b38ea18
include/elit21/customer_service/DeliveryNotificationService.h,🟦,72,domain-aware-interface,interface reliée à un adaptateur du moteur métier partagé,357,891607bc137e820f9f366b71f51065ad12c9bc527181179a6badbfcabd9a946f
include/elit21/customer_service/EmailNotificationClient.h,🟦,72,domain-aware-interface,interface reliée à un adaptateur du moteur métier partagé,349,6a8c1e3c7d32f5f22c44c018bb8b28c2d88f2054bdede8efb694261859d5e133
include/elit21/customer_service/MessageTemplateEngine.h,🟦,72,domain-aware-interface,interface reliée à un adaptateur du moteur métier partagé,345,5383bb1f30de47a431eaea08063af7390bb89125aef4dd82049a196473aa3155
include/elit21/customer_service/OrderConfirmationService.h,🟦,72,domain-aware-interface,interface reliée à un adaptateur du moteur métier partagé,351,4474f4a012dd15fd3477bc741d6d3bda3aeb0225418d6c1139d419a34ab95636
include/elit21/customer_service/RefundNotificationService.h,🟦,72,domain-aware-interface,interface reliée à un adaptateur du moteur métier partagé,353,51710b8c310e22589d01d4e20bec82ab1d65e25488be9c67a25589a37cef7f60
include/elit21/customer_service/SupportCase.h,🟦,72,domain-aware-interface,interface reliée à un adaptateur du moteur métier partagé,325,fa52dd996c4675bbb03f12fef597bba41fb9fdab784affc625502085cb3d8a75
include/elit21/customer_service/SupportCaseClassifier.h,🟦,72,domain-aware-interface,interface reliée à un adaptateur du moteur métier partagé,345,222e86bac20327180df77717ba94493c95bf96bd4da08e280644ef2bd84e548a
include/elit21/customer_service/SupportCaseRepository.h,🟦,72,domain-aware-interface,interface reliée à un adaptateur du moteur métier partagé,345,d32b45872c05de97421b49e0e0489f5a085416ae63d55ea0180ec8fb542ca45f
include/elit21/customer_service/TrackingNotificationService.h,🟦,72,domain-aware-interface,interface reliée à un adaptateur du moteur métier partagé,357,f8ea646c8c2251c9f3de799ef7e3df29181580f6842e8c2fea7e8f2d0d5f8d40
include/elit21/customers/Customer.h,🟦,72,domain-aware-interface,interface reliée à un adaptateur du moteur métier partagé,305,f1aefd8b966cac8aa74a77bcf41fadcf6026d22b504504e4e9e4e8125b506c86
include/elit21/customers/CustomerAnonymizationService.h,🟦,72,domain-aware-interface,interface reliée à un adaptateur du moteur métier partagé,345,9dd2114d352ed66df66feb5955890dc25faa32466fe002d387d13f89d4281e01
include/elit21/customers/CustomerConsentService.h,🟦,72,domain-aware-interface,interface reliée à un adaptateur du moteur métier partagé,333,e5af5e94bacf9f7b5387e0dd9940bf856c7bf3bf66249850435cad664ee833c6
include/elit21/customers/CustomerDataExporter.h,🟦,72,domain-aware-interface,interface reliée à un adaptateur du moteur métier partagé,329,763e0c25dab8486e2d4a83df152a66153ab3b2f53f42c12d2a974cde03c617cf
include/elit21/customers/CustomerDataSynchronizer.h,🟦,72,domain-aware-interface,interface reliée à un adaptateur du moteur métier partagé,337,1f591723c20b873ed1c195f43cd1b408e4dfb46e2cfd968ad8fc0991aad376a8
include/elit21/customers/CustomerDeletionService.h,🟦,72,domain-aware-interface,interface reliée à un adaptateur du moteur métier partagé,335,7ea48f18793e1e7483d224a34b6b89194518ff4529329bd1e8bb858b3ba564d5
include/elit21/customers/CustomerIdentityResolver.h,🟦,72,domain-aware-interface,interface reliée à un adaptateur du moteur métier partagé,337,ca9d9eae7b8ced6fbe254d16bc70abb3d9c198e346f6fbfac599a0bb33f2df9b
include/elit21/customers/CustomerProfileService.h,🟦,72,domain-aware-interface,interface reliée à un adaptateur du moteur métier partagé,333,c2c0ff53a6d2ccbae3fd14e2f3d3f6f80eeb17eb2e510f84a010fd4d7080c745
include/elit21/customers/CustomerRiskProfile.h,🟦,72,domain-aware-interface,interface reliée à un adaptateur du moteur métier partagé,327,c6b53aa8944a452330122e882dd2275f5395629c2855b1d542a4ffa219784f8d
include/elit21/domain/Address.h,🟦,72,domain-aware-interface,interface reliée à un adaptateur du moteur métier partagé,297,028555156216243d6c3b8a71c8ecc3966747ca3a1592c98dce096356cc22bc97
include/elit21/domain/Amount.h,🟦,72,domain-aware-interface,interface reliée à un adaptateur du moteur métier partagé,295,7260fb5823fb2f8528628cd404d5b9231091564a5a23647e2d8ee8f7051a5d30
include/elit21/domain/CountryCode.h,🟦,72,domain-aware-interface,interface reliée à un adaptateur du moteur métier partagé,305,f357bf2a67670b079d72764ea60c6c9b3fedd35122d0a2c37fabc85e3c997745
include/elit21/domain/Currency.h,🟦,72,domain-aware-interface,interface reliée à un adaptateur du moteur métier partagé,299,531ef078bdc6e2e229338d9d0c7824a0f5462bbd3c714083aa35475ea605c133
include/elit21/domain/CustomerId.h,🟦,72,domain-aware-interface,interface reliée à un adaptateur du moteur métier partagé,303,7a530d2785ae0bc14d73b1398bcb3ddacae665e9410a76c50c0839c13fbd8ae0
include/elit21/domain/EmailAddress.h,🟦,72,domain-aware-interface,interface reliée à un adaptateur du moteur métier partagé,307,fd8f576a8e822fce90cc598903a36590e47a12eb3503106a4c1c1e927bb749c6
include/elit21/domain/LanguageCode.h,🟦,72,domain-aware-interface,interface reliée à un adaptateur du moteur métier partagé,307,f650cca4d0da31d196263fdd9601f4c1309a6c99888dce197eb2f2d046d4fbca
include/elit21/domain/Money.h,🟦,72,domain-aware-interface,interface reliée à un adaptateur du moteur métier partagé,293,b270f636333f057da61a3d1d11ec6160a5883ae2ce1164729c278f9cbb4e271c
include/elit21/domain/OrderId.h,🟦,72,domain-aware-interface,interface reliée à un adaptateur du moteur métier partagé,297,56960fefd7568afe9b0281ef2aecba7261b2933008546f41bdbdb0a8d78267d9
include/elit21/domain/Percentage.h,🟦,72,domain-aware-interface,interface reliée à un adaptateur du moteur métier partagé,303,e6d0b5d884521ffb4c9b0330631c7226ef3093d048e5b1ea366fae94ec3aad99
include/elit21/domain/PhoneNumber.h,🟦,72,domain-aware-interface,interface reliée à un adaptateur du moteur métier partagé,305,037c63bac0a6df5025e5c1dac3a06ef61e6f9b10ade918118052a930b124ef43
include/elit21/domain/PostalCode.h,🟦,72,domain-aware-interface,interface reliée à un adaptateur du moteur métier partagé,303,8f0af13bbe471641a2590612cdc0b2efaf8bf4090314c5bdb3faaad57f822a78
include/elit21/domain/ProductId.h,🟦,72,domain-aware-interface,interface reliée à un adaptateur du moteur métier partagé,301,2ab62b07e83111a1d2788c26659bd2946415e0ef31b4b32eb6c7c18dfebf15cd
include/elit21/domain/ProvinceCode.h,🟦,72,domain-aware-interface,interface reliée à un adaptateur du moteur métier partagé,307,8277f045c6836ffc5e23cd5859d1ba5ce763c70e943cea61ec73821c34258109
include/elit21/domain/Quantity.h,🟦,72,domain-aware-interface,interface reliée à un adaptateur du moteur métier partagé,299,c08d183a37d0a217d51d17c025eaed269762d72e505f28fb1165b39b4af75421
include/elit21/domain/ShipmentId.h,🟦,72,domain-aware-interface,interface reliée à un adaptateur du moteur métier partagé,303,8e50cd302b8a0e72068307cfe0ee05b844d16c3b5f1bc554cc4f9bf1d2a153a5
include/elit21/domain/Sku.h,🟦,72,domain-aware-interface,interface reliée à un adaptateur du moteur métier partagé,289,9ee9db43a0df8cc768fd22ab930b5e19e494ea179e01b80f09b536cce2f14c77
include/elit21/domain/SupplierId.h,🟦,72,domain-aware-interface,interface reliée à un adaptateur du moteur métier partagé,303,e00a60abad9611f4448e06b21f20defd117126420c3181047fa7a68879bf5d98
include/elit21/domain/TaxRate.h,🟦,72,domain-aware-interface,interface reliée à un adaptateur du moteur métier partagé,297,aa36e6862df08bc030ce64b20ca57dee4589b0a6fba8727f582da75d2b4d1455
include/elit21/domain/TrackingNumber.h,🟦,72,domain-aware-interface,interface reliée à un adaptateur du moteur métier partagé,311,664e57c4e246c2535f86fe632e480572234a7b33eecabe5d24a68e74dd7a8aa8
include/elit21/domain/VariantId.h,🟦,72,domain-aware-interface,interface reliée à un adaptateur du moteur métier partagé,301,f3e36af3c049694d755a6a8f1d87bf31f9d4c1d3e972f38b39335c4335ca4bba
include/elit21/finance/AccountingEntry.h,🟦,72,domain-aware-interface,interface reliée à un adaptateur du moteur métier partagé,315,ca2c991f4cb7c95ff11c77d830c2cfef21e397e81ad5951960860791b3169366
include/elit21/finance/AccountingExporter.h,🟦,72,domain-aware-interface,interface reliée à un adaptateur du moteur métier partagé,321,61b00261552ebe4cdb4adc96bf8f70fbb1592a2c3297d22e00c045c91d071588
include/elit21/finance/CostOfGoodsCalculator.h,🟦,72,domain-aware-interface,interface reliée à un adaptateur du moteur métier partagé,327,4e369caaa88fe950b6e2c66d46f68f0328de6b8738239c35654847edf999c40a
include/elit21/finance/ExpenseTracker.h,🟦,72,domain-aware-interface,interface reliée à un adaptateur du moteur métier partagé,313,a5f49cafd7793df058de309ebe97c2bfd3c3d5acee86757359729deb18884bab
include/elit21/finance/FinancialLedger.h,🟦,72,domain-aware-interface,interface reliée à un adaptateur du moteur métier partagé,315,a278eb3e1a6deb8ffc9ae3ea3daac1d0f96e9a856a8137c89b659dc5c60599d2
include/elit21/finance/FinancialReconciliationService.h,🟦,72,domain-aware-interface,interface reliée à un adaptateur du moteur métier partagé,345,4e07a2eebd2ec5aa4498d3de38210ac4b85b5277aff72336245aecec4ff55151
include/elit21/finance/GrossProfitCalculator.h,🟦,72,domain-aware-interface,interface reliée à un adaptateur du moteur métier partagé,327,106879d4680241c8fa4050acf6696459c113d54864238683a3fc1a72474dc286
include/elit21/finance/NetProfitCalculator.h,🟦,72,domain-aware-interface,interface reliée à un adaptateur du moteur métier partagé,323,9576816b99518a7a6ea334203103fd5751f0e3646e1726c90c1ee7ab6c4efc93
include/elit21/finance/OrderProfitabilityCalculator.h,🟦,72,domain-aware-interface,interface reliée à un adaptateur du moteur métier partagé,341,4e4e0529093651c6ea2a1fd23ecd2cb5bed719444ef3aa2e2f43ba1fb2d495db
include/elit21/finance/PaymentFeeReconciler.h,🟦,72,domain-aware-interface,interface reliée à un adaptateur du moteur métier partagé,325,3cb4e7205661ccabcb1e73fc61edced6d80296d21e621403c052f4128f66460e
include/elit21/finance/PayoutReconciliationService.h,🟦,72,domain-aware-interface,interface reliée à un adaptateur du moteur métier partagé,339,166d27e9e4efdcca638bef4d7b0b007c185e563f5b3092242f6f5b3a3b61feaf
include/elit21/finance/RevenueTracker.h,🟦,72,domain-aware-interface,interface reliée à un adaptateur du moteur métier partagé,313,c6ae0605f91d51d6e4ce089d537451d58143820b850271e8bd4aad1e6da7ccbf
include/elit21/finance/TaxReportExporter.h,🟦,72,domain-aware-interface,interface reliée à un adaptateur du moteur métier partagé,319,7bc2fc3b3d5ed921233c6597ef9d07df3b81e5881676a69bb19cbd1b1b6b14a1
include/elit21/finance/TransactionRecord.h,🟦,72,domain-aware-interface,interface reliée à un adaptateur du moteur métier partagé,319,1763c37c164099896aedf793efb5b49d671a97e540bcab637cf9cce911e95c84
include/elit21/fulfillment/CarrierDetectionService.h,🟦,72,domain-aware-interface,interface reliée à un adaptateur du moteur métier partagé,339,65ec38976bb20110f83a3dcdf09eec2ef4803d7014749f941e764bf4ae27af16
include/elit21/fulfillment/DeliveryConfirmationService.h,🟦,72,domain-aware-interface,interface reliée à un adaptateur du moteur métier partagé,347,4dd603f3b838e3f71882c0e656a6ad5bc04e1f8bbd7c43a5f58543483e51ab34
include/elit21/fulfillment/DeliveryEstimateCalculator.h,🟦,72,domain-aware-interface,interface reliée à un adaptateur du moteur métier partagé,345,d897b105df26a0a0fbe05d23bedf57f98fa627189eb210e4563a62332059ba8f
include/elit21/fulfillment/FulfillmentCoordinator.h,🟦,72,domain-aware-interface,interface reliée à un adaptateur du moteur métier partagé,337,80ef4554931451f68c46c9267eda5e7a08d1caf2da4722efb3b45e73395c91ad
include/elit21/fulfillment/FulfillmentCreationService.h,🟦,72,domain-aware-interface,interface reliée à un adaptateur du moteur métier partagé,345,a6747d03d718a3be85555edd46e42ce864a48b72e5745c4d4fc477159b70c7d8
include/elit21/fulfillment/FulfillmentManager.h,✅,90,dedicated-interface,interface reliée à une implémentation C++ dédiée,519,39c543d2467f032fc62ddebff36a2d1c9b8c0746485f82683f1c99ef9c90a46d
include/elit21/fulfillment/FulfillmentReconciliationService.h,🟦,72,domain-aware-interface,interface reliée à un adaptateur du moteur métier partagé,357,14518d340276553d9f287bf213a2a40a76fb6c26bf5b8d3adaa992c0f5513750
include/elit21/fulfillment/LateShipmentDetector.h,🟦,72,domain-aware-interface,interface reliée à un adaptateur du moteur métier partagé,333,b66abcfe0857fd4c7db37cb9422a22c66635ff3274d581f18f2d1a33545ae12a
include/elit21/fulfillment/LostShipmentDetector.h,🟦,72,domain-aware-interface,interface reliée à un adaptateur du moteur métier partagé,333,8c42fef1f46cfd94f7aff8225d7cd5f13028897d2c58779ab721373725cda3ea
include/elit21/fulfillment/PartialFulfillmentCoordinator.h,🟦,72,domain-aware-interface,interface reliée à un adaptateur du moteur métier partagé,351,ac89239a3cbb67a7fd25ef1935dee10f792dad6f2e9cb12d0a85c9cf1d98f177
include/elit21/fulfillment/Shipment.h,🟦,72,domain-aware-interface,interface reliée à un adaptateur du moteur métier partagé,309,019ca93427ced7c766b1ef96278f08a5d0d024047975bea0bcedb00bfdfffbee
include/elit21/fulfillment/ShipmentMonitor.h,🟦,72,domain-aware-interface,interface reliée à un adaptateur du moteur métier partagé,323,cbafdbc4239acacb633fb5ba44d8b0d21d90f8aa0bf51300d418fb609603c3e5
include/elit21/fulfillment/ShipmentStateMachine.h,🟦,72,domain-aware-interface,interface reliée à un adaptateur du moteur métier partagé,333,52a26013650fe5bb96f9c69c589930f6734a3f68c9609b71fc5674f70b6213dc
include/elit21/fulfillment/ShippingMethodSelector.h,🟦,72,domain-aware-interface,interface reliée à un adaptateur du moteur métier partagé,337,10d45700252f094a05dc87d47bf610294e6082012d6842a2d189f22743326304
include/elit21/fulfillment/TrackingEvent.h,🟦,72,domain-aware-interface,interface reliée à un adaptateur du moteur métier partagé,319,8b47441c3893687c21aa191fd4f1764ced65f0dd2d1d195675be581c0581b987
include/elit21/fulfillment/TrackingEventNormalizer.h,🟦,72,domain-aware-interface,interface reliée à un adaptateur du moteur métier partagé,339,bdc684f42d6b2279a187e3bc259236668cf67758469e04b9082a9fac81995408
include/elit21/fulfillment/TrackingPollingPolicy.h,🟦,72,domain-aware-interface,interface reliée à un adaptateur du moteur métier partagé,335,22eeea5b7f9c77b86b7a261347e843e56b447c251152cb7d39dc6227cde49bbc
include/elit21/fulfillment/TrackingSynchronizationService.h,🟦,72,domain-aware-interface,interface reliée à un adaptateur du moteur métier partagé,353,c1c98fee1b64bfcd44637c6513f252006550dd64d3a183c6a89a40f7fe3ed9bf
include/elit21/fulfillment/UntrackedShipmentHandler.h,🟦,72,domain-aware-interface,interface reliée à un adaptateur du moteur métier partagé,341,10cd6e22d1f4911f2b6a545488cc8f405c0f94625fc113fd0f9b68492d6e8be0
include/elit21/inventory/AvailabilityDecision.h,🟦,72,domain-aware-interface,interface reliée à un adaptateur du moteur métier partagé,329,4b6da12f7b9cba054ba1d57fa1b352414adcfb9033e652bbc7f3238203cc99e1
include/elit21/inventory/InventoryCoordinator.h,🟦,72,domain-aware-interface,interface reliée à un adaptateur du moteur métier partagé,329,ae502162819b1c7504a2af05730a0363859d668759ceb579b6a8a941f8537c79
include/elit21/inventory/InventoryLevel.h,🟦,72,domain-aware-interface,interface reliée à un adaptateur du moteur métier partagé,317,7ca7112db0839d4e678211c08857461f5724ffb611848dd6b610df320af336e0
include/elit21/inventory/InventoryManager.h,✅,90,dedicated-interface,interface reliée à une implémentation C++ dédiée,1016,640e94220558aeb2daadd9697e31c42cdfbc10f0b86608c9dc83353a2f7404b7
include/elit21/inventory/InventoryPoller.h,🟦,72,domain-aware-interface,interface reliée à un adaptateur du moteur métier partagé,319,864d7f7daa2071b01d79aeb3675892b32e675932755ff1d96b96707c8ea748ab
include/elit21/inventory/InventoryReconciliationService.h,🟦,72,domain-aware-interface,interface reliée à un adaptateur du moteur métier partagé,349,202ab2709eb3c4daa63752fff87fbda79a69744d6d8182de6fd622cb8d10620c
include/elit21/inventory/InventoryReservation.h,🟦,72,domain-aware-interface,interface reliée à un adaptateur du moteur métier partagé,329,d545ece53731513a78e5d597f3b7a84bf53fcefc89f75f907a99bec1c578ea26
include/elit21/inventory/InventorySafetyBuffer.h,🟦,72,domain-aware-interface,interface reliée à un adaptateur du moteur métier partagé,331,516021f06a3687b31f929bca96a79cb89f5ce1dd878c3150c598957a6e330d55
include/elit21/inventory/InventorySnapshot.h,🟦,72,domain-aware-interface,interface reliée à un adaptateur du moteur métier partagé,323,628d0f1c1a5a1eb52fab6b634dbba432e56058cf7c00f9b7776cdd98f42d14a5
include/elit21/inventory/InventoryStalenessDetector.h,🟦,72,domain-aware-interface,interface reliée à un adaptateur du moteur métier partagé,341,4ca0c61b49a2b0cc787753dc1b6e721187b79382b3ee8f7cc755a046db6262d1
include/elit21/inventory/InventorySynchronizationService.h,🟦,72,domain-aware-interface,interface reliée à un adaptateur du moteur métier partagé,351,ba7cc376ee9cf9690b5f76dec66d9cc8a712667fa1ef6731d3144f000220bb9d
include/elit21/inventory/OutOfStockHandler.h,🟦,72,domain-aware-interface,interface reliée à un adaptateur du moteur métier partagé,323,c72a093d995497fb02bc72097a53ea0341c629719177613fd732ee04e5201372
include/elit21/inventory/OversellPreventionGuard.h,🟦,72,domain-aware-interface,interface reliée à un adaptateur du moteur métier partagé,335,50788eefd77263a879de64ba15e0f1728223aeec997e97c03f979e8612de68ae
include/elit21/inventory/ProductAvailabilityService.h,🟦,72,domain-aware-interface,interface reliée à un adaptateur du moteur métier partagé,341,0cf7d577a2e294989291e2dfd4fe94bc0de00a61a30fc81443f60b7f773ec8a5
include/elit21/inventory/RestockDetector.h,🟦,72,domain-aware-interface,interface reliée à un adaptateur du moteur métier partagé,319,40e5118f409f9369ac34e5e58466911a954a8ab7c8a36b4ee9c3ea8405b28ae9
include/elit21/inventory/SafetyStockPolicy.h,🟦,72,domain-aware-interface,interface reliée à un adaptateur du moteur métier partagé,323,1878b84c198f997f09a3cd73129c3138c6719ba0eb4686a5daf8e44d35f7df7d
include/elit21/inventory/StockChangeAnalyzer.h,🟦,72,domain-aware-interface,interface reliée à un adaptateur du moteur métier partagé,327,595f190fc7a22e66c605ded9e5562662fa6307e8c53d7290007a9024cfadf8d1
include/elit21/inventory/StockPollingPolicy.h,🟦,72,domain-aware-interface,interface reliée à un adaptateur du moteur métier partagé,325,8cac6c9b1eefe135722bd074946bcf14a6b84521bcab2d1bdaeb4c16570f8d45
include/elit21/inventory/VariantAvailabilityService.h,🟦,72,domain-aware-interface,interface reliée à un adaptateur du moteur métier partagé,341,05cdb47f9a27f1aea01d072452923672ffb534198fe8a37f8b2e81c3824f3b5e
include/elit21/json/Json.h,✅,90,dedicated-interface,interface reliée à une implémentation C++ dédiée,2250,b0927f61bd36c287476fd8eb0d31c42e20fa787b70a53d52823667f25744d30b
include/elit21/logging/Logger.h,✅,90,dedicated-interface,interface reliée à une implémentation C++ dédiée,934,928e406f59bdb319a71d816c82e202833b92b72755e5cba948e523625e4f9c65
include/elit21/mapping/AddressMapper.h,🟦,72,domain-aware-interface,interface reliée à un adaptateur du moteur métier partagé,311,c1020c8db994011d5e1d1edcbdc649f9e28b0ce1eea6de1bcc3c80aa7665fc96
include/elit21/mapping/CarrierMapper.h,🟦,72,domain-aware-interface,interface reliée à un adaptateur du moteur métier partagé,311,87c9aa28b2e36c2d04e8e28f288e771e9e6ebb3b1bd8d49e02a8d71ba76436cd
include/elit21/mapping/CategoryMapper.h,🟦,72,domain-aware-interface,interface reliée à un adaptateur du moteur métier partagé,313,ce99211e9afcc7b382ce878f55a3c2b42842e45c80886dc5811be76dfb987813
include/elit21/mapping/CollectionMapper.h,🟦,72,domain-aware-interface,interface reliée à un adaptateur du moteur métier partagé,317,ecc57abe8b9d21fb7a00ee159f0751a4676c930f0b8d5d12dd3e17df78790f2a
include/elit21/mapping/CurrencyMapper.h,🟦,72,domain-aware-interface,interface reliée à un adaptateur du moteur métier partagé,313,3f075f1b18c3e0cf6a2090a3aa0ac08ee8b7401849b602dd136cd4019bb19854
include/elit21/mapping/CustomerMapper.h,🟦,72,domain-aware-interface,interface reliée à un adaptateur du moteur métier partagé,313,c700baf43654ed69c00d86d5b87771cddb909165e2d3e2daa18f445322ba8cb5
include/elit21/mapping/FulfillmentStatusMapper.h,🟦,72,domain-aware-interface,interface reliée à un adaptateur du moteur métier partagé,331,03923ed912c40ea6d15a47157a5bf933a83ba2719de33a57d22aca3a969557d7
include/elit21/mapping/InventoryMapper.h,🟦,72,domain-aware-interface,interface reliée à un adaptateur du moteur métier partagé,315,c69982a57872bad5ad0ad34403e484afa918ba51a4366a73f746137e1fcf4e24
include/elit21/mapping/LanguageMapper.h,🟦,72,domain-aware-interface,interface reliée à un adaptateur du moteur métier partagé,313,23897da923c19d731bbee952fda012c433fad28318987b0ec9394c0657a0ca37
include/elit21/mapping/OrderMapper.h,🟦,72,domain-aware-interface,interface reliée à un adaptateur du moteur métier partagé,307,9988680244a98cd9319dc93b723a9ab1d70329e9cce787f96b1243ff455b1d90
include/elit21/mapping/OrderStatusMapper.h,🟦,72,domain-aware-interface,interface reliée à un adaptateur du moteur métier partagé,319,0aee26b7936799720244bb7a9c25d35ab0bbabbf37da1c8dae93c3c8db43e3d7
include/elit21/mapping/ProductMapper.h,🟦,72,domain-aware-interface,interface reliée à un adaptateur du moteur métier partagé,311,d388dcefa274068e64f85d2add3b30191f4bbb2af087c6436e110992b88edcba
include/elit21/mapping/ProductMapping.h,🟦,72,domain-aware-interface,interface reliée à un adaptateur du moteur métier partagé,313,206fd03fccf3dc146b596fb036385e0480ba6e90913fcc5d799c591b2858e880
include/elit21/mapping/ProductMappingService.h,🟦,72,domain-aware-interface,interface reliée à un adaptateur du moteur métier partagé,327,1eb26481d3ad89845475fa96234096d2a0170a90a8528ecdf3263ca38cdbacdf
include/elit21/mapping/ShippingMethodMapper.h,🟦,72,domain-aware-interface,interface reliée à un adaptateur du moteur métier partagé,325,6e91ee8f558a0815fc042262157a616889130f7b9a32be12dbb801f1c99ebacc
include/elit21/mapping/SkuMapper.h,🟦,72,domain-aware-interface,interface reliée à un adaptateur du moteur métier partagé,303,7360a16134e7193650fd049391a8e55792d2bd2660fb86d5af4768a521b9fe34
include/elit21/mapping/TrackingStatusMapper.h,🟦,72,domain-aware-interface,interface reliée à un adaptateur du moteur métier partagé,325,252b722d9e8905bb333f2e522b669819c5e3311322b3db2a5037aaec40d999f1
include/elit21/mapping/VariantMapper.h,🟦,72,domain-aware-interface,interface reliée à un adaptateur du moteur métier partagé,311,0cb85fc5d4dbd26c9e7bf929bd1b5136bd1d31f6d0af466b7fcd25226edf3d17
include/elit21/mapping/VariantMapping.h,🟦,72,domain-aware-interface,interface reliée à un adaptateur du moteur métier partagé,313,760ee0587fb5a40d49ffc08d24804b66d801bb678d1cca57c7221c9de04cb3bf
include/elit21/messaging/Command.h,🟦,72,domain-aware-interface,interface reliée à un adaptateur du moteur métier partagé,303,649c76eb80ff8522c8c13f8e79590a66c8614e102aabf1c7e6ebc73a6e412114
include/elit21/messaging/CommandBus.h,🟦,72,domain-aware-interface,interface reliée à un adaptateur du moteur métier partagé,309,50623173895ad83ea8fbc98619b37e01bdfa81eb537a5ce0809c6eb8091ff22d
include/elit21/messaging/CommandHandler.h,🟦,72,domain-aware-interface,interface reliée à un adaptateur du moteur métier partagé,317,d3d11a518d8e431d6c5971c71086ac05df6fe50480fce959a20dd576b0081257
include/elit21/messaging/DomainEvent.h,🟦,72,domain-aware-interface,interface reliée à un adaptateur du moteur métier partagé,311,05ddd6d61bf75c2d73f0f1cbd0d996bc0c5aa48a279be2c2ae870265717cc262
include/elit21/messaging/EventBus.h,🟦,72,domain-aware-interface,interface reliée à un adaptateur du moteur métier partagé,305,c647f2792da39ee2411935bc54b2bfe29cf9b38819149e1a517f4a8333c30046
include/elit21/messaging/EventEnvelope.h,🟦,72,domain-aware-interface,interface reliée à un adaptateur du moteur métier partagé,315,33af9be6f2a236fd7e95dc028ea9990d218eac6561a72f4b79eebe56f9912980
include/elit21/messaging/EventHandler.h,🟦,72,domain-aware-interface,interface reliée à un adaptateur du moteur métier partagé,313,b4370f72b6be60d5e6bd54177f8d4aa0582adb589cbf0f8504446844104a051c
include/elit21/messaging/EventSerializer.h,🟦,72,domain-aware-interface,interface reliée à un adaptateur du moteur métier partagé,319,f98e40f6c721458b6477c8cc9f3e58586dcf05443805dff1c3bffacc0e9b1ad7
include/elit21/messaging/Message.h,🟦,72,domain-aware-interface,interface reliée à un adaptateur du moteur métier partagé,303,95bb54b95e855b681785a76ebc3ef88d4fbd761d750132925bb73040309c714b
include/elit21/messaging/MessageDispatcher.h,🟦,72,domain-aware-interface,interface reliée à un adaptateur du moteur métier partagé,323,d9ada24afbe09b9a63e40d99baaa8a671ebeed20907139b3a56a23cef223b8c5
include/elit21/messaging/MessageHeaders.h,🟦,72,domain-aware-interface,interface reliée à un adaptateur du moteur métier partagé,317,7b1d177d57162674dc399d09813719430b001f844c913a3bf22a5debd99f8fbd
include/elit21/messaging/MessageRouter.h,🟦,72,domain-aware-interface,interface reliée à un adaptateur du moteur métier partagé,315,32dc0c3675eec28453176399c5ce0c7d48a587aa1659b144971efb916be16d2a
include/elit21/messaging/Query.h,🟦,72,domain-aware-interface,interface reliée à un adaptateur du moteur métier partagé,299,cfe30348d6cfa635f16dc552e72d4df98ca8778aacb8b64fcdf826a582193d2c
include/elit21/messaging/QueryBus.h,🟦,72,domain-aware-interface,interface reliée à un adaptateur du moteur métier partagé,305,7d9c5f04dc10ea189e07ca7b91504e195c80603b379e3bc3ea0e571a0daf790c
include/elit21/messaging/QueryHandler.h,🟦,72,domain-aware-interface,interface reliée à un adaptateur du moteur métier partagé,313,571c7b12a0260101597f033613f4fc91543e8201093331862edb4c4b01d91c43
include/elit21/net/HttpClient.h,✅,90,dedicated-interface,interface reliée à une implémentation C++ dédiée,1893,feeb23c8ef8d19adee80d1a1266943c90a41c6320f7c4ba6caab8e8202415beb
include/elit21/net/HttpServer.h,✅,90,dedicated-interface,interface reliée à une implémentation C++ dédiée,1029,8149fdc28782e813c07a8de52d05aa91a5f69987983af20d9851126d33d93c9c
include/elit21/network/CurlGlobalContext.h,🟦,72,domain-aware-interface,interface reliée à un adaptateur du moteur métier partagé,319,b62ce4728bee983801cc5287f7389325dd576e5d9196749e335cf14266c22cb5
include/elit21/network/FormEncoder.h,🟦,72,domain-aware-interface,interface reliée à un adaptateur du moteur métier partagé,307,3ea611df4cbaa119124d867f2563a7aec686c031bbca95552d8ea7b0a164ddd1
include/elit21/network/HeaderCollection.h,🟦,72,domain-aware-interface,interface reliée à un adaptateur du moteur métier partagé,317,a5f86531757c7b2402015f9b9d8282a1284ed22129502fd53a264f18c4d4e5fe
include/elit21/network/HttpClient.h,🟦,72,domain-aware-interface,interface reliée à un adaptateur du moteur métier partagé,305,bce8aa5691c41a78ec964b2338ab41d8064acc81cd5d2cf490490f5a0e08ef34
include/elit21/network/HttpClientPool.h,🟦,72,domain-aware-interface,interface reliée à un adaptateur du moteur métier partagé,313,e3730754b657048fea3604a6c20f9a231ef54e7a584fa40f8dd920e67ee47b6a
include/elit21/network/HttpMethod.h,🟦,72,domain-aware-interface,interface reliée à un adaptateur du moteur métier partagé,305,e1a10554b3b4b4bc3294e5dd7f07bf57ba4cff31aa345e9864473186688bb720
include/elit21/network/HttpRequest.h,🟦,72,domain-aware-interface,interface reliée à un adaptateur du moteur métier partagé,307,adc113ce833852667839ee71ff4efc9e7fab9a4d0fa75cb05755cbe00ff418b0
include/elit21/network/HttpResponse.h,🟦,72,domain-aware-interface,interface reliée à un adaptateur du moteur métier partagé,309,87172923516af70455937dde02ab46bb7452b19dcac178cd7d329e9b96bb8763
include/elit21/network/HttpServer.h,🟦,72,domain-aware-interface,interface reliée à un adaptateur du moteur métier partagé,305,2d1fa8b78a22de4c90e9c1f9bf60828ff808f6e9d1c023f62ed6b855c1fd11c8
include/elit21/network/HttpStatus.h,🟦,72,domain-aware-interface,interface reliée à un adaptateur du moteur métier partagé,305,e499293a24c28fa33e908e8664d813f834d475883111dfd96a4d766937eba6dc
include/elit21/network/JsonHttpClient.h,🟦,72,domain-aware-interface,interface reliée à un adaptateur du moteur métier partagé,313,77aaf35361207a793604715fecc661a5439299553c6c40b8d8b444f13d7b728e
include/elit21/network/MultipartBuilder.h,🟦,72,domain-aware-interface,interface reliée à un adaptateur du moteur métier partagé,317,51d7e5b45547c1c1eb9fad0a1910cfd203293533033a37d82064c3723cc4223e
include/elit21/network/NetworkDiagnostics.h,🟦,72,domain-aware-interface,interface reliée à un adaptateur du moteur métier partagé,321,9a79c72e13e24360c8143206b1ddc8c57c8d6bff56c007089a6da10b58c1556d
include/elit21/network/NetworkError.h,🟦,72,domain-aware-interface,interface reliée à un adaptateur du moteur métier partagé,309,5a54dc3115f23d2fe6ad4971383963c98690499b97587727458c155622598df1
include/elit21/network/ProxyConfiguration.h,🟦,72,domain-aware-interface,interface reliée à un adaptateur du moteur métier partagé,321,0ae160841870286d71c1b9123f6aa5ec470a1ee008a5dff8914a39675e88a037
include/elit21/network/RequestInterceptor.h,🟦,72,domain-aware-interface,interface reliée à un adaptateur du moteur métier partagé,321,edc56e7f4150b6f9625d9c8bb0a774350d7c1bac889c854dc96b11ab80d2ed09
include/elit21/network/ResponseInterceptor.h,🟦,72,domain-aware-interface,interface reliée à un adaptateur du moteur métier partagé,323,1e58a9562dd4c18449888a77451c30fb93686dda7f7c32b21e6b8e214218293c
include/elit21/network/Route.h,🟦,72,domain-aware-interface,interface reliée à un adaptateur du moteur métier partagé,295,dd6d90426c03b98e5108edd99d3a4845c4f0db96c9866587ac5b51d38a681d52
include/elit21/network/Router.h,🟦,72,domain-aware-interface,interface reliée à un adaptateur du moteur métier partagé,297,cd9e6bc555935b97c2e92f84b141cb7c868ee6e8989133483173fc690201b646
include/elit21/network/TlsConfiguration.h,🟦,72,domain-aware-interface,interface reliée à un adaptateur du moteur métier partagé,317,0842bec7e85faaecce367b0666871241d1c424c039c81ccf585de497da426398
include/elit21/network/Url.h,🟦,72,domain-aware-interface,interface reliée à un adaptateur du moteur métier partagé,291,cf838d264cb56dbd79f02b9464577e559e03f4ef7e58abad0d2209d6a0b239a3
include/elit21/network/UrlBuilder.h,🟦,72,domain-aware-interface,interface reliée à un adaptateur du moteur métier partagé,305,b46f48131c6a4f7f8857ec0d327ae44963108e4b2bbce383b5081c72e5c748e5
include/elit21/network/WebhookHttpServer.h,🟦,72,domain-aware-interface,interface reliée à un adaptateur du moteur métier partagé,319,91a65f7d36d2ac1633a3f466f5cc7d7f4b4a52e482679502984a7ac883fb62ef
include/elit21/observability/Alert.h,🟦,72,domain-aware-interface,interface reliée à un adaptateur du moteur métier partagé,307,329aad3d57a40d90e4e1d7e31400600189ea716f52c4a5f00ca574f35c397d93
include/elit21/observability/AlertDispatcher.h,🟦,72,domain-aware-interface,interface reliée à un adaptateur du moteur métier partagé,327,80d939747a5906655a653b3dc7a136400f81f720b1b031a3b46fe9b9df7319e8
include/elit21/observability/AuditLogger.h,🟦,72,domain-aware-interface,interface reliée à un adaptateur du moteur métier partagé,319,6fd599cc378e8566bd100515334803560c44b5ddf76e290987d3f2586e3939dd
include/elit21/observability/ConsoleLogSink.h,🟦,72,domain-aware-interface,interface reliée à un adaptateur du moteur métier partagé,325,e81f30d51589bf0672742c761c43edbd97915cf2ea196921b4ea2cf6f379cb62
include/elit21/observability/CrashReporter.h,🟦,72,domain-aware-interface,interface reliée à un adaptateur du moteur métier partagé,323,3764e5442a0421cc8e267514205d56fb9bc01130e5ed0a7534fdd568672e0431
include/elit21/observability/FileLogSink.h,🟦,72,domain-aware-interface,interface reliée à un adaptateur du moteur métier partagé,319,a51a606c63ea209d4c5ad91c67cdcee60d0d62f161394ab8fc789ea0f78d6964
include/elit21/observability/HealthCheck.h,🟦,72,domain-aware-interface,interface reliée à un adaptateur du moteur métier partagé,319,ec4eaf0ff4aec29cc6b1c59617095efc0fe111d721076a6fb7d5a7aef83bed6b
include/elit21/observability/HealthCheckRegistry.h,🟦,72,domain-aware-interface,interface reliée à un adaptateur du moteur métier partagé,335,433d810bd4126d2a0c9acaa3ac05fc0889aa35a47b61d314c24e0784e26a56ae
include/elit21/observability/HealthMonitor.h,🟦,72,domain-aware-interface,interface reliée à un adaptateur du moteur métier partagé,323,183f92983587f922e8915a33880e5ea0e88d2ccb2cf8a6311a21ebede3427ec0
include/elit21/observability/LogEntry.h,🟦,72,domain-aware-interface,interface reliée à un adaptateur du moteur métier partagé,313,ca82be0dc8fbe51ea338c21581e07f4c059ef1b3fc1b342d61f0b65bdc6f25b8
include/elit21/observability/Logger.h,🟦,72,domain-aware-interface,interface reliée à un adaptateur du moteur métier partagé,309,e42f2922f27d8c1e3fe2158cbf1ea1133fa2b53401bbe3026f912cf83c21bda1
include/elit21/observability/LogLevel.h,🟦,72,domain-aware-interface,interface reliée à un adaptateur du moteur métier partagé,313,b4062229f9fe18744f9fe3e5c0638bca6251813c30ab2a8f8fa61e8d1d0bc2bb
include/elit21/observability/LogSink.h,🟦,72,domain-aware-interface,interface reliée à un adaptateur du moteur métier partagé,311,36774e35b22fc9fe334c243bd371f92cb4e44e9ef65a04f222c9894ca086ad6c
include/elit21/observability/Metric.h,🟦,72,domain-aware-interface,interface reliée à un adaptateur du moteur métier partagé,309,b9e8ceb238c1a44afaef322e2745bdaf035d8cb446ae98722e26dbc63418b942
include/elit21/observability/MetricRegistry.h,🟦,72,domain-aware-interface,interface reliée à un adaptateur du moteur métier partagé,325,cf481878c6e8a33feee176d28199001035f66c96e034bf1e1b8a0725eb7f6e8d
include/elit21/observability/PerformanceProfiler.h,🟦,72,domain-aware-interface,interface reliée à un adaptateur du moteur métier partagé,335,30cce08701c6b70c7ca4e9a9688a52f3e9a028387d2f280acb2f721b9c129106
include/elit21/observability/StructuredLogger.h,🟦,72,domain-aware-interface,interface reliée à un adaptateur du moteur métier partagé,329,c3c75c3fd98233f7fee690aceb9c50003391b2575856dce5c0be9f61cdbb478c
include/elit21/observability/TraceContext.h,🟦,72,domain-aware-interface,interface reliée à un adaptateur du moteur métier partagé,321,8161c6df8839b4be2c246902f5817203afa94a5d2c93c7656ac2aa099a9c840c
include/elit21/observability/Tracer.h,🟦,72,domain-aware-interface,interface reliée à un adaptateur du moteur métier partagé,309,83039372a8f3e48638d6490c687ff5c6e45308e132cff4b71f2ebb12835a6153
include/elit21/observability/UptimeMonitor.h,🟦,72,domain-aware-interface,interface reliée à un adaptateur du moteur métier partagé,323,983acc57be97efb07f47c08362b7bff17181bf1aa9087594f6fcb2782e2e3f97
include/elit21/orders/AddressValidationService.h,🟦,72,domain-aware-interface,interface reliée à un adaptateur du moteur métier partagé,331,983f8e8cdedc0782e33262f7df0377da9a88df7f0a28a49e5aceeecf6f8e1dcb
include/elit21/orders/AutomaticOrderProcessor.h,🟦,72,domain-aware-interface,interface reliée à un adaptateur du moteur métier partagé,329,4ac7963fd9afbe811057c6c9ab5c8a1ba55e7565f643ecfb25d487d82a4cea0f
include/elit21/orders/CustomerOrder.h,🟦,72,domain-aware-interface,interface reliée à un adaptateur du moteur métier partagé,309,033ad263e2e9d79f58aa2bcbfa008d9ad64ace88fa7a754e4b7d3c9733894229
include/elit21/orders/CustomerOrderLine.h,🟦,72,domain-aware-interface,interface reliée à un adaptateur du moteur métier partagé,317,9b8bf2cceb67b82fd61f6ed0ca394fd3574444a735c8737b961d769853c5ae0c
include/elit21/orders/FreightSelectionPolicy.h,🟦,72,domain-aware-interface,interface reliée à un adaptateur du moteur métier partagé,327,ea39c99087192cdd4f664bd2280a4c209aa1137619d9e98b8ede7be0c9d09e96
include/elit21/orders/OrderCancellationCoordinator.h,🟦,72,domain-aware-interface,interface reliée à un adaptateur du moteur métier partagé,339,882222a27cf24b2f67b433da7eaa85ccf87feb6b8fb67b61165d2f6409b209f6
include/elit21/orders/OrderCaptureService.h,🟦,72,domain-aware-interface,interface reliée à un adaptateur du moteur métier partagé,321,9a191856b7b6b51b59e89b967ccc8a3b89bdd8f36b131db7d7fec0cbc60a662e
include/elit21/orders/OrderDeduplicationService.h,🟦,72,domain-aware-interface,interface reliée à un adaptateur du moteur métier partagé,333,19fa2b3cab25e70883482f6ba6ea2cad0deedd77cf81f95ea68cdb3f0b29ccf7
include/elit21/orders/OrderExceptionHandler.h,🟦,72,domain-aware-interface,interface reliée à un adaptateur du moteur métier partagé,325,a311fe39ce954b3a71996832fb4fb2b22b573569a276d4f34e17b88bc91c63ad
include/elit21/orders/OrderFraudScreen.h,🟦,72,domain-aware-interface,interface reliée à un adaptateur du moteur métier partagé,315,22a3c7a5f41fb1ef8ed2d6cd36bb9654ce251e2cb82a95a65f62316dfa3e980b
include/elit21/orders/OrderManager.h,✅,90,dedicated-interface,interface reliée à une implémentation C++ dédiée,933,9718ef3ad0cca361f2c8a3c84b323e075e4eaacbb4f30c4ca5d44e0f706ccc80
include/elit21/orders/OrderMappingService.h,🟦,72,domain-aware-interface,interface reliée à un adaptateur du moteur métier partagé,321,77ae713dff006a092c3378483f7476b4b0c4f6e4e272fc0278dd30932a4df96b
include/elit21/orders/OrderNormalizationService.h,🟦,72,domain-aware-interface,interface reliée à un adaptateur du moteur métier partagé,333,1bb7587faf145886fdf4aecb9d4b49e52ab847bbdedf46e82788a279c8b39432
include/elit21/orders/OrderPlacementCoordinator.h,🟦,72,domain-aware-interface,interface reliée à un adaptateur du moteur métier partagé,333,cabbbec0ebb4cd5394c26d6d46c3faa5759e6d183fa770625399fc75489f0a27
include/elit21/orders/OrderPlacementSaga.h,🟦,72,domain-aware-interface,interface reliée à un adaptateur du moteur métier partagé,319,f8f60ab2ee4050f21bf0660ac7866addbb26af5fbfb64c0ae80bb3a060a48a13
include/elit21/orders/OrderReconciliationService.h,🟦,72,domain-aware-interface,interface reliée à un adaptateur du moteur métier partagé,335,f4854bce9555a2aa9d59b0e96892f1832a111ab697a5d99ef6c3187ef5e9bccd
include/elit21/orders/OrderRiskDecision.h,🟦,72,domain-aware-interface,interface reliée à un adaptateur du moteur métier partagé,317,d91f0b0b43b713a160977cb5cd5d07d7c2d76fe86ea222d84dd3cffa9289f7f6
include/elit21/orders/OrderStateMachine.h,🟦,72,domain-aware-interface,interface reliée à un adaptateur du moteur métier partagé,317,c996448d7503e8e10ed4b5898a31cd490a68827cd978072128ad53e8493484e7
include/elit21/orders/OrderValidationService.h,🟦,72,domain-aware-interface,interface reliée à un adaptateur du moteur métier partagé,327,5b6f5c24ee3e1813671c6c7383d0c698e8dfa220331e1feed31072ef0c57b6cf
include/elit21/orders/PartialOrderCoordinator.h,🟦,72,domain-aware-interface,interface reliée à un adaptateur du moteur métier partagé,329,4d9b0cdfbdf379d1659f06410a3afdd7b22e63d13c85352cde02331843c4f088
include/elit21/orders/PaymentAuthorizationGate.h,🟦,72,domain-aware-interface,interface reliée à un adaptateur du moteur métier partagé,331,2208e7b37bdab40fbbfeb0df49f13478f81606ad6197675e11a56ce539e81d24
include/elit21/orders/ShippingAddressSanitizer.h,🟦,72,domain-aware-interface,interface reliée à un adaptateur du moteur métier partagé,331,1ab9e5492e77134e797b2955ced9e020d724621493426f7f904dca36025ba958
include/elit21/orders/SplitOrderPlanner.h,🟦,72,domain-aware-interface,interface reliée à un adaptateur du moteur métier partagé,317,bb9b87a8f81cdf12bbdf63a21794729323472b22a253875613bfc501d87a8550
include/elit21/orders/SupplierOrder.h,🟦,72,domain-aware-interface,interface reliée à un adaptateur du moteur métier partagé,309,9e44ef4708a8b50ccb7b6fc39ea0b9b91fcf1daac70b782b4dcf2ebdaa297590
include/elit21/orders/SupplierOrderLine.h,🟦,72,domain-aware-interface,interface reliée à un adaptateur du moteur métier partagé,317,7128fe0db86b6fd9be451e62d9e737481fdcc7dac60e58ef38d2473e039e82a2
include/elit21/orders/SupplierOrderPaymentCoordinator.h,🟦,72,domain-aware-interface,interface reliée à un adaptateur du moteur métier partagé,345,1a807df0f8eab0e83550536db085f85f9a6f001517ecedb12f2c49c319bafea8
include/elit21/orders/SupplierOrderStatusSynchronizer.h,🟦,72,domain-aware-interface,interface reliée à un adaptateur du moteur métier partagé,345,66616e361157356f4b68d5a7ecb07ada9af49c1631a4d087d45a74bf079c7412
include/elit21/platform/BusinessComponent.h,✅,90,dedicated-interface,interface reliée à une implémentation C++ dédiée,820,3b35c4036961bdfac0d73531c459445f7e4c22087c28c6ec71fdda3bfca910c3
include/elit21/platform/ManagedComponent.h,✅,90,dedicated-interface,interface reliée à une implémentation C++ dédiée,2673,65b4cd46e1ac0edd158719cb57fa3b4318161ca5bb4505f0bd46d6a247d68524
include/elit21/pricing/AliExpressCostCalculator.h,🟦,72,domain-aware-interface,interface reliée à un adaptateur du moteur métier partagé,333,69e16f017430afb30686fb21b0043410660fb71e3f6c09815d9d1a7b25c54cec
include/elit21/pricing/CurrencyConversionService.h,🟦,72,domain-aware-interface,interface reliée à un adaptateur du moteur métier partagé,335,b180b1af1d773575db28f34bed4ac0341ea5d57833151e64b3b3b9f8d0e1f98e
include/elit21/pricing/DutyEstimator.h,🟦,72,domain-aware-interface,interface reliée à un adaptateur du moteur métier partagé,311,0615d62e6b595c2adb1e109fc74a0705a392a2ce1f48ab05f1eece31864068d1
include/elit21/pricing/ExchangeRateCache.h,🟦,72,domain-aware-interface,interface reliée à un adaptateur du moteur métier partagé,319,d545ce57770ae00a4bad8a4dedd8cd73b57da3c99b13f9334c0c4394185476d9
include/elit21/pricing/FeeCalculator.h,🟦,72,domain-aware-interface,interface reliée à un adaptateur du moteur métier partagé,311,a6ea085db3baf4efbbfeb7f63ba7b3e1e965519b03c362b07d364af67fbfc70c
include/elit21/pricing/FreightCostCalculator.h,🟦,72,domain-aware-interface,interface reliée à un adaptateur du moteur métier partagé,327,49deda49ac944ab425565e84c8de93bae850c4bcf684c8a4392f75336f232cfb
include/elit21/pricing/MarginCalculator.h,🟦,72,domain-aware-interface,interface reliée à un adaptateur du moteur métier partagé,317,35ddcfdafd787993138a48e1c90076b7a1d02f928b59d2c3f2019279ba1e6ad5
include/elit21/pricing/MinimumPriceGuard.h,🟦,72,domain-aware-interface,interface reliée à un adaptateur du moteur métier partagé,319,6080243b57653192ec32ea1a9cea89f4512e33359c9952475591a0541646e17c
include/elit21/pricing/PriceAnomalyDetector.h,🟦,72,domain-aware-interface,interface reliée à un adaptateur du moteur métier partagé,325,5145159b95b30da1124fa408756bfc6d5bc1d7565d545a478d0771046924f421
include/elit21/pricing/PriceChangeDecision.h,🟦,72,domain-aware-interface,interface reliée à un adaptateur du moteur métier partagé,323,18040d5d69b48843b33f55ffa3ef114d387d99152ee65e4d28e13375f9275dfd
include/elit21/pricing/PriceHistoryService.h,🟦,72,domain-aware-interface,interface reliée à un adaptateur du moteur métier partagé,323,70f7e05b01d90534fcb4f7ddb5054fb15d80e1283ca07316bc9d57463f22e774
include/elit21/pricing/PricePolicy.h,🟦,72,domain-aware-interface,interface reliée à un adaptateur du moteur métier partagé,307,2594da32ef50a700ded1568112f3aa05abbfa388a8f5e0a1d184a74d7ae63f87
include/elit21/pricing/PriceReconciliationService.h,🟦,72,domain-aware-interface,interface reliée à un adaptateur du moteur métier partagé,337,0d789b4bb4d771e8500b15f21ca1065772bc134b2dd3de8cc1f3a1ffb84b2817
include/elit21/pricing/PriceRoundingPolicy.h,🟦,72,domain-aware-interface,interface reliée à un adaptateur du moteur métier partagé,323,47a69797059eef19e7123f8c638d587391fb05ca47771737670d8d699030f167
include/elit21/pricing/PriceSynchronizationService.h,🟦,72,domain-aware-interface,interface reliée à un adaptateur du moteur métier partagé,339,0eac551776a97ef4a16c60abab9466975f0e5254a6d0bd003b053aa66ae98e95
include/elit21/pricing/PricingEngine.h,✅,90,dedicated-interface,interface reliée à une implémentation C++ dédiée,485,a9e86b6b47854e06594576c4ccd56e451de88b4a1188eecdbfa449e88b8cf379
include/elit21/pricing/PromotionalPricePlanner.h,🟦,72,domain-aware-interface,interface reliée à un adaptateur du moteur métier partagé,331,e1e69f6c045179b06766a6a555d8e977fac3377eba4fa55304321a3219903378
include/elit21/pricing/PsychologicalPricingPolicy.h,🟦,72,domain-aware-interface,interface reliée à un adaptateur du moteur métier partagé,337,f5166feb78b93ab0a0400df32557efcc04b5f08b5acdbe0d51401a7b4a924664
include/elit21/pricing/RepricingCoordinator.h,🟦,72,domain-aware-interface,interface reliée à un adaptateur du moteur métier partagé,325,075af2c42d05ebd60c91fa205cb28bb73824c26bb635cab4283bb139bd64cf96
include/elit21/pricing/ShopifyFeeEstimator.h,🟦,72,domain-aware-interface,interface reliée à un adaptateur du moteur métier partagé,323,f7a4afae069a6bd645b421a785d1a7ea71c59d555231573af2b1f079abb5313d
include/elit21/pricing/TargetMarginPolicy.h,🟦,72,domain-aware-interface,interface reliée à un adaptateur du moteur métier partagé,321,deb08a5670340b54bb01a6d1f19777390a198c92d4539f37e6087cfad58f0dc3
include/elit21/pricing/TaxEstimator.h,🟦,72,domain-aware-interface,interface reliée à un adaptateur du moteur métier partagé,309,124f3234c0d0f03232e8c6bb3661292e83bddf70ad0dd1458cf9af6f9a7d7723
include/elit21/reports/DailyReportGenerator.h,🟦,72,domain-aware-interface,interface reliée à un adaptateur du moteur métier partagé,325,2366be0afd26dfd10cd5ba3e364b035312887792536ca5be2234dc60bab8c2a9
include/elit21/reports/FinancialReportGenerator.h,🟦,72,domain-aware-interface,interface reliée à un adaptateur du moteur métier partagé,333,03d1113fba4695828d56faf93368b9642ae027c6a1b8936ff9140b7bfb42ca26
include/elit21/reports/InventoryReportGenerator.h,🟦,72,domain-aware-interface,interface reliée à un adaptateur du moteur métier partagé,333,2bc36a637b9217e622495ed32298408c96c4182371f9e27b6d0e7619a5577ec5
include/elit21/reports/MonthlyReportGenerator.h,🟦,72,domain-aware-interface,interface reliée à un adaptateur du moteur métier partagé,329,c07fb79b4bb3e53b50cf50e0bc80409d67913e3a9f99d2318f9b2233074b8f3f
include/elit21/reports/OrderReportGenerator.h,🟦,72,domain-aware-interface,interface reliée à un adaptateur du moteur métier partagé,325,2b4542dfa4e78fe2ad22c12f239722122989ddf505881ffbb0b10a64262f3e7a
include/elit21/reports/ProductReportGenerator.h,🟦,72,domain-aware-interface,interface reliée à un adaptateur du moteur métier partagé,329,a369bd4705441c001d669ccef0b3c800342202ae157026c4d04510007444c36b
include/elit21/reports/Report.h,🟦,72,domain-aware-interface,interface reliée à un adaptateur du moteur métier partagé,297,21be95fc42cfdc88ded5f2b01328c0e25f7386c67955872728a91b8baa8b500c
include/elit21/reports/ReportExporter.h,🟦,72,domain-aware-interface,interface reliée à un adaptateur du moteur métier partagé,313,82a0274626336b309a2057ed87e2a1b33d3095b7d678bae88c63dda7d6901cc1
include/elit21/reports/ReportGenerator.h,✅,90,dedicated-interface,interface reliée à une implémentation C++ dédiée,262,badbc2053d9f11b44aa97aecdf59533b2b086988d2553915ad3676eb67bb7bcd
include/elit21/reports/ReportScheduler.h,🟦,72,domain-aware-interface,interface reliée à un adaptateur du moteur métier partagé,315,67ab458ce85b932ed1edbb1e257ea59c9ae43dec073b8297d806ec7b3f144df4
include/elit21/reports/SupplierReportGenerator.h,🟦,72,domain-aware-interface,interface reliée à un adaptateur du moteur métier partagé,331,faa497be848923480eb87ebeffc4e118aae09a2fb64d57fbd9a598d2a146ff14
include/elit21/reports/WeeklyReportGenerator.h,🟦,72,domain-aware-interface,interface reliée à un adaptateur du moteur métier partagé,327,31543513825fe5a624878498c7b29b6b0e411efa98584f4ba52e10f95ec9b9c1
include/elit21/repositories/AuditRepository.h,🟦,72,domain-aware-interface,interface reliée à un adaptateur du moteur métier partagé,325,a15317b6d1503020357021022fcd8433c4936d8c7bb28b688e876ccf6aa345c8
include/elit21/repositories/ConfigurationRepository.h,🟦,72,domain-aware-interface,interface reliée à un adaptateur du moteur métier partagé,341,cca8256f231d9e259ad6406f52d0dcff8b4582f2a0a889ca37afa1b9908e104a
include/elit21/repositories/CustomerMessageRepository.h,🟦,72,domain-aware-interface,interface reliée à un adaptateur du moteur métier partagé,345,c7860ddbb3b4a18c94ced0be8284d5cd923387a62ae5e1d529d71a0acdb2b86b
include/elit21/repositories/CustomerRepository.h,🟦,72,domain-aware-interface,interface reliée à un adaptateur du moteur métier partagé,331,d1db900a7c97cde0d9788b937fcc807b6fdc23b0cf24a54c0446e4d54a941fec
include/elit21/repositories/DeadLetterRepository.h,🟦,72,domain-aware-interface,interface reliée à un adaptateur du moteur métier partagé,335,3be44b71fa2a6164ea6c8a23e845930c979e3427d7bdbe7bb91760b9e299bd66
include/elit21/repositories/FinancialLedgerRepository.h,🟦,72,domain-aware-interface,interface reliée à un adaptateur du moteur métier partagé,345,d6b8fa812ebaf810675d12f2c4ecd3f6683e1ba4b939e8d94a20ece6243e2862
include/elit21/repositories/IncidentRepository.h,🟦,72,domain-aware-interface,interface reliée à un adaptateur du moteur métier partagé,331,3ab7e0769faded08d3eb00afb8a69f13aea8b766e59514b91dd3962422bc9abd
include/elit21/repositories/InventoryRepository.h,🟦,72,domain-aware-interface,interface reliée à un adaptateur du moteur métier partagé,333,d82f59f7f0d9d5fdec155594999e69e43f0d69335041a5563c94cbc3e601282e
include/elit21/repositories/MetricRepository.h,🟦,72,domain-aware-interface,interface reliée à un adaptateur du moteur métier partagé,327,fd4bfd5841e6e7fd30d9f2e58459fbcb7bb3287e5cb382820f5ba3e6f9857880
include/elit21/repositories/OrderRepository.h,🟦,72,domain-aware-interface,interface reliée à un adaptateur du moteur métier partagé,325,bc9834e7defd3c291e32cf273b9a71f486490ab5aa643114afcb3a9136c82816
include/elit21/repositories/OutboxRepository.h,🟦,72,domain-aware-interface,interface reliée à un adaptateur du moteur métier partagé,327,7cddb0e4c6a8cda096f9560d07c9f41f1d0f781d5c2f661a57ce11a2ee64322a
include/elit21/repositories/PriceHistoryRepository.h,🟦,72,domain-aware-interface,interface reliée à un adaptateur du moteur métier partagé,339,00f7d467bf7b1ded035cac0baffc458e3c29aab47a75d7296e90ce3a735f349c
include/elit21/repositories/ProductMappingRepository.h,🟦,72,domain-aware-interface,interface reliée à un adaptateur du moteur métier partagé,343,a5b88272db594368b08fa179d8aadc64a038a551408d1582b5438e2ca20feae4
include/elit21/repositories/ProductRepository.h,🟦,72,domain-aware-interface,interface reliée à un adaptateur du moteur métier partagé,329,aa939c3623f84677730949788f927b7321540f37fe318bfba109960896cdc276
include/elit21/repositories/RefundRepository.h,🟦,72,domain-aware-interface,interface reliée à un adaptateur du moteur métier partagé,327,39f183f87b93d2dcdbe80ce3d1d11c57a8728eb627b2dc258280ed5dffdb49b5
include/elit21/repositories/ReturnRepository.h,🟦,72,domain-aware-interface,interface reliée à un adaptateur du moteur métier partagé,327,25d5bb95b29222b9d37191b82e678aac5ccaba3b6c1ab00d64354bd4a2b7773f
include/elit21/repositories/ShipmentRepository.h,🟦,72,domain-aware-interface,interface reliée à un adaptateur du moteur métier partagé,331,6249cf97688a341bef7047245eb355c983926bdea1a3cefb3233c957abc42d10
include/elit21/repositories/SupplierOrderRepository.h,🟦,72,domain-aware-interface,interface reliée à un adaptateur du moteur métier partagé,341,8054c4a64181ebb60e99554b5705508dca0b8bd6c6b3f95aae79b7e73c018175
include/elit21/repositories/SupplierRepository.h,🟦,72,domain-aware-interface,interface reliée à un adaptateur du moteur métier partagé,331,1cc946572af49cefd4c0b9579c1e16b86c13fa2d948cf4ec81f4b7826201d0b8
include/elit21/repositories/TaskRepository.h,🟦,72,domain-aware-interface,interface reliée à un adaptateur du moteur métier partagé,323,0ed0ff4dce3003d3f7c5ab4bcf022ac9754c9a38fdfc1933338666b4658ce324
include/elit21/repositories/TokenRepository.h,🟦,72,domain-aware-interface,interface reliée à un adaptateur du moteur métier partagé,325,9768a45c8390fcec33613e747f73ce8efa97fd9d6cccee660db166ba07e5afef
include/elit21/repositories/TrackingRepository.h,🟦,72,domain-aware-interface,interface reliée à un adaptateur du moteur métier partagé,331,ef51aa42500f7791bb7479725e884d711aa719b9d78b51e3689718967d86af4b
include/elit21/repositories/WebhookRepository.h,🟦,72,domain-aware-interface,interface reliée à un adaptateur du moteur métier partagé,329,5caed9522c29343a14946674faba1665a2fed51024779d9f2bc69601c9b31441
include/elit21/repositories/WorkflowInstanceRepository.h,🟦,72,domain-aware-interface,interface reliée à un adaptateur du moteur métier partagé,347,ee0acd5aa3cde705cdecbbc009e1be909dd69dd5c7c4c825d21291526a9c1863
include/elit21/resilience/BackoffPolicy.h,🟦,72,domain-aware-interface,interface reliée à un adaptateur du moteur métier partagé,317,34b6aedbd8ded03d479ae66cdeafd38d60088c0081e654953e3047afc9afcad6
include/elit21/resilience/Bulkhead.h,🟦,72,domain-aware-interface,interface reliée à un adaptateur du moteur métier partagé,307,51044807c34c00eedebde755b3e0a81bab3c8e85a1325a56530c108d87387107
include/elit21/resilience/CircuitBreaker.h,🟦,72,domain-aware-interface,interface reliée à un adaptateur du moteur métier partagé,319,8cdfba8edc26d7cb9ac9ca37cc0991170aa367169776a995176e805fbd8459f8
include/elit21/resilience/DeadLetterQueue.h,🟦,72,domain-aware-interface,interface reliée à un adaptateur du moteur métier partagé,321,eebb4082ab2e0c94e72d6c897eae8df722c2e6d1d0badeeaf792caeeab38d4a5
include/elit21/resilience/FailureClassifier.h,🟦,72,domain-aware-interface,interface reliée à un adaptateur du moteur métier partagé,325,6409f6c5a4f628613387bfdb1293cdcdb6b0373edf20388551794a5cd97c0149
include/elit21/resilience/FallbackPolicy.h,🟦,72,domain-aware-interface,interface reliée à un adaptateur du moteur métier partagé,319,a763b7a860e4a01b71a756ad6c838bb4495b6f757370fac2d21e4523d2037173
include/elit21/resilience/IdempotencyGuard.h,🟦,72,domain-aware-interface,interface reliée à un adaptateur du moteur métier partagé,323,052fdb991b618e8171e0e278adbee6f9dafb30b8bfd68151fe0003b9a812f51b
include/elit21/resilience/IdempotencyKey.h,🟦,72,domain-aware-interface,interface reliée à un adaptateur du moteur métier partagé,319,7f5f4e5b0b7f082ffcfd2de986d46cd05fa0839588aaa495549f76f6aaa5ff2f
include/elit21/resilience/RateLimiter.h,🟦,72,domain-aware-interface,interface reliée à un adaptateur du moteur métier partagé,313,3b6acca02d40c1cb992a976e10e6725035d3dcf59d9aec31ceed6b974156dc7d
include/elit21/resilience/RecoveryManager.h,🟦,72,domain-aware-interface,interface reliée à un adaptateur du moteur métier partagé,321,1c736c4006bfaabe43a500db7dbc3c007aa9ae798a385368f5ef18c849c185e5
include/elit21/resilience/RetryExecutor.h,🟦,72,domain-aware-interface,interface reliée à un adaptateur du moteur métier partagé,317,c7597f9c1b386f49f8339bc5f93550b0b89a205b2c1973cf0491590576230580
include/elit21/resilience/RetryPolicy.h,🟦,72,domain-aware-interface,interface reliée à un adaptateur du moteur métier partagé,313,036c56ae5da89ca85b5e5e82f7b539eda179e15023f0df6fab5dcf7f30681a68
include/elit21/resilience/TimeoutPolicy.h,🟦,72,domain-aware-interface,interface reliée à un adaptateur du moteur métier partagé,317,712c01721c74ba82f831574dd9b20a3ff1640d56e65c38da42d8b39ab681d36e
include/elit21/resilience/Watchdog.h,🟦,72,domain-aware-interface,interface reliée à un adaptateur du moteur métier partagé,307,608b67a325f3399a05653700194b319e189f844edae1040871ed99b5fe3bdc01
include/elit21/returns/AliExpressDisputeAdapter.h,🟦,72,domain-aware-interface,interface reliée à un adaptateur du moteur métier partagé,333,efbfab5f9209edde6c424cb21a5d17e36a4aad7387260636c91f9bdc28a0e0d3
include/elit21/returns/DisputeEvidenceBuilder.h,🟦,72,domain-aware-interface,interface reliée à un adaptateur du moteur métier partagé,329,1a83c54948ac2cbef84aca3b4ccdf2dfbe1ba5995e3db50e783196e471d0c394
include/elit21/returns/DisputeExceptionQueue.h,🟦,72,domain-aware-interface,interface reliée à un adaptateur du moteur métier partagé,327,3dc1e52e00c8cf6eccf5fcf8755da22f81960207fe6a37dc5c2ecd5e693ce0dd
include/elit21/returns/RefundCalculator.h,🟦,72,domain-aware-interface,interface reliée à un adaptateur du moteur métier partagé,317,4992a3915529bb94b8ee230499852aa7ee44009879f53c643c2428cdb4b5ced4
include/elit21/returns/RefundCoordinator.h,🟦,72,domain-aware-interface,interface reliée à un adaptateur du moteur métier partagé,319,d1ece91520b55dd3278420400b2a38fc023bc3faae3a364fd16f1890c97c8c32
include/elit21/returns/RefundDecision.h,🟦,72,domain-aware-interface,interface reliée à un adaptateur du moteur métier partagé,313,8ef2f34f05c132498fe21101793cedee4bfea3b7987bd182b19ff14fe19bcc69
include/elit21/returns/RefundPolicy.h,🟦,72,domain-aware-interface,interface reliée à un adaptateur du moteur métier partagé,309,0f68ad215e62497d6cb3578253940a544c221089dc74b6464563c3cd248db374
include/elit21/returns/ReturnEligibilityChecker.h,🟦,72,domain-aware-interface,interface reliée à un adaptateur du moteur métier partagé,333,78a799ecb56a99cc3251339082c324c2c2a9de48035a7e81dc9737c16c3935e5
include/elit21/returns/ReturnRequest.h,🟦,72,domain-aware-interface,interface reliée à un adaptateur du moteur métier partagé,311,ef76fc62dc501d25a51681b5fdef1daf4e833f999ff1a0f514497bc21dc76184
include/elit21/returns/ReturnRequestProcessor.h,🟦,72,domain-aware-interface,interface reliée à un adaptateur du moteur métier partagé,329,cd9787f045175902962a1353d0ffa95896ac1e5c4779cb9b9c0eb0e154e23cff
include/elit21/returns/ReturnStateMachine.h,🟦,72,domain-aware-interface,interface reliée à un adaptateur du moteur métier partagé,321,49d8ab0253be35631eb007082f3ba5144fe429ed3e29bdea46dc4e234cc7b0e4
include/elit21/returns/ShopifyRefundExecutor.h,🟦,72,domain-aware-interface,interface reliée à un adaptateur du moteur métier partagé,327,45470656ba4069a3c52ffbaa1f321b9d13629af9213d48930350331740b23c50
include/elit21/risk/AnomalyDetector.h,🟦,72,domain-aware-interface,interface reliée à un adaptateur du moteur métier partagé,309,1b5befb28c039f2947242fcb9a3ab972911ee50130de14318dd3df59f56e709a
include/elit21/risk/FraudIndicator.h,🟦,72,domain-aware-interface,interface reliée à un adaptateur du moteur métier partagé,307,89be91d25ebbe654a0720c6194382fb27c21eb63acbc5b5e07cef60eda0ab88c
include/elit21/risk/FraudRiskEngine.h,🟦,72,domain-aware-interface,interface reliée à un adaptateur du moteur métier partagé,309,1e2b34bec1fa676b436fca65250912c31ffbbf60b3290f8229314195ecc35428
include/elit21/risk/HighRiskOrderGuard.h,🟦,72,domain-aware-interface,interface reliée à un adaptateur du moteur métier partagé,315,1e88d1dbe18996a58c39158ff70f8bb635c66666c31613c9f5fc49b5bf588837
include/elit21/risk/LossPreventionPolicy.h,🟦,72,domain-aware-interface,interface reliée à un adaptateur du moteur métier partagé,319,d72967e820081e6aad9aacbac13ba7cd1eaa52ac1295c70ccfe14059be9d483e
include/elit21/risk/RiskDecision.h,🟦,72,domain-aware-interface,interface reliée à un adaptateur du moteur métier partagé,303,b171898d6a44f1318c0b30a9299ad39dda4f07a21c5516851dbe3f8a56791d94
include/elit21/risk/RiskEngine.h,✅,90,dedicated-interface,interface reliée à une implémentation C++ dédiée,404,35e71e6688f854b7db376a66cc5a1deb5c8eb0dc68efea133473d4f694a640b3
include/elit21/risk/RiskRule.h,🟦,72,domain-aware-interface,interface reliée à un adaptateur du moteur métier partagé,295,31929e694759f0cb497211e6da8ee285d54193c86ebfd2fdaac311bfcd793812
include/elit21/risk/RiskRuleEngine.h,🟦,72,domain-aware-interface,interface reliée à un adaptateur du moteur métier partagé,307,d3d12254dbbb9815f27e13ca066d82583b3ae8c604434b5afd73e7a50a3751a9
include/elit21/risk/SupplierRiskMonitor.h,🟦,72,domain-aware-interface,interface reliée à un adaptateur du moteur métier partagé,317,c739b6818dcac82ee0c4f6cc0307dd41345a9a185920560ec65e925c76bcc6cc
include/elit21/risk/TransactionRiskAnalyzer.h,🟦,72,domain-aware-interface,interface reliée à un adaptateur du moteur métier partagé,325,5ac13a1f829a2ec19d9071ecbb7d1c33ab7fd84e7f71e20412cfba6d3fdc5604
include/elit21/scheduler/CronExpression.h,🟦,72,domain-aware-interface,interface reliée à un adaptateur du moteur métier partagé,317,833e64c67d306aeffd55f7736ca485d1dc5c19dd03253fe4727d41e273a4d6c0
include/elit21/scheduler/Job.h,🟦,72,domain-aware-interface,interface reliée à un adaptateur du moteur métier partagé,295,66ec5be15d6f6ab010b97468539e06de4b695357812cb7fa9c0ba8d6b68b1503
include/elit21/scheduler/JobContext.h,🟦,72,domain-aware-interface,interface reliée à un adaptateur du moteur métier partagé,309,d40a4f084d12a2027baf05a30d60c131675669626e8d3515feae16a4512cefb2
include/elit21/scheduler/JobDefinition.h,🟦,72,domain-aware-interface,interface reliée à un adaptateur du moteur métier partagé,315,f9879ad9cabfaa1bdf0bd6995aecefee32d93760b272382cee4053f56d7fc0a0
include/elit21/scheduler/JobRegistry.h,🟦,72,domain-aware-interface,interface reliée à un adaptateur du moteur métier partagé,311,cd8f441b63bb5f05056ac3ee909412c20f5da34e75110674f18c6ab86a9a30e2
include/elit21/scheduler/JobRepository.h,🟦,72,domain-aware-interface,interface reliée à un adaptateur du moteur métier partagé,315,c68e4c88f27aa121052cc24bbf4a7f5f26c2e66fb7849432bb2d3cf7c8d5bb4b
include/elit21/scheduler/JobScheduler.h,🟦,72,domain-aware-interface,interface reliée à un adaptateur du moteur métier partagé,313,8064f50b9e399200c13c25bf39d6b4715ea4bef98dd6ce046e870da3e6e2da6f
include/elit21/scheduler/JobStatus.h,🟦,72,domain-aware-interface,interface reliée à un adaptateur du moteur métier partagé,307,6cbd1f8106c1b1db6c76919e7a67f20eb8656a72be8959ecdf22989c1832f6dc
include/elit21/scheduler/RecurringJob.h,🟦,72,domain-aware-interface,interface reliée à un adaptateur du moteur métier partagé,313,f1b45e437c32a151d90b4d1e104ace2640d9cd67f117509beb8180c5bcf652cd
include/elit21/scheduler/ScheduledJob.h,🟦,72,domain-aware-interface,interface reliée à un adaptateur du moteur métier partagé,313,fce9638fa316dcfba5e81b81364d3a1e35b2152b35ab0aca2c772771286a4923
include/elit21/scheduler/SchedulerClock.h,🟦,72,domain-aware-interface,interface reliée à un adaptateur du moteur métier partagé,317,33f33827ee23bc6d7acca94b35a2c77df53a63141f34c64b33d95db1e58a739e
include/elit21/security/AccessToken.h,🟦,72,domain-aware-interface,interface reliée à un adaptateur du moteur métier partagé,309,74d0f4ae908f6a1b488ad860ed06bfd37719e542ec945c94f8da71528c554171
include/elit21/security/ApiCredential.h,🟦,72,domain-aware-interface,interface reliée à un adaptateur du moteur métier partagé,313,324c59e35104414c8ac29a433c0dbe2ee525025ab37c82c5eeacfcd7183d2bc2
include/elit21/security/AuditChain.h,🟦,72,domain-aware-interface,interface reliée à un adaptateur du moteur métier partagé,307,f9d9584781f3c6ae07393d1e35e2fedad2bf112f9f564270205422f0c5681ae7
include/elit21/security/Base64.h,🟦,72,domain-aware-interface,interface reliée à un adaptateur du moteur métier partagé,299,f4369cab5e91a4b5afb4d15c6787f47efc427beae71acb3cd0305b1b7b85da17
include/elit21/security/CertificateStore.h,🟦,72,domain-aware-interface,interface reliée à un adaptateur du moteur métier partagé,319,0730d4ad3d1a857a0adb5020f28d3b1fdb1dff8ff7e2daceefe7bd2c04ed1194
include/elit21/security/ConstantTimeCompare.h,🟦,72,domain-aware-interface,interface reliée à un adaptateur du moteur métier partagé,325,f5a1af3528dfec0e86dd1d637e70a672033a2e6f0d3c4fbeca3f66ba0eebc920
include/elit21/security/CredentialManager.h,🟦,72,domain-aware-interface,interface reliée à un adaptateur du moteur métier partagé,321,2c149404ec4c5ded2893976bb314de0067bf71ee2c45335803cbfb35406418d3
include/elit21/security/Crypto.h,✅,90,dedicated-interface,interface reliée à une implémentation C++ dédiée,557,279815ef9665a4f26f8dc8c04b76b205f38ab2e5ef5b2dba595483fc9b512767
include/elit21/security/DataEncryptor.h,✅,90,dedicated-interface,interface reliée à une implémentation C++ dédiée,822,1bf842c57003a7d48db055f695c4d67d9e6adb7505978228ca449c248f4f1295
include/elit21/security/DataRedactor.h,✅,90,dedicated-interface,interface reliée à une implémentation C++ dédiée,353,2e835ec676705d8eda0cdddd998ddba42ccd7ad5983cb653e6cc2ca84fd9c1c1
include/elit21/security/HmacSigner.h,🟦,72,domain-aware-interface,interface reliée à un adaptateur du moteur métier partagé,307,f95e70e9b88777542ac9a0d0d5bc558da9c07ec0d5977d679312cd38b6f19ceb
include/elit21/security/KeyDerivation.h,🟦,72,domain-aware-interface,interface reliée à un adaptateur du moteur métier partagé,313,0170bc6cff75747c8710fdd1caa71fa1380eee5d89bfa2c630f553fe32266b68
include/elit21/security/KeyRotationManager.h,🟦,72,domain-aware-interface,interface reliée à un adaptateur du moteur métier partagé,323,f8db1d88e684d69cdfa2dda71e8f177b4bc417d5ebb1c3000c4e418c20d815ea
include/elit21/security/Md5Digest.h,🟦,72,domain-aware-interface,interface reliée à un adaptateur du moteur métier partagé,305,c44ba14e97590ec97e01367c024446f724a0945d6bd098545b9f0c9faf9657ea
include/elit21/security/RandomGenerator.h,🟦,72,domain-aware-interface,interface reliée à un adaptateur du moteur métier partagé,317,489b0924666bd695b844451d8e7206ddd777e0255f2c216334dbc42906152977
include/elit21/security/Secret.h,🟦,72,domain-aware-interface,interface reliée à un adaptateur du moteur métier partagé,299,ec5ccef70dfa4ea02be68e2c56642f9870557d4adadc3de2d4fe15b57530e945
include/elit21/security/SecretStore.h,🟦,72,domain-aware-interface,interface reliée à un adaptateur du moteur métier partagé,309,2ca8e7363e77f2b07c32260e74cf168e81feef582c84e17649b398c33a9c924d
include/elit21/security/SecureBuffer.h,🟦,72,domain-aware-interface,interface reliée à un adaptateur du moteur métier partagé,311,af916af6235b1622d8551377180c736c66071aa006f763f336f98b67fd1861f7
include/elit21/security/Sha256Digest.h,🟦,72,domain-aware-interface,interface reliée à un adaptateur du moteur métier partagé,311,1af974d00978a87dc5cb0bcca06e3a5e64a31643b065e5bb4139605f47d00fc5
include/elit21/security/SignatureVerifier.h,🟦,72,domain-aware-interface,interface reliée à un adaptateur du moteur métier partagé,321,6da42abafd6eca059ce6b31635605c25461b15e0ef7ede977f1f23416ff5ef2f
include/elit21/security/TokenVault.h,🟦,72,domain-aware-interface,interface reliée à un adaptateur du moteur métier partagé,307,589d4e94a65d57a7f4e6652e3ac451899ac33e14a4efa958a0c6758196804789
include/elit21/security/WebhookReplayGuard.h,🟦,72,domain-aware-interface,interface reliée à un adaptateur du moteur métier partagé,323,b36099b26e6f86b5a01963441dcabbf3844c0c4f2ebecdbfabd740a19b07cad8
include/elit21/serialization/CsvReader.h,🟦,72,domain-aware-interface,interface reliée à un adaptateur du moteur métier partagé,315,e3fa2fb9d462da0d3a90a6c598cd4b0015602399b7e26e9b26e1d862422dc806
include/elit21/serialization/CsvWriter.h,🟦,72,domain-aware-interface,interface reliée à un adaptateur du moteur métier partagé,315,d1dfead8c3185ae76b4df19d55b367a3d0af2b798bd75459ccd9d8350aa6be61
include/elit21/serialization/JsonDeserializer.h,🟦,72,domain-aware-interface,interface reliée à un adaptateur du moteur métier partagé,329,78146a4c68d878ec3fcb38e121b4097bbbb150031cd523db460bcca04b93a59e
include/elit21/serialization/JsonDocument.h,🟦,72,domain-aware-interface,interface reliée à un adaptateur du moteur métier partagé,321,3f10c8353da0eb73b74e904f9c1331cf73326066cdfb903729d09a66553b145e
include/elit21/serialization/JsonSerializer.h,🟦,72,domain-aware-interface,interface reliée à un adaptateur du moteur métier partagé,325,4fca58fbe846022daa9dfdbb4e7f8c7141f17ff56401d8413bfe635f87e740b6
include/elit21/serialization/JsonValue.h,🟦,72,domain-aware-interface,interface reliée à un adaptateur du moteur métier partagé,315,20a43260bdc0e0c49a10e1b9f5819dedff3e6c2e476bcf9936b3ac79888abd9c
include/elit21/serialization/ModelSerializer.h,🟦,72,domain-aware-interface,interface reliée à un adaptateur du moteur métier partagé,327,d9e83a3f6f4be0bb4f74e63b30cda19d9c7832e85a1431abdbce0d51ec4f2022
include/elit21/serialization/QueryStringSerializer.h,🟦,72,domain-aware-interface,interface reliée à un adaptateur du moteur métier partagé,339,c42df1d075ba51cb509a94e7e599016d33d5ef4b88edc75872fe039f9c576be4
include/elit21/shopify/auth/ShopifyAuthorizationUrlBuilder.h,✅,90,dedicated-interface,interface reliée à une implémentation C++ dédiée,313,3523cd7f4c801a47fd34366a5c9dc21a357f30dbeb1954c074c0f16aac4c6426
include/elit21/shopify/auth/ShopifyOAuthClient.h,✅,90,dedicated-interface,interface reliée à une implémentation C++ dédiée,528,4e36803ce4535d5e094a7616f916724d1ce03f0cf71ad6e18253ead9f69bbfb1
include/elit21/shopify/auth/ShopifyOAuthStateStore.h,✅,90,dedicated-interface,interface reliée à une implémentation C++ dédiée,394,8287fbfacd988379e67b9e861069d6606ebe20fed7296146ff2027b3ab152fcc
include/elit21/shopify/auth/ShopifyTokenManager.h,✅,90,dedicated-interface,interface reliée à une implémentation C++ dédiée,384,b570a4539a753404c5a0ee193282aa65f33bcea7cceca1d3ec88ae988608311b
include/elit21/shopify/auth/ShopifyTokenRefreshPolicy.h,✅,90,dedicated-interface,interface reliée à une implémentation C++ dédiée,212,3226f32e3ff6b44ef2571510a78c749ef4292149b0b2f5fe109a18c138887916
include/elit21/shopify/bulk/BulkDownloadManager.h,🟦,72,domain-aware-interface,interface reliée à un adaptateur du moteur métier partagé,335,f312968865e842d5c20f197c65e3f8d37bcd2f5e606dfeb4ad53d8450b6f861e
include/elit21/shopify/bulk/BulkInventorySynchronizer.h,🟦,72,domain-aware-interface,interface reliée à un adaptateur du moteur métier partagé,347,6f350fe19f39003949735f721ba209c5399cbdbfdc35396ed94c766d9e1dcfa1
include/elit21/shopify/bulk/BulkJsonlParser.h,🟦,72,domain-aware-interface,interface reliée à un adaptateur du moteur métier partagé,327,685089c091f4e2d30bbebc7a7fd3144f9c13381483731947c3da228d5e555052
include/elit21/shopify/bulk/BulkOperationMonitor.h,🟦,72,domain-aware-interface,interface reliée à un adaptateur du moteur métier partagé,337,b105dc1006955c9e352c34ee1b098fbc40563a176e4c2a8f0227bbec4dd522ce
include/elit21/shopify/bulk/BulkOrderExporter.h,🟦,72,domain-aware-interface,interface reliée à un adaptateur du moteur métier partagé,331,50ed65501d5f62054661b7abf11b60a9854136d19ba3936dbc339d5e977a8b5b
include/elit21/shopify/bulk/BulkProductExporter.h,🟦,72,domain-aware-interface,interface reliée à un adaptateur du moteur métier partagé,335,91becfadf0fe43b7074925b8dc62780f96acc3a025215bf1e174254456816e87
include/elit21/shopify/bulk/BulkProductImporter.h,🟦,72,domain-aware-interface,interface reliée à un adaptateur du moteur métier partagé,335,16f6cc683cc1af9e3eae002531a907292ee46fc55a94fde33912cbc8433da81b
include/elit21/shopify/bulk/BulkUploadManager.h,🟦,72,domain-aware-interface,interface reliée à un adaptateur du moteur métier partagé,331,590616e636d3112702e173d1d213fe6dc0261d60caf6fdc2dd9acfb75b95b862
include/elit21/shopify/bulk/StagedUploadManager.h,🟦,72,domain-aware-interface,interface reliée à un adaptateur du moteur métier partagé,335,71376ae618a447162571bfff30231414ac89daa18b96f8a5137ba207855111e7
include/elit21/shopify/graphql/GraphqlDocument.h,✅,90,dedicated-interface,interface reliée à une implémentation C++ dédiée,509,75916d3fde3d794a07223db89bdcda3e54ec3672f29cff6cf026a16c3a3c9a76
include/elit21/shopify/graphql/GraphqlError.h,✅,90,dedicated-interface,interface reliée à une implémentation C++ dédiée,176,6ada9e49ec9d3692a16de319f93ac67c29dc9b4c04d29bd1e6efc4b6a676a51a
include/elit21/shopify/graphql/GraphqlOperation.h,🟦,72,domain-aware-interface,interface reliée à un adaptateur du moteur métier partagé,335,c33558cec4bbf7093b13d07fa610db9764f6d241362b6f3e443d8e662b61d377
include/elit21/shopify/graphql/GraphqlRequest.h,✅,90,dedicated-interface,interface reliée à une implémentation C++ dédiée,418,3beb818218bb7aad319a25320aa41b203b67d92d78e04f64a031fde6566e77ef
include/elit21/shopify/graphql/GraphqlResponse.h,✅,90,dedicated-interface,interface reliée à une implémentation C++ dédiée,741,eaff0900ee74dae2310865330b6f7b2348f6f961816b9b1086d31384314cc1c5
include/elit21/shopify/graphql/GraphqlTransport.h,✅,90,dedicated-interface,interface reliée à une implémentation C++ dédiée,614,4556abddaae9b003344b904dbabfaa475da46e7d5dd674d24052c3b03ca62047
include/elit21/shopify/graphql/ShopifyCostThrottler.h,✅,90,dedicated-interface,interface reliée à une implémentation C++ dédiée,406,383f42ca05ff9e0e23e298c33bc9b1f0d578bba80049b13f0351164d93adeac2
include/elit21/shopify/graphql/ShopifyGraphqlClient.h,✅,90,dedicated-interface,interface reliée à une implémentation C++ dédiée,345,4def3ae5d6c6f0bd250209125067e60bc3916d0b2c131bd0a9213503644ba7e2
include/elit21/shopify/graphql/ShopifyGraphqlPaginator.h,✅,90,dedicated-interface,interface reliée à une implémentation C++ dédiée,382,235b0fce3d4a756cf5a6d1c27752dc51ab83a2c0c3deebb7b204c93214252483
include/elit21/shopify/graphql/ShopifyQueryBuilder.h,✅,90,dedicated-interface,interface reliée à une implémentation C++ dédiée,329,56c70b400b2dac3826f559f6f7f4eb9cd9c642bf3c8b91be1e008711ec419db3
include/elit21/shopify/graphql/ShopifyUserErrorParser.h,✅,90,dedicated-interface,interface reliée à une implémentation C++ dédiée,368,9eb4dcd778669c27797502797297415643328a6b7d9333e864e202e97b6354ee
include/elit21/shopify/models/ShopifyBulkOperation.h,🟦,72,domain-aware-interface,interface reliée à un adaptateur du moteur métier partagé,341,a6ade09588edda9c71a464946db429d7446f7782a793108cad7444bf4863ec3e
include/elit21/shopify/models/ShopifyCollection.h,🟦,72,domain-aware-interface,interface reliée à un adaptateur du moteur métier partagé,335,d280f4d9101658a9373b30d38585f6451453aeacb3b12a4abb1b1a84980a644e
include/elit21/shopify/models/ShopifyCustomer.h,🟦,72,domain-aware-interface,interface reliée à un adaptateur du moteur métier partagé,331,06630a24acee2d97fb0e339ccd73803e7b4dd53d11b1a192723f18cd5c74b028
include/elit21/shopify/models/ShopifyDiscount.h,🟦,72,domain-aware-interface,interface reliée à un adaptateur du moteur métier partagé,331,1b6aa463e84bba776eeb681db4beaf8c2989147d25df08066e6c22383443000a
include/elit21/shopify/models/ShopifyFulfillment.h,🟦,72,domain-aware-interface,interface reliée à un adaptateur du moteur métier partagé,337,735115cd4aa2925c1ed3f02280d561175dce23ce8eb2d213c8e49651d5f91fe7
include/elit21/shopify/models/ShopifyFulfillmentOrder.h,🟦,72,domain-aware-interface,interface reliée à un adaptateur du moteur métier partagé,347,26b0250696a053246db4c1511aa19259850dd4f2bd29a14762984acb258baad0
include/elit21/shopify/models/ShopifyInventoryItem.h,🟦,72,domain-aware-interface,interface reliée à un adaptateur du moteur métier partagé,341,ff37b8535974675cb84dca3b07258567d21371888f0cc331707efa86c9d5a2d4
include/elit21/shopify/models/ShopifyInventoryLevel.h,🟦,72,domain-aware-interface,interface reliée à un adaptateur du moteur métier partagé,343,bc43b0d1c6275ef8826726af191d7c3d0cd03e0c3f575f9d349b7c729e1bf8c2
include/elit21/shopify/models/ShopifyLocation.h,🟦,72,domain-aware-interface,interface reliée à un adaptateur du moteur métier partagé,331,a3c770cdc8b3d0870fd691b84aad568a9e9c9e9e867f587db156241a8b643193
include/elit21/shopify/models/ShopifyMarket.h,🟦,72,domain-aware-interface,interface reliée à un adaptateur du moteur métier partagé,327,d94a0f1972e6b004ae85628549609ed6499287d780ad94b265a69f29a33da522
include/elit21/shopify/models/ShopifyMedia.h,🟦,72,domain-aware-interface,interface reliée à un adaptateur du moteur métier partagé,325,7d0511232476c3ec8bbb6e60da2a7760769664f2e86f7ca5e4346685bdbbed7b
include/elit21/shopify/models/ShopifyMetafield.h,🟦,72,domain-aware-interface,interface reliée à un adaptateur du moteur métier partagé,333,ccab45ccea535b2d0c77228411aab181ec2a672d2cc5d6dca62a04000879224f
include/elit21/shopify/models/ShopifyMetaobject.h,🟦,72,domain-aware-interface,interface reliée à un adaptateur du moteur métier partagé,335,90a1795edf89e3d55520377ee26efa0194dd09b934e9d802653190b4d5165571
include/elit21/shopify/models/ShopifyOrder.h,🟦,72,domain-aware-interface,interface reliée à un adaptateur du moteur métier partagé,325,1e28e809eb166ed59b33c4cae121cc6507bb2a14133be09ea1b692d4e1429a49
include/elit21/shopify/models/ShopifyOrderLine.h,🟦,72,domain-aware-interface,interface reliée à un adaptateur du moteur métier partagé,333,e25d75f46087f20d34b212f3ef00880328c8b2fa9af34dd0f90d4604f7bf68bc
include/elit21/shopify/models/ShopifyProduct.h,🟦,72,domain-aware-interface,interface reliée à un adaptateur du moteur métier partagé,329,81e96619c5c65bcaadc0c43a06c9925113b382cafc9b26d642695e191468f3e7
include/elit21/shopify/models/ShopifyProductVariant.h,🟦,72,domain-aware-interface,interface reliée à un adaptateur du moteur métier partagé,343,05c816bab6919ae29d7fff9a7f92bcb22b9f74c618e9bd63a31150d2dda2e5e0
include/elit21/shopify/models/ShopifyPublication.h,🟦,72,domain-aware-interface,interface reliée à un adaptateur du moteur métier partagé,337,176a1a0556e0b883721e65576db21c718c742d4a988f0161980eec345c8938b8
include/elit21/shopify/models/ShopifyRefund.h,🟦,72,domain-aware-interface,interface reliée à un adaptateur du moteur métier partagé,327,d60959afe09a0d79f212a8aa7c09df320835eb9a37077e857649714822fba8f5
include/elit21/shopify/models/ShopifyReturn.h,🟦,72,domain-aware-interface,interface reliée à un adaptateur du moteur métier partagé,327,26202e8483ed0e8928f753b49c8852c0e5ab242b5aaa0d0b15bfb56b47bb2f72
include/elit21/shopify/models/ShopifyShop.h,🟦,72,domain-aware-interface,interface reliée à un adaptateur du moteur métier partagé,323,6458149fdf9096ca6b937e0f138bc57cc70f680495a248840cb84b6dce725420
include/elit21/shopify/models/ShopifyTrackingInfo.h,🟦,72,domain-aware-interface,interface reliée à un adaptateur du moteur métier partagé,339,8c5ae69f61de52a4cf1665c57fb893475ad41149bfe2cbe772b975388b429c3a
include/elit21/shopify/models/ShopifyTransaction.h,🟦,72,domain-aware-interface,interface reliée à un adaptateur du moteur métier partagé,337,cb6715b17931afab3b7a956217831c97725c842879dcd0e741c9cd4c3c03109b
include/elit21/shopify/models/ShopifyWebhookSubscription.h,🟦,72,domain-aware-interface,interface reliée à un adaptateur du moteur métier partagé,353,4e2d033d9361a85ebeedf43dab53062efba1252636d77c847cecf05a26c07d79
include/elit21/shopify/mutations/BulkOperationMutations.h,✅,90,dedicated-interface,interface reliée à une implémentation C++ dédiée,186,a4c84478a141dd9434b7d9c49277e0245a1902d82beb7fd56283719b7bcd994b
include/elit21/shopify/mutations/CollectionMutations.h,✅,90,dedicated-interface,interface reliée à une implémentation C++ dédiée,183,b45f10572781439b6bfe1004192770c30ce7e444216bab3b54b599c6ba585d15
include/elit21/shopify/mutations/CustomerMutations.h,✅,90,dedicated-interface,interface reliée à une implémentation C++ dédiée,181,66da2595f37cccab3199deda6e33d42ef182512da96a5bb17042355f1448211e
include/elit21/shopify/mutations/DiscountMutations.h,✅,90,dedicated-interface,interface reliée à une implémentation C++ dédiée,181,4faf19fdeec2fb4460994cdf093597bb33ae1aa1f9ccc7ec06d27bf1c6629453
include/elit21/shopify/mutations/DraftOrderMutations.h,✅,90,dedicated-interface,interface reliée à une implémentation C++ dédiée,183,ed65389be7005df7c77d4af39ac51735b52b036f88f5aae14cbb92ef9034818b
include/elit21/shopify/mutations/FileMutations.h,✅,90,dedicated-interface,interface reliée à une implémentation C++ dédiée,177,c0427d505c825003a52031d7ffedc813a61828e87872e8e4fe7b952cbba49ea9
include/elit21/shopify/mutations/FulfillmentMutations.h,✅,90,dedicated-interface,interface reliée à une implémentation C++ dédiée,184,89b1bdef4b49bd4294bc4704e12f48487d92c4945de5573396798dacb8d9943a
include/elit21/shopify/mutations/FulfillmentOrderMutations.h,✅,90,dedicated-interface,interface reliée à une implémentation C++ dédiée,189,ca5cc4386b68f8459fcde08386a8eb759e92cef62a63aa72e254c08cd20c4a52
include/elit21/shopify/mutations/InventoryMutations.h,✅,90,dedicated-interface,interface reliée à une implémentation C++ dédiée,182,e169d0184ddfedd495cca630071d47a336a29bb7128bfc8974556ea3f3185dad
include/elit21/shopify/mutations/MetafieldMutations.h,✅,90,dedicated-interface,interface reliée à une implémentation C++ dédiée,182,0b7cdf823870561d409a3edae97fa88e7d260dbf38e48571fafc057c665aa10d
include/elit21/shopify/mutations/MetaobjectMutations.h,✅,90,dedicated-interface,interface reliée à une implémentation C++ dédiée,183,25468f8da3216a3eab622cebf3012a176dbf942ecaa6b7210fc651a9bace4a76
include/elit21/shopify/mutations/OrderMutations.h,✅,90,dedicated-interface,interface reliée à une implémentation C++ dédiée,178,a50b871521f87c37cea47a894ef24485e9ce90e2c87530918a295dce3fbca02f
include/elit21/shopify/mutations/ProductMediaMutations.h,✅,90,dedicated-interface,interface reliée à une implémentation C++ dédiée,185,847fea05cacc4ace74a7347d90d3c96fe4360c76a876122c6dbf8cbf244b63e1
include/elit21/shopify/mutations/ProductMutations.h,✅,90,dedicated-interface,interface reliée à une implémentation C++ dédiée,180,d82444b686292d577bd1f74de852555a2d79353d183b0d155093fac35ac1609a
include/elit21/shopify/mutations/ProductVariantMutations.h,✅,90,dedicated-interface,interface reliée à une implémentation C++ dédiée,187,e8b89a1f84b707abd211728f2fc2ae23582abcd0e64bbb7555d86c86a6925101
include/elit21/shopify/mutations/PublicationMutations.h,✅,90,dedicated-interface,interface reliée à une implémentation C++ dédiée,184,f6a3eac4ad577917b874f3b7eb98b357b5f7475528bba5fafce84a094e4d2563
include/elit21/shopify/mutations/RefundMutations.h,✅,90,dedicated-interface,interface reliée à une implémentation C++ dédiée,179,a4580c95634ad5cea6d8b14cd6d6c2a03c598e26f37787bbf621d9b15f5c42a2
include/elit21/shopify/mutations/ReturnMutations.h,✅,90,dedicated-interface,interface reliée à une implémentation C++ dédiée,179,349d511e58c407ceeac3ea18fbd4648b977cd2f0348fcc8f2d9681016ceff604
include/elit21/shopify/mutations/WebhookMutations.h,✅,90,dedicated-interface,interface reliée à une implémentation C++ dédiée,180,a6ada4d64929c010a6957cc993b59824f94f2737919f3f6498b3957eb7d4900f
include/elit21/shopify/queries/BulkOperationQueries.h,✅,90,dedicated-interface,interface reliée à une implémentation C++ dédiée,182,479498e908f64823d4849e9cf2491fafb7ff5265ab20bda95c56872513ef40aa
include/elit21/shopify/queries/CollectionQueries.h,✅,90,dedicated-interface,interface reliée à une implémentation C++ dédiée,179,6ae5c5610a9a164d305a9c1644e1ddfdc17250b114ba3843fed735314ebe08ba
include/elit21/shopify/queries/CustomerQueries.h,✅,90,dedicated-interface,interface reliée à une implémentation C++ dédiée,177,98a0226a5e3d3fdcc34dc81a6e092d1466234e199cf8f040d8c7acad8905eee9
include/elit21/shopify/queries/DiscountQueries.h,✅,90,dedicated-interface,interface reliée à une implémentation C++ dédiée,177,ce6def50d2de6414af8f55dfb1f4074b4ae16d4ccab855a53d189ac1b4fdcf9a
include/elit21/shopify/queries/DraftOrderQueries.h,✅,90,dedicated-interface,interface reliée à une implémentation C++ dédiée,179,d5e7e8558c35ba8c9ed9abf966ff4ca05622c4366038854664681811cdc8b73f
include/elit21/shopify/queries/FileQueries.h,✅,90,dedicated-interface,interface reliée à une implémentation C++ dédiée,173,d421c2905e8cfdf9feeb65dc79e13afeccdb50991f605a128cda288955307690
include/elit21/shopify/queries/FulfillmentOrderQueries.h,✅,90,dedicated-interface,interface reliée à une implémentation C++ dédiée,185,18778e51ba9a4bd06303e32f1beb8e9046be9869eb2dc7c0205c07109451b9f9
include/elit21/shopify/queries/FulfillmentQueries.h,✅,90,dedicated-interface,interface reliée à une implémentation C++ dédiée,180,e78e3d6638ad024d67cf60e2bb8070f99bc097977ba0b0de8a02fbbb4c87eda8
include/elit21/shopify/queries/InventoryQueries.h,✅,90,dedicated-interface,interface reliée à une implémentation C++ dédiée,178,0c1963a6ed236aa3794dcb803e90f1f65f4b6b8ca30a4473a1e5f3afe0fc6584
include/elit21/shopify/queries/LocationQueries.h,✅,90,dedicated-interface,interface reliée à une implémentation C++ dédiée,177,690f9684eeb788a022dda2cb108945afecb719875d50d6ccb67b9233f7d5363c
include/elit21/shopify/queries/MarketQueries.h,✅,90,dedicated-interface,interface reliée à une implémentation C++ dédiée,175,bd7f220c8871d57bf8f3a83f4dccbda7d5da1b99d8a71c8459d024f137b46e47
include/elit21/shopify/queries/MetafieldQueries.h,✅,90,dedicated-interface,interface reliée à une implémentation C++ dédiée,178,32b3ea4adad4436d6c9ac56d9e6a57fce409384bb0aa756bb472ff80c51125b1
include/elit21/shopify/queries/MetaobjectQueries.h,✅,90,dedicated-interface,interface reliée à une implémentation C++ dédiée,179,799abc9f565f05db39c404176502276e061edb657f918e04863481a016c9d84c
include/elit21/shopify/queries/OrderQueries.h,✅,90,dedicated-interface,interface reliée à une implémentation C++ dédiée,174,0d2476b8b86c571500ae5f40a872ef4424f3a725b021bb77e2c9b52c0964291b
include/elit21/shopify/queries/ProductQueries.h,✅,90,dedicated-interface,interface reliée à une implémentation C++ dédiée,176,3d1527f811f0f2284ef3f1549b7673da7d7f8dcdd94be3a9f4ef88f431eae6f7
include/elit21/shopify/queries/ProductVariantQueries.h,✅,90,dedicated-interface,interface reliée à une implémentation C++ dédiée,183,c373b64a7c574886464caf813a2d9a848e9248477124d05f8ae26d6dfacbccd3
include/elit21/shopify/queries/PublicationQueries.h,✅,90,dedicated-interface,interface reliée à une implémentation C++ dédiée,180,12b733f305bf9d84be15b33aef996791c9513f6753e9728f91286c4f9bfc2b6c
include/elit21/shopify/queries/RefundQueries.h,✅,90,dedicated-interface,interface reliée à une implémentation C++ dédiée,175,b26c7f87fcc62479651e72711f961fef3629d7ef2c9f4955bb6c48a6abcd561b
include/elit21/shopify/queries/ReturnQueries.h,✅,90,dedicated-interface,interface reliée à une implémentation C++ dédiée,175,24e15f40dcd934df48ed428de55ff6ce25f99b183de7724508773ac2aa27c609
include/elit21/shopify/queries/ShopQueries.h,✅,90,dedicated-interface,interface reliée à une implémentation C++ dédiée,173,85c907bb412d8681306821f626f7f22e0a15509b1b9b5f7b3ecf870d2132fb76
include/elit21/shopify/queries/TransactionQueries.h,✅,90,dedicated-interface,interface reliée à une implémentation C++ dédiée,180,f92ddd8424ad91d220779bc7a0f9176cb8ded565368e3bd2ed4b30135c0782a3
include/elit21/shopify/queries/WebhookQueries.h,✅,90,dedicated-interface,interface reliée à une implémentation C++ dédiée,176,97939c9e00f909beb841932789601c99a0c6ab3b9632733282bed88653094fc8
include/elit21/shopify/services/ShopifyBulkOperationService.h,🟦,72,domain-aware-interface,interface reliée à un adaptateur du moteur métier partagé,359,0f073e347fd48e1e1f48ad060a4e5561f04e714af5f1b433163c4e6f1a67b2c4
include/elit21/shopify/services/ShopifyCatalogService.h,🟦,72,domain-aware-interface,interface reliée à un adaptateur du moteur métier partagé,347,0276ab840d4b0f8f3bc91dd47af92f10e2ce779a74a4af38e5e8aeda03f9db0b
include/elit21/shopify/services/ShopifyCollectionService.h,🟦,72,domain-aware-interface,interface reliée à un adaptateur du moteur métier partagé,353,a9689236b31e08ab67dd0613c9215295f0b73507ddd12c55947918e15b1e0330
include/elit21/shopify/services/ShopifyCustomerService.h,🟦,72,domain-aware-interface,interface reliée à un adaptateur du moteur métier partagé,349,0c5c18f4c0895a8c56a1ac59f8606ccc776d1bcb90b15aaeb73aedd099095b42
include/elit21/shopify/services/ShopifyDiscountService.h,🟦,72,domain-aware-interface,interface reliée à un adaptateur du moteur métier partagé,349,15c55b684906d5e6bb70cf81d16255c5e7f7fbd8e201b9baac977a86c3b037f0
include/elit21/shopify/services/ShopifyDraftOrderService.h,🟦,72,domain-aware-interface,interface reliée à un adaptateur du moteur métier partagé,353,5018edd5320c29a7b4f3625ed4af9b1506bd777ed1ec89551386d21c3b57f4d3
include/elit21/shopify/services/ShopifyFileService.h,🟦,72,domain-aware-interface,interface reliée à un adaptateur du moteur métier partagé,341,cb18870e4c757d2ebcd4a955ddd0783f09804b9ddd99dbb862f71d5f8b4c97db
include/elit21/shopify/services/ShopifyFulfillmentOrderService.h,🟦,72,domain-aware-interface,interface reliée à un adaptateur du moteur métier partagé,365,1c5eec217ad41b3ed87ac275b492cd4b3a67b2c813c4ce2201ecb3f35b097fda
include/elit21/shopify/services/ShopifyFulfillmentService.h,🟦,72,domain-aware-interface,interface reliée à un adaptateur du moteur métier partagé,355,a54500ff4563b59096eaf69e254485b965eab710d6fd5d303f4ba1e60df7898f
include/elit21/shopify/services/ShopifyInventoryService.h,🟦,72,domain-aware-interface,interface reliée à un adaptateur du moteur métier partagé,351,ee50327b5a8dbe57b6df2f0fb88a1ab1cf22574a6cae4b6faff7f6f8d0952318
include/elit21/shopify/services/ShopifyLocationService.h,🟦,72,domain-aware-interface,interface reliée à un adaptateur du moteur métier partagé,349,819a5f86203fe60d65ac62341a3e20cb882999f1e7082e20583f7f4c74765a77
include/elit21/shopify/services/ShopifyMarketService.h,🟦,72,domain-aware-interface,interface reliée à un adaptateur du moteur métier partagé,345,2c8a69ebe86c8c621d4226762cb7067d9d99fdc230162a28f08e692a1a7a14a9
include/elit21/shopify/services/ShopifyMediaService.h,🟦,72,domain-aware-interface,interface reliée à un adaptateur du moteur métier partagé,343,53d92e5ac3d1fd6c838adabe7dffbecab36726af5e971fc8b7897592c606e3ed
include/elit21/shopify/services/ShopifyMetafieldService.h,🟦,72,domain-aware-interface,interface reliée à un adaptateur du moteur métier partagé,351,f81803640e38f8aade658cb10e9edf305eaf6daca7271d8f7857952a2435cf52
include/elit21/shopify/services/ShopifyOrderService.h,🟦,72,domain-aware-interface,interface reliée à un adaptateur du moteur métier partagé,343,def8e4acf5f89e0e06e434284ee08841866f0bd8231f661ea805fb920e707a58
include/elit21/shopify/services/ShopifyProductService.h,🟦,72,domain-aware-interface,interface reliée à un adaptateur du moteur métier partagé,347,1141d3995784ae9420d7c6142bd24cd58e89f912c442f272a808daa2c93fad9d
include/elit21/shopify/services/ShopifyPublicationService.h,🟦,72,domain-aware-interface,interface reliée à un adaptateur du moteur métier partagé,355,8638235b8a4fce85aa5d3cbc3841af9fcbf3f0a4e04dbb96fb1215b6faa94eaf
include/elit21/shopify/services/ShopifyRefundService.h,🟦,72,domain-aware-interface,interface reliée à un adaptateur du moteur métier partagé,345,2e3a03a520fda89fec88106abb003ed4558861869713c38130993f0280be6a44
include/elit21/shopify/services/ShopifyReturnService.h,🟦,72,domain-aware-interface,interface reliée à un adaptateur du moteur métier partagé,345,870f7d8082ef14762dfdc16d5c1f57b4bca739ec5e6ba447bdd6c4c0bd374c2e
include/elit21/shopify/services/ShopifyShopService.h,🟦,72,domain-aware-interface,interface reliée à un adaptateur du moteur métier partagé,341,a7e343089c05dc0f92f064e2f45e4eaf65cf96c8d4cef95fb5d8de55de6893d6
include/elit21/shopify/services/ShopifyVariantService.h,🟦,72,domain-aware-interface,interface reliée à un adaptateur du moteur métier partagé,347,a9b77154b9556d62ad0e9fe76cc6e6420c1e0a9f4a4ed5c6dcac557ed0e38f63
include/elit21/shopify/services/ShopifyWebhookService.h,🟦,72,domain-aware-interface,interface reliée à un adaptateur du moteur métier partagé,347,717070bdf06f8c7df50273dc7cb227120f08864017a38b6d837082d4d2aa4c54
include/elit21/shopify/ShopifyApiVersion.h,✅,90,dedicated-interface,interface reliée à une implémentation C++ dédiée,557,fbcd597caefefc6e8a2db76f4dc56733ec1c82f4b05243ed87942f06a84fc511
include/elit21/shopify/ShopifyClient.h,✅,90,dedicated-interface,interface reliée à une implémentation C++ dédiée,2020,f3bf8cf0e965b1334c89babf7d34ecf4c067cbc58384bdb65014352c2e7b9660
include/elit21/shopify/ShopifyConfig.h,🟦,72,domain-aware-interface,interface reliée à un adaptateur du moteur métier partagé,311,87d6df43f4de0e583f518fe09d78324b97bee9feaf15d362119ad31fb30c12f7
include/elit21/shopify/ShopifyEndpoints.h,✅,90,dedicated-interface,interface reliée à une implémentation C++ dédiée,494,7125c1833f47dbac19642800c56344b42d2646a58e1414737c933bfe2e6f4cd1
include/elit21/shopify/ShopifyError.h,🟦,72,domain-aware-interface,interface reliée à un adaptateur du moteur métier partagé,309,6145affef34c90ab70cbfc057449378deb78d31cac2290ae6e008c13a164d0da
include/elit21/shopify/ShopifyErrorMapper.h,🟦,72,domain-aware-interface,interface reliée à un adaptateur du moteur métier partagé,321,5086028c94eacd63e87780ce86d376481f100fcb17b6518b14ce8ee35f491961
include/elit21/shopify/ShopifyModels.h,✅,90,dedicated-interface,interface reliée à une implémentation C++ dédiée,844,6a34c7fc1c454ee58810add3f056d4869a799f9c26306282c6b550414f02cc2e
include/elit21/shopify/ShopifyRateLimitState.h,🟦,72,domain-aware-interface,interface reliée à un adaptateur du moteur métier partagé,327,b46e51008d19f233da16810d90111e154f9142d67edfd8f5be67cdfabbd48994
include/elit21/shopify/ShopifyScopes.h,✅,90,dedicated-interface,interface reliée à une implémentation C++ dédiée,550,08bea07a58a8f7c4cc163b9fc1143b8c2c47a3df828fe1866abe2e9ba213be31
include/elit21/shopify/ShopifyServiceFactory.h,🟦,72,domain-aware-interface,interface reliée à un adaptateur du moteur métier partagé,327,bf71d96cd8c2a12ccfaaa15f6754c142338ecf7971e5de4ad6a254868cfb048d
include/elit21/shopify/ShopifyWebhook.h,✅,90,dedicated-interface,interface reliée à une implémentation C++ dédiée,419,a7971938ad515a572e2d0a6cd254dcfb0ab930e054ba562c69443b1113d44330
include/elit21/shopify/webhooks/AppUninstalledWebhookHandler.h,🟦,72,domain-aware-interface,interface reliée à un adaptateur du moteur métier partagé,361,3cbf4f130312cc0210ba1bb0e8c504cc6ac3fea4916a30a1c59d1ecdbe08840d
include/elit21/shopify/webhooks/CustomerWebhookHandler.h,🟦,72,domain-aware-interface,interface reliée à un adaptateur du moteur métier partagé,349,e74a448f4ba082bc4bf36b806e09bb27ad9516dafd54c74ff1cb5fa685208fcf
include/elit21/shopify/webhooks/FulfillmentWebhookHandler.h,🟦,72,domain-aware-interface,interface reliée à un adaptateur du moteur métier partagé,355,805fe2d05929365a146d3668a8a24099fe7a363fc8617667ac6c14315c22d7c7
include/elit21/shopify/webhooks/InventoryWebhookHandler.h,🟦,72,domain-aware-interface,interface reliée à un adaptateur du moteur métier partagé,351,05c51fd492c17b37e81dc10fc6479a390ad9bfcdee7c206f878e3e1b9d72f715
include/elit21/shopify/webhooks/OrderWebhookHandler.h,🟦,72,domain-aware-interface,interface reliée à un adaptateur du moteur métier partagé,343,1e9235e82aac853d4d006108d83ded4def0c1df94ac867aab8a842896a5f4f57
include/elit21/shopify/webhooks/ProductWebhookHandler.h,🟦,72,domain-aware-interface,interface reliée à un adaptateur du moteur métier partagé,347,1890c5103fa1535505df96fb51d3ee327134142bfedc1cfaba5f66bb2706d05c
include/elit21/shopify/webhooks/RefundWebhookHandler.h,🟦,72,domain-aware-interface,interface reliée à un adaptateur du moteur métier partagé,345,da7e42005daca897ce0e59340494658383bd516875b8c1dd48912841df48e08c
include/elit21/shopify/webhooks/ShopifyWebhook.h,🟦,72,domain-aware-interface,interface reliée à un adaptateur du moteur métier partagé,333,8da3e67d0759d0c5546ab1bd2d704faa898f58f2d88a6a2c4b74f2c352c7e0af
include/elit21/shopify/webhooks/ShopifyWebhookDispatcher.h,🟦,72,domain-aware-interface,interface reliée à un adaptateur du moteur métier partagé,353,5dcc49cfb5bb8afdb2892b935f70016eb6d5c4cd3895d9661893c3a6268fd117
include/elit21/shopify/webhooks/ShopifyWebhookParser.h,🟦,72,domain-aware-interface,interface reliée à un adaptateur du moteur métier partagé,345,11c9e065278784fe311ff02e1df3267c738a5b2fabdba0a34c5beb649e0385fd
include/elit21/shopify/webhooks/ShopifyWebhookReceiver.h,🟦,72,domain-aware-interface,interface reliée à un adaptateur du moteur métier partagé,349,2ee72882c5ecb6562de0a95f6d506edcdc773d6db6b8c7a04bf6e83770a99b97
include/elit21/shopify/webhooks/ShopifyWebhookRegistrar.h,🟦,72,domain-aware-interface,interface reliée à un adaptateur du moteur métier partagé,351,681469b064daf4b10af599ec10f4c98f143fb5aea239ebbeb847ddb9189b8b6c
include/elit21/shopify/webhooks/ShopifyWebhookSignatureVerifier.h,🟦,72,domain-aware-interface,interface reliée à un adaptateur du moteur métier partagé,367,99fc1ad9a8acf04535836421dda919b97194c0d4fb768f31bb254050f2032602
include/elit21/shopify/webhooks/ShopifyWebhookTopic.h,🟦,72,domain-aware-interface,interface reliée à un adaptateur du moteur métier partagé,343,7d79dfc8af4c6d67c8c13fc39265c2930519c5b5e875347881cd1d0ac87126ea
include/elit21/shopify/webhooks/ShopWebhookHandler.h,🟦,72,domain-aware-interface,interface reliée à un adaptateur du moteur métier partagé,341,22e1aa1c992f4456846e9b7f15d295ec70813eeda8abd49054305d96d32543b0
include/elit21/sourcing/CanadaProductEligibilityChecker.h,🟦,72,domain-aware-interface,interface reliée à un adaptateur du moteur métier partagé,349,37d431581faed351024f1761959cfa374391f6fd291503fa92b7b1b2a4e1f0e1
include/elit21/sourcing/CandidateProduct.h,🟦,72,domain-aware-interface,interface reliée à un adaptateur du moteur métier partagé,319,be92886ca45420e5485ebf15b02e89ed2e5f107d69187cb16d87a942b21d902e
include/elit21/sourcing/CandidateProductRepository.h,🟦,72,domain-aware-interface,interface reliée à un adaptateur du moteur métier partagé,339,1974a48ddd3c7b317618aabf6932ad0c1cdbe18cb522c045e0e6372581542da8
include/elit21/sourcing/CatalogDiscoveryEngine.h,🟦,72,domain-aware-interface,interface reliée à un adaptateur du moteur métier partagé,331,544e9c1a98f05ad77b3b739603b3a4cd433ae74764f4d95f717974af46da593c
include/elit21/sourcing/CompetitionAnalyzer.h,🟦,72,domain-aware-interface,interface reliée à un adaptateur du moteur métier partagé,325,7138eaab9ced0fe07fb895989ec80b9e50cb27c7b497178c0c0520f3dd373d35
include/elit21/sourcing/DuplicateProductDetector.h,🟦,72,domain-aware-interface,interface reliée à un adaptateur du moteur métier partagé,335,b073c3cdb8d2c127218196b6c34d61d985c5c13894de9c4536b9c51f7d47ed87
include/elit21/sourcing/ImageSearchDiscovery.h,🟦,72,domain-aware-interface,interface reliée à un adaptateur du moteur métier partagé,327,8f45b85023636a41f283390b122176acfecebae82bf2138765f9233d0266c447
include/elit21/sourcing/MarginOpportunityAnalyzer.h,🟦,72,domain-aware-interface,interface reliée à un adaptateur du moteur métier partagé,337,97f01dc27be4e6c94a5b8a85c3edcbe2548bce785bbe521f2e5e4a749c68dee4
include/elit21/sourcing/ProductCandidatePipeline.h,🟦,72,domain-aware-interface,interface reliée à un adaptateur du moteur métier partagé,335,4d1511b217792c747268ce914e3c8f56b24a55870947e16332f99e7804d86667
include/elit21/sourcing/ProductEligibilityChecker.h,🟦,72,domain-aware-interface,interface reliée à un adaptateur du moteur métier partagé,337,b8d60e5025bda3539c8a58049e69387d40f73061d827ec87bbb68f2e7b749715
include/elit21/sourcing/ProductQualityAnalyzer.h,🟦,72,domain-aware-interface,interface reliée à un adaptateur du moteur métier partagé,331,df4d2831970a7e7f253eefe6e7038e2f6dc37272459a60c4bf81b07bc2cd072a
include/elit21/sourcing/ProductRecommendationDiscovery.h,🟦,72,domain-aware-interface,interface reliée à un adaptateur du moteur métier partagé,347,fee4b961b740ce7b14802000705bc531941dd0c6ea00de07e1a0b58346937f6e
include/elit21/sourcing/ProductRiskAnalyzer.h,🟦,72,domain-aware-interface,interface reliée à un adaptateur du moteur métier partagé,325,fa22d7d0f5a2018998845f9f10e178cf8793c0612820eedcd8255dd3ad5c7082
include/elit21/sourcing/ProductScorer.h,🟦,72,domain-aware-interface,interface reliée à un adaptateur du moteur métier partagé,313,65a0c11bc7c06f370df1861b2925e06ee13c630dcf06bc361c9169e628a91e8f
include/elit21/sourcing/ProductSelectionPolicy.h,🟦,72,domain-aware-interface,interface reliée à un adaptateur du moteur métier partagé,331,75efcc0bebde976076b4a0a03ce076031d2c3ca644e3c9e3226897016bd6717d
include/elit21/sourcing/ProhibitedProductDetector.h,🟦,72,domain-aware-interface,interface reliée à un adaptateur du moteur métier partagé,337,d078e7d631e46f17e4a8602f6d82f384289cee9c028b949f31b9c661ead0d508
include/elit21/sourcing/ReviewScoreAnalyzer.h,🟦,72,domain-aware-interface,interface reliée à un adaptateur du moteur métier partagé,325,2f38766bf5f714f42189630d4f5ba4d62556bc11c572e0408e3d024c119649b6
include/elit21/sourcing/SellerReliabilityAnalyzer.h,🟦,72,domain-aware-interface,interface reliée à un adaptateur du moteur métier partagé,337,b0e4ede6d4b26c3d0561de3c4e9fcf509bf52581451dab837cc4c7ec3808da13
include/elit21/sourcing/SellerScorer.h,🟦,72,domain-aware-interface,interface reliée à un adaptateur du moteur métier partagé,311,421a96f6b3d721141b6fa2f3974f2fee55ce48930e4d8bfed28d44a0b3fdf119
include/elit21/sourcing/ShippingEligibilityAnalyzer.h,🟦,72,domain-aware-interface,interface reliée à un adaptateur du moteur métier partagé,341,929158ffdf60d6091b40ff342e9c4645e6e9e28e3d772d37b068b8ed2df25d98
include/elit21/sourcing/SourcingCoordinator.h,🟦,72,domain-aware-interface,interface reliée à un adaptateur du moteur métier partagé,325,0495c56e3922bed85786e98b30650da3e7e6d1df018ac6d6b8cd2d35c4b7703b
include/elit21/sourcing/SourcingDecision.h,🟦,72,domain-aware-interface,interface reliée à un adaptateur du moteur métier partagé,319,7c7bd30258f4f58779afb02347f853d5b206e5bd8f1a5da3351a88b7e09b5734
include/elit21/sourcing/SourcingEngine.h,✅,90,dedicated-interface,interface reliée à une implémentation C++ dédiée,592,c66b9bddc172ac15542377bc17cb8cf420411c79bdc6989aed298b2e4fd1885a
include/elit21/sourcing/SourcingPolicy.h,🟦,72,domain-aware-interface,interface reliée à un adaptateur du moteur métier partagé,315,bd91ade71558b296b7a353c100b06c2e7520e932cb10f8615b1a059c886c0635
include/elit21/sourcing/TrendAnalyzer.h,🟦,72,domain-aware-interface,interface reliée à un adaptateur du moteur métier partagé,313,18edf4b6d696a51b6948931d6e4dfe523f8c9f11d0719414d1a732a017e21620
include/elit21/storage/BackupManager.h,🟦,72,domain-aware-interface,interface reliée à un adaptateur du moteur métier partagé,311,c99d9e48401fcbae04c9487525602556937c6405bce65ec7334611050e2f22d5
include/elit21/storage/Cache.h,🟦,72,domain-aware-interface,interface reliée à un adaptateur du moteur métier partagé,295,0ff3a71013f067faaed8c7b641453917a508232e64a8eda99fb342e3268f90f3
include/elit21/storage/CacheEntry.h,🟦,72,domain-aware-interface,interface reliée à un adaptateur du moteur métier partagé,305,5262e35257ea555921ffd1d7564c2a2c7963ece4e1e3e70039f572416b41d657
include/elit21/storage/Database.h,✅,90,dedicated-interface,interface reliée à une implémentation C++ dédiée,5347,fe248c9182d616d56bdfab7f440c76f11d29ddd934e444df0bce1d0c90c9d303
include/elit21/storage/DatabaseConnection.h,🟦,72,domain-aware-interface,interface reliée à un adaptateur du moteur métier partagé,321,a675ee1f2eea01f656239b71055690b659276b4d146c73e6754c8a7f7b39e5d4
include/elit21/storage/DatabaseMigrator.h,🟦,72,domain-aware-interface,interface reliée à un adaptateur du moteur métier partagé,317,eb84d8a3a02899577398df7d1a924f15cf8cfaa48e5efc64c77d92a430d7188c
include/elit21/storage/DatabaseTransaction.h,🟦,72,domain-aware-interface,interface reliée à un adaptateur du moteur métier partagé,323,5bb32a89063048217c8f9db76c650b698c64b987404d906db943492e024cb804
include/elit21/storage/Entity.h,🟦,72,domain-aware-interface,interface reliée à un adaptateur du moteur métier partagé,297,47fdd59040f066545d9befa11eca217d058023eb3dd7bc5001c882333c05dda6
include/elit21/storage/Migration.h,🟦,72,domain-aware-interface,interface reliée à un adaptateur du moteur métier partagé,303,076d82ddbcac7333259fd92b3c2bf1995395df3cb9e04aa7bcd73fde9e7904ed
include/elit21/storage/MigrationRepository.h,🟦,72,domain-aware-interface,interface reliée à un adaptateur du moteur métier partagé,323,b5958e8de0980aa32cbf515a63e724ca66e0f7b6d3935eb3a3af12a8d2d3c920
include/elit21/storage/QueryBuilder.h,🟦,72,domain-aware-interface,interface reliée à un adaptateur du moteur métier partagé,309,6666f4b3d3e42b46c853cdc425264a6b2976451da3ae790f6d11e3152a0ca952
include/elit21/storage/Repository.h,🟦,72,domain-aware-interface,interface reliée à un adaptateur du moteur métier partagé,305,d08d7d73e55b96061a14279e16a557ddab0aa8684320a83a8bb771c66d043153
include/elit21/storage/Row.h,🟦,72,domain-aware-interface,interface reliée à un adaptateur du moteur métier partagé,291,3afebcf6daebbea8c1fa79a525735b5f1037dc9dfff7dd81fc324265515b9459
include/elit21/storage/SqliteConnection.h,🟦,72,domain-aware-interface,interface reliée à un adaptateur du moteur métier partagé,317,3670f48f78fe222f8653d6bfbcacc0a0a29018ed84ed86b55ac8a15f2e2881cf
include/elit21/storage/SqliteDatabase.h,🟦,72,domain-aware-interface,interface reliée à un adaptateur du moteur métier partagé,313,a1451fc3e7b14825d825b0680b7221031f4bdc90c48d81f94346e4b20cf76dd2
include/elit21/storage/SqliteStatement.h,🟦,72,domain-aware-interface,interface reliée à un adaptateur du moteur métier partagé,315,0582bf6541b30319f4c7801d9937627ac62cd4837f484925f13c02e9c6acb380
include/elit21/storage/StorageHealthCheck.h,🟦,72,domain-aware-interface,interface reliée à un adaptateur du moteur métier partagé,321,e7b3fa1c4cad5958bcaab62c2195dd5d60836570322efc1cf610ebdac81de600
include/elit21/storage/UnitOfWork.h,🟦,72,domain-aware-interface,interface reliée à un adaptateur du moteur métier partagé,305,1100cfb1517187a72a883ba211c87450138b79e221a0ef985e61e7630a31c814
include/elit21/terminal/AnsiTerminal.h,🟦,72,domain-aware-interface,interface reliée à un adaptateur du moteur métier partagé,311,9eb0739db9e876e211675a3e4bcb9954ef11c889ceff32dcd922e4d624672ffc
include/elit21/terminal/CommandHistory.h,🟦,72,domain-aware-interface,interface reliée à un adaptateur du moteur métier partagé,315,44b0ebc9b3b6db69ff9b98378b1afcb4d48d083d93dd3d584fbd7319956c853a
include/elit21/terminal/CommandLine.h,🟦,72,domain-aware-interface,interface reliée à un adaptateur du moteur métier partagé,309,aebe0ceb1fe6b3e32f99048052e81810391028569c653613650968d2b289bed3
include/elit21/terminal/CommandParser.h,🟦,72,domain-aware-interface,interface reliée à un adaptateur du moteur métier partagé,313,9d08707b21fb3b69a0fe982aa0597babc5e78c197de36f29f02d1b52980fc266
include/elit21/terminal/CommandRegistry.h,🟦,72,domain-aware-interface,interface reliée à un adaptateur du moteur métier partagé,317,b52607c358fbcf49bc6fd273b6713ccc21d8aa8c6b68afd46ad7e1cc11dbc943
include/elit21/terminal/commands/ApproveCommand.h,🟦,72,domain-aware-interface,interface reliée à un adaptateur du moteur métier partagé,335,b64e3b5cd2467541c437caf31488d78d8d49911de1d0ab8aec4df4389b747864
include/elit21/terminal/commands/BackupCommand.h,🟦,72,domain-aware-interface,interface reliée à un adaptateur du moteur métier partagé,333,2bf0c41b9ce7c3282385a8d4f46a10310b92914dcc6e41863e3d75015d43e492
include/elit21/terminal/commands/CatalogCommand.h,🟦,72,domain-aware-interface,interface reliée à un adaptateur du moteur métier partagé,335,cdbf49ee48fdc99eac4e68a1e5462d53c81764837a0e7507808569f0d1d6cb88
include/elit21/terminal/commands/ConfigCommand.h,🟦,72,domain-aware-interface,interface reliée à un adaptateur du moteur métier partagé,333,95c4241a640ac358b4d105f5427d06a828234c883ccb8f7630166018b09eb331
include/elit21/terminal/commands/DiagnosticsCommand.h,🟦,72,domain-aware-interface,interface reliée à un adaptateur du moteur métier partagé,343,b1c1e8c33058f94e34299e8f467232cda7493963f16a56a43d352395961ef6ce
include/elit21/terminal/commands/FulfillmentCommand.h,🟦,72,domain-aware-interface,interface reliée à un adaptateur du moteur métier partagé,343,4769a0f81de5a3cc09be68700c7fd5f3654fb630970e0b86cf9d8e14f8bd0cff
include/elit21/terminal/commands/HealthCommand.h,🟦,72,domain-aware-interface,interface reliée à un adaptateur du moteur métier partagé,333,56a297cd64669b953bbeadd9d221db5fb57171f8fc019100a19d1bf369a17a80
include/elit21/terminal/commands/HelpCommand.h,🟦,72,domain-aware-interface,interface reliée à un adaptateur du moteur métier partagé,329,1651b59922fb894659ffda745fe61160e208b0ff08a32c1fda80f7e6543d48e9
include/elit21/terminal/commands/InventoryCommand.h,🟦,72,domain-aware-interface,interface reliée à un adaptateur du moteur métier partagé,339,c43c53ada1cf60a6eebf04bdf372b4332dd64aafcc79be529b746a5338425ae6
include/elit21/terminal/commands/OrderCommand.h,🟦,72,domain-aware-interface,interface reliée à un adaptateur du moteur métier partagé,331,0cb6d7483f585315ca9b6ab5143494506b401d5f2c96992996ee3bade7ec5e84
include/elit21/terminal/commands/PauseCommand.h,🟦,72,domain-aware-interface,interface reliée à un adaptateur du moteur métier partagé,331,ae935cec508778f4a7a93be6c26fcdf7a88303a280d83b2d2d401bafc0b9b36b
include/elit21/terminal/commands/PricingCommand.h,🟦,72,domain-aware-interface,interface reliée à un adaptateur du moteur métier partagé,335,49f05d6f9a160b723a43811905636e293e02ce1b6715fb9cc2a73569906f1c98
include/elit21/terminal/commands/RejectCommand.h,🟦,72,domain-aware-interface,interface reliée à un adaptateur du moteur métier partagé,333,fc89a5a301e8d6ffbf21f402a8fee641ee9051ee29c4e615854a5c7962116f34
include/elit21/terminal/commands/ReportCommand.h,🟦,72,domain-aware-interface,interface reliée à un adaptateur du moteur métier partagé,333,5cd1134a73a59fd9086f01b60721adf763301f60c4c1483c802b15a17258438a
include/elit21/terminal/commands/ResumeCommand.h,🟦,72,domain-aware-interface,interface reliée à un adaptateur du moteur métier partagé,333,d01bed607fe9fff56036a37b312830c5b96a72ce592f0f0a4e90c5e9a70eb487
include/elit21/terminal/commands/SourcingCommand.h,🟦,72,domain-aware-interface,interface reliée à un adaptateur du moteur métier partagé,337,7f2fae2cdd709da92fcf626047ca6d056ca41ace4607ff93aa79019a758a3bf1
include/elit21/terminal/commands/StartCommand.h,🟦,72,domain-aware-interface,interface reliée à un adaptateur du moteur métier partagé,331,61fb20db47464b44527fc428f943ce21a4b4d8310181ca0c3f3c589b843052b8
include/elit21/terminal/commands/StatusCommand.h,🟦,72,domain-aware-interface,interface reliée à un adaptateur du moteur métier partagé,333,1d8e88f1b1755293be1b377c5746a37f2d0d38405819952f02346f7742a1bd69
include/elit21/terminal/commands/StopCommand.h,🟦,72,domain-aware-interface,interface reliée à un adaptateur du moteur métier partagé,329,3bfe1027edd1062ac2608ce219ec4225174bc0bda258295a9cc3196845ad206c
include/elit21/terminal/commands/SyncCommand.h,🟦,72,domain-aware-interface,interface reliée à un adaptateur du moteur métier partagé,329,93f6ab4862f2fb866c20b7e769e2270030dc78b7ef3a042252843fbc3dd4b000
include/elit21/terminal/ConsoleInput.h,🟦,72,domain-aware-interface,interface reliée à un adaptateur du moteur métier partagé,311,c04bb2b3c9ff1f9f23e73c104af8abeaba28e8f26258b67580a6f381393d748e
include/elit21/terminal/ConsoleOutput.h,🟦,72,domain-aware-interface,interface reliée à un adaptateur du moteur métier partagé,313,56a240b1d57a158bb9f978a352a036f9f80e3ed191d156ceef434c2e4c6ede8f
include/elit21/terminal/Dashboard.h,✅,90,dedicated-interface,interface reliée à une implémentation C++ dédiée,717,90eb7486eb7ff16d0cd48d7dcd4be91a9ed5c802529e0fd3e867e830d063f230
include/elit21/terminal/DashboardController.h,🟦,72,domain-aware-interface,interface reliée à un adaptateur du moteur métier partagé,325,911682af3879e53e1030142a07f57ef9ad8e20eae6b3d076cef9d351349b4626
include/elit21/terminal/FixedPositionRenderer.h,🟦,72,domain-aware-interface,interface reliée à un adaptateur du moteur métier partagé,329,d10851fdeec13d9cd51edc6efc2f545614305a089066a07c81ee9024f8f2ec81
include/elit21/terminal/KeyboardHandler.h,🟦,72,domain-aware-interface,interface reliée à un adaptateur du moteur métier partagé,317,09ed2f06f96285b08d5e7bd2f7d887b25f283db64042a54a3868f1d70454811a
include/elit21/terminal/Layout.h,🟦,72,domain-aware-interface,interface reliée à un adaptateur du moteur métier partagé,299,d51bc4bff4fccfa1bfc13149f305f18001fa806abe74a1bbdce977189f9f249d
include/elit21/terminal/panels/AlertsPanel.h,🟦,72,domain-aware-interface,interface reliée à un adaptateur du moteur métier partagé,325,f3bdcc947a428e3b267fae8d7f7e1e707d00d28f410a90923b3963c772e2140d
include/elit21/terminal/panels/AliExpressPanel.h,🟦,72,domain-aware-interface,interface reliée à un adaptateur du moteur métier partagé,333,2611d7a29957f2478dcaebda47d131a2941e0ea34cad77a0aebb2dee6dda547d
include/elit21/terminal/panels/AutomationPanel.h,🟦,72,domain-aware-interface,interface reliée à un adaptateur du moteur métier partagé,333,6292807e1e1f0aa746ab2e6786b4047d1e2a2b0f64cfe408fa51173a220f6a28
include/elit21/terminal/panels/CatalogPanel.h,🟦,72,domain-aware-interface,interface reliée à un adaptateur du moteur métier partagé,327,1e8026bdbb84f034b3cbd706cffb67f9d3d5d8281f7d4006237fb950572b7df3
include/elit21/terminal/panels/CustomerPanel.h,🟦,72,domain-aware-interface,interface reliée à un adaptateur du moteur métier partagé,329,97a55952966c0bb7e0a250555fb7e25713fd5f6bb892fef81f0d259db3b05a37
include/elit21/terminal/panels/FinancialPanel.h,🟦,72,domain-aware-interface,interface reliée à un adaptateur du moteur métier partagé,331,6e467eb75ba1f3f9711ad1f29acdae525583685d79c768d0c91b9d7a93d45d98
include/elit21/terminal/panels/FulfillmentPanel.h,🟦,72,domain-aware-interface,interface reliée à un adaptateur du moteur métier partagé,335,081b00639ad928556aa48a6fa877b5c5028e51be55eb1c1878bdd17124cddf13
include/elit21/terminal/panels/HealthPanel.h,🟦,72,domain-aware-interface,interface reliée à un adaptateur du moteur métier partagé,325,3dd1a0f46e724ff80336cf8a04d94e115d0866d66652b00e0f6d6d14f0f6d66d
include/elit21/terminal/panels/InventoryPanel.h,🟦,72,domain-aware-interface,interface reliée à un adaptateur du moteur métier partagé,331,b8f9608b45b323c796c9d1230e0330cfb7ef8e8e8447e14b51c4b1d43bd445e8
include/elit21/terminal/panels/LogPanel.h,🟦,72,domain-aware-interface,interface reliée à un adaptateur du moteur métier partagé,319,330e558b83db9a014132d4ef92bc3c09a89bfe5e778495184f16717cd5b78fdf
include/elit21/terminal/panels/OrderPanel.h,🟦,72,domain-aware-interface,interface reliée à un adaptateur du moteur métier partagé,323,cb97237a5ced68a30e6a69c11dfa70cd613a254e9c2a0ee690dbdfd6e624590b
include/elit21/terminal/panels/ShopifyPanel.h,🟦,72,domain-aware-interface,interface reliée à un adaptateur du moteur métier partagé,327,7b06a97ff0713f8baf90670424e85c4a599260f4eac06b28d9b347cb84784df0
include/elit21/terminal/panels/SourcingPanel.h,🟦,72,domain-aware-interface,interface reliée à un adaptateur du moteur métier partagé,329,b13dc9f32e43669ea70cbb6bc3672981e03d57c0d78dfa7d80a7ef271a24e382
include/elit21/terminal/panels/StatusPanel.h,🟦,72,domain-aware-interface,interface reliée à un adaptateur du moteur métier partagé,325,55473423c7c43ad066bc785fb20b1772e7d82d1920dc36a7ba2155d425322b29
include/elit21/terminal/panels/SystemPanel.h,🟦,72,domain-aware-interface,interface reliée à un adaptateur du moteur métier partagé,325,6b922096e19ca10d8fddef0b5c444c8b753373bf18de6bc86509011aba7ee900
include/elit21/terminal/ProgressBar.h,🟦,72,domain-aware-interface,interface reliée à un adaptateur du moteur métier partagé,309,98520b5cd39e3079ef49f649c77df31b2d03b6302fedfa0808b97f547819ca47
include/elit21/terminal/ScreenBuffer.h,🟦,72,domain-aware-interface,interface reliée à un adaptateur du moteur métier partagé,311,11f437cfa5ce8661841e215ba3da12302b8b9b51e582617ccf6edc1e0aa16867
include/elit21/terminal/StatusCounter.h,🟦,72,domain-aware-interface,interface reliée à un adaptateur du moteur métier partagé,313,16572a1bc89e6a226ed381a633e0c12a306a3fe243d55e54e110da971fa8d133
include/elit21/terminal/TableRenderer.h,🟦,72,domain-aware-interface,interface reliée à un adaptateur du moteur métier partagé,313,1563e88d49ad423b5977cec0a8a543396d1741a35f19aba7627b039d761f8b52
include/elit21/terminal/TerminalApplication.h,🟦,72,domain-aware-interface,interface reliée à un adaptateur du moteur métier partagé,325,a2e1181ce943ef8f7c35594859280a12235b8a86c372537b9beb31c86c07ce34
include/elit21/terminal/TerminalColor.h,🟦,72,domain-aware-interface,interface reliée à un adaptateur du moteur métier partagé,313,ccfdbd25020fc5352248e42436a3d1ff74544e4f46b15f6986daaeda5d8cdc06
include/elit21/terminal/TerminalCommand.h,🟦,72,domain-aware-interface,interface reliée à un adaptateur du moteur métier partagé,317,b60fa8522a4af4b4417d961a2d2e6919c5b6668903f597c3cea0316e71a4be3c
include/elit21/terminal/TerminalDimensions.h,🟦,72,domain-aware-interface,interface reliée à un adaptateur du moteur métier partagé,323,67cefceef8beb09f1202c8b940730107888de0cece8a3c6768e6a141dfa86d26
include/elit21/terminal/TerminalEvent.h,🟦,72,domain-aware-interface,interface reliée à un adaptateur du moteur métier partagé,313,f341dc2d2c9d11feaa0627b18d3dd908be941d2380886bab36fa7ebdbf21fdb5
include/elit21/terminal/TerminalPanel.h,🟦,72,domain-aware-interface,interface reliée à un adaptateur du moteur métier partagé,313,4b037b2b16c860dcb423101fb4b6c7afbaa5de23e9734d7259a15e62af2777d9
include/elit21/terminal/TerminalRenderer.h,🟦,72,domain-aware-interface,interface reliée à un adaptateur du moteur métier partagé,319,57c7a2234f89f7cf43ad05a1c896694719848303036ee02eed7b0bbfa453ec4b
include/elit21/terminal/UnicodeSanitizer.h,🟦,72,domain-aware-interface,interface reliée à un adaptateur du moteur métier partagé,319,5592d6efffc194773fb38585dfdd5d8769a8afd7bd09f2e2a7e860e8466870f5
include/elit21/util/StringUtil.h,✅,90,dedicated-interface,interface reliée à une implémentation C++ dédiée,559,e8df041b62fef0f0231e88731b7c863a1d92a7840688b34ae2627d032f473a66
include/elit21/util/TimeUtil.h,✅,90,dedicated-interface,interface reliée à une implémentation C++ dédiée,243,902995010e360b08a787edf170d382de906671cf94f656f3eab8c358c88987af
include/elit21/workflow/Activity.h,🟦,72,domain-aware-interface,interface reliée à un adaptateur du moteur métier partagé,303,8bc6371ed5d84a4b5e196f79526588af370908efa74d65209677ac4360dcfd94
include/elit21/workflow/ActivityContext.h,🟦,72,domain-aware-interface,interface reliée à un adaptateur du moteur métier partagé,317,13291d0afbd1ed962eb14c585c2c092618718719e968b961710b3738af49d6cd
include/elit21/workflow/ActivityResult.h,🟦,72,domain-aware-interface,interface reliée à un adaptateur du moteur métier partagé,315,055ac4a45d9c1cf32a3a508ff973e6036d1f5e9c292787dcd150ae60ffdfbc97
include/elit21/workflow/CompensationAction.h,🟦,72,domain-aware-interface,interface reliée à un adaptateur du moteur métier partagé,323,c4dd03c92d5e4f887424fac87ae9d7f774c0da49099e30a97afc6fd715dba0fe
include/elit21/workflow/Saga.h,🟦,72,domain-aware-interface,interface reliée à un adaptateur du moteur métier partagé,295,7020d4f555bf2baa5c8d2d82b961910c17a6481aa5ca8c466811619f602fd57b
include/elit21/workflow/SagaCoordinator.h,🟦,72,domain-aware-interface,interface reliée à un adaptateur du moteur métier partagé,317,925c032c935fde93c831feaa28b47ff863559f8cfd9bf3b8b8e9822944abc5a7
include/elit21/workflow/StateMachine.h,🟦,72,domain-aware-interface,interface reliée à un adaptateur du moteur métier partagé,311,7e962bc8142b96dcae2a767763790fe16bb9324115c99943b8d6c301b8eca1d3
include/elit21/workflow/StateTransition.h,🟦,72,domain-aware-interface,interface reliée à un adaptateur du moteur métier partagé,317,107a267613e1ce3d73d940d2b3395d5322bb42c93d71a5c611cf27a96c41d741
include/elit21/workflow/Workflow.h,🟦,72,domain-aware-interface,interface reliée à un adaptateur du moteur métier partagé,303,21691d0b709c9c46cbfc494dc04418a1d3a1b5f13729e9481a3760668d706239
include/elit21/workflow/WorkflowCheckpoint.h,🟦,72,domain-aware-interface,interface reliée à un adaptateur du moteur métier partagé,323,70bfa0d61eb849ace40451acbcde9963449b5eb839ba5619321619251cbda313
include/elit21/workflow/WorkflowContext.h,🟦,72,domain-aware-interface,interface reliée à un adaptateur du moteur métier partagé,317,3870b6734dc8d059821639f6210b95f7407f1cad0b8857d49a30d8bd9cfb69e7
include/elit21/workflow/WorkflowDefinition.h,🟦,72,domain-aware-interface,interface reliée à un adaptateur du moteur métier partagé,323,154fe6620830c7c3d0f1ac7272867ff11eeba74a5fe25236fa8df8fefeb058f6
include/elit21/workflow/WorkflowEngine.h,🟦,72,domain-aware-interface,interface reliée à un adaptateur du moteur métier partagé,315,53c8d377fa8a37024e7bc7074892592eb82c34a593c8e0fad59347de01cc546a
include/elit21/workflow/WorkflowInstance.h,🟦,72,domain-aware-interface,interface reliée à un adaptateur du moteur métier partagé,319,c41eea45efc424ddb71cc5097039652863f22f4e6e2df83fbaf2c632c1418111
include/elit21/workflow/WorkflowRepository.h,🟦,72,domain-aware-interface,interface reliée à un adaptateur du moteur métier partagé,323,72616cb554582447028fb4864ad26e525736ffbca0ed4723f150661e09b9b57f
include/elit21/workflow/WorkflowScheduler.h,🟦,72,domain-aware-interface,interface reliée à un adaptateur du moteur métier partagé,321,ebd20d05761ad614cac5c607e6845b174823e7538551588e012ae438d196ede6
include/elit21/workflow/WorkflowState.h,🟦,72,domain-aware-interface,interface reliée à un adaptateur du moteur métier partagé,313,9ac7ede8c038c48373e98f58845f909129dc6dd6cce04fce126f277eb88ef8c3
LICENSE.txt,⚙️✅,88,resource,ressource ou politique chargée par le runtime,255,9ff7807bdf54f363961ba48163824937fbc381a071482d509c3172c0a87c0597
logs/.gitkeep,💤,100,runtime-placeholder,dossier runtime conservé sans donnée générée,44,5f3cf706e3945803c222f0e93f25dbe9f3e2f759712d9d09a7ca2884399f4744
migrations/0001_initial_schema.sql,🗄️✅,94,database-migration,migration SQLite versionnée appliquée et testée,376,fecee4e1ee3485eb25b8e256e881cf0a4177945c5f95890210052993fae7a69e
migrations/0002_credentials.sql,🗄️✅,94,database-migration,migration SQLite versionnée appliquée et testée,458,9059bcaa131237bcb084f19225db1aa8407142793358e8405e73094dcc516def
migrations/0003_products.sql,🗄️✅,94,database-migration,migration SQLite versionnée appliquée et testée,767,27b434e32a81a7b008fb28c63df5c0278962c80f9e3732f3bc867e60cf05811c
migrations/0004_product_variants.sql,🗄️✅,94,database-migration,migration SQLite versionnée appliquée et testée,797,5b9039a18a4bfb3b8a2a0dc4e7b3d6c32982f609e60625438599c51c41aac9c0
migrations/0005_product_mappings.sql,🗄️✅,94,database-migration,migration SQLite versionnée appliquée et testée,506,b8bef40d00195a98fda65e3595cd8a1d10619b612cb26df706e7c4050f3a7a36
migrations/0006_inventory.sql,🗄️✅,94,database-migration,migration SQLite versionnée appliquée et testée,516,4e41e28db0e6bb01f74f2a73e79aa8d754f3f60ab40852bb3ac241a04ca76227
migrations/0007_customers.sql,🗄️✅,94,database-migration,migration SQLite versionnée appliquée et testée,421,0bbbc6309da02d8446b8bce2fc30b0f3e37031b19f37dc65bea703ed486d7066
migrations/0008_orders.sql,🗄️✅,94,database-migration,migration SQLite versionnée appliquée et testée,692,2472cedb50c20db9bc3af7087d88b4f5985a047bb08953cbcf887a6fe9a21a7a
migrations/0009_order_lines.sql,🗄️✅,94,database-migration,migration SQLite versionnée appliquée et testée,538,a50fdfbd02d75b2c8b6dd0c1fea90590fcfeb3dda64e615c3b3af32bfcd8def2
migrations/0010_supplier_orders.sql,🗄️✅,94,database-migration,migration SQLite versionnée appliquée et testée,493,86bdbbff091fd41840091eff74ebf257ee3b3ea63eefb47d5530468a6701b04b
migrations/0011_shipments.sql,🗄️✅,94,database-migration,migration SQLite versionnée appliquée et testée,522,7508bb088d64028954023ecaeb801dae070c01df3e6d8c1b628cc11f389bcc47
migrations/0012_tracking_events.sql,🗄️✅,94,database-migration,migration SQLite versionnée appliquée et testée,357,58ef7906c2e85976143a0827dc2d2bbb388024e3f7db8a10f63deec384a2c954
migrations/0013_refunds.sql,🗄️✅,94,database-migration,migration SQLite versionnée appliquée et testée,419,358ac13574a7f78e5bef525c8d663acf99635b690f52a3391cf8beffa458b4da
migrations/0014_returns.sql,🗄️✅,94,database-migration,migration SQLite versionnée appliquée et testée,371,27cd1c9c798ede4e7c35683e33346037d0a8bb7c3cbe5fb74bbcdb9c798d317a
migrations/0015_workflows.sql,🗄️✅,94,database-migration,migration SQLite versionnée appliquée et testée,458,37da1dc905e6ebe825e2367a9868bfb1d0b326f308ca5ea06be2cc329cffd5c8
migrations/0016_tasks.sql,🗄️✅,94,database-migration,migration SQLite versionnée appliquée et testée,569,fe7b2f1b475cdfe84b2b1c6c81256a3e188f7c04244c732da30ac50ae05ad9af
migrations/0017_webhooks.sql,🗄️✅,94,database-migration,migration SQLite versionnée appliquée et testée,424,de8e39fd3c02160652d77372b308877f9c608297fedc17517e9ee5ce850caebd
migrations/0018_outbox.sql,🗄️✅,94,database-migration,migration SQLite versionnée appliquée et testée,389,5278f251ea0cd3cb03832d6d4fe9206fef84edcb1aeb5960b7972efa58eeed6c
migrations/0019_inbox.sql,🗄️✅,94,database-migration,migration SQLite versionnée appliquée et testée,244,7f271d38429b2c5972a125cdd8323055ada7e0252d92cff40999afeacf4cdc79
migrations/001_initial.sql,🗄️✅,94,database-migration,migration SQLite versionnée appliquée et testée,4321,3171dc1822d2f7318e812031b1359b491b61f87cb6ee3381bdaa23ecd4d42841
migrations/0020_dead_letters.sql,🗄️✅,94,database-migration,migration SQLite versionnée appliquée et testée,402,45c75625c03ad48586e5d650983151ea29abec615afabb79b9aa9069b68ce97e
migrations/0021_audit_log.sql,🗄️✅,94,database-migration,migration SQLite versionnée appliquée et testée,360,e95b376fee3e8e735866af445b9519273fbf8a425463ff73e15eea243de640a4
migrations/0022_metrics.sql,🗄️✅,94,database-migration,migration SQLite versionnée appliquée et testée,156,4c33229f59b4085b80029646e36fdc46a4af279f2fecb152920b9120fd619b99
migrations/0023_incidents.sql,🗄️✅,94,database-migration,migration SQLite versionnée appliquée et testée,305,6d852b5483ab3bfd3c271f77d3603e9c1523b3cc0634752fa7c5c586884cf716
migrations/0024_financial_ledger.sql,🗄️✅,94,database-migration,migration SQLite versionnée appliquée et testée,375,f790b55d8d681adcc3df56163a3511652ca0181c4cb921ecaf32ab2ce29ccd84
migrations/0025_reports.sql,🗄️✅,94,database-migration,migration SQLite versionnée appliquée et testée,257,4901299539059f66a1d4de66eb7cc78288fb95854ee75af515d1e7c1b5784f85
migrations/0026_customer_messages.sql,🗄️✅,94,database-migration,migration SQLite versionnée appliquée et testée,443,c2979e2f4e5fbd029027af315dfd7f5207a8ddfc88b742cdc33bae1ba0fbf6f7
migrations/0027_supplier_scores.sql,🗄️✅,94,database-migration,migration SQLite versionnée appliquée et testée,415,26ae8c316b9fa00d7523bc28f00d1712d6c3fac2966f083b0544d071cf408ab4
migrations/0028_product_scores.sql,🗄️✅,94,database-migration,migration SQLite versionnée appliquée et testée,452,51e5b117a087af1f33940725559cb30fa404d8716f943958e0aeff99b23b486c
migrations/0029_price_history.sql,🗄️✅,94,database-migration,migration SQLite versionnée appliquée et testée,504,10416dbdd7d6986239187d9301c85f691653b353fb90538caa9981aeb6ed387e
migrations/0030_inventory_history.sql,🗄️✅,94,database-migration,migration SQLite versionnée appliquée et testée,421,b120a2d9ff92bbff55e9f89f9da80b3197ceebaf47fb1b5cf73af35ca3bde8f8
migrations/0031_schema_version.sql,🗄️✅,94,database-migration,migration SQLite versionnée appliquée et testée,541,6dadc4ed37140ee35ea65f1e1d27fdd676a5f6dc4ba75243270c5dbe75bf274a
migrations/0032_task_deduplication.sql,🗄️✅,94,database-migration,migration SQLite versionnée appliquée et testée,270,c595d1ab7f22c1e64a308f11a750cd4efd7c8cfd97063670bb2675ee006c1688
packaging/linux/elit21-shop-manager.service,🛠️✅,92,build-tooling,"construction, script ou emballage validé par compilation Release",296,fe4f7acb111795ec22a5bc4a8713b4d0d8a391927a17d258b963515f2d363c75
packaging/portable/README.md,📘,90,documentation,documentation maintenue; ne remplace pas une validation API réelle,132,b953c2a851f52b11bf36dba74e639c1d73a8cffff74bcd97f66a358741651ed2
packaging/windows/application.rc,🛠️✅,92,build-tooling,"construction, script ou emballage validé par compilation Release",239,9b85c2acc449f4760dfc25321d8a4bc12bc358bb5a131cfd04eaf9d7dfd3ebf7
packaging/windows/installer_manifest.txt,🛠️✅,92,build-tooling,"construction, script ou emballage validé par compilation Release",65,fa7d72a1a13f964b1fb2c3219c86fd1c63ec15561bfcfb3778da47512761683a
PROJECT_DEEP_ANALYSIS_V3.md,📊✅,92,project-report,rapport ou manifeste généré et cohérent avec la version 3,2557,GENERATED-REPORT-SEE-PROJECT_MANIFEST_SHA256
PROJECT_FILE_STATUS_V3.csv,📊✅,92,project-report,rapport ou manifeste généré et cohérent avec la version 3,190842,GENERATED-REPORT-SEE-PROJECT_MANIFEST_SHA256
PROJECT_MANIFEST.txt,📊✅,92,project-report,rapport ou manifeste généré et cohérent avec la version 3,152411,GENERATED-REPORT-SEE-PROJECT_MANIFEST_SHA256
PROJECT_MANIFEST_SHA256.txt,📊✅,92,project-report,rapport ou manifeste généré et cohérent avec la version 3,211512,GENERATED-REPORT-SEE-PROJECT_MANIFEST_SHA256
PROJECT_MANIFEST_SHA256_V3.txt,📊✅,92,project-report,rapport ou manifeste généré et cohérent avec la version 3,211512,GENERATED-REPORT-SEE-PROJECT_MANIFEST_SHA256
PROJECT_STATUS.json,📊✅,92,project-report,rapport ou manifeste généré et cohérent avec la version 3,2339,GENERATED-REPORT-SEE-PROJECT_MANIFEST_SHA256
PROJECT_STATUS_V3.json,📊✅,92,project-report,rapport ou manifeste généré et cohérent avec la version 3,2339,GENERATED-REPORT-SEE-PROJECT_MANIFEST_SHA256
PROJECT_TREE_CMD_EMOJI_V3.txt,📊✅,92,project-report,rapport ou manifeste généré et cohérent avec la version 3,271693,GENERATED-REPORT-SEE-PROJECT_MANIFEST_SHA256
PROJECT_TREE_EMOJI.txt,📊✅,92,project-report,rapport ou manifeste généré et cohérent avec la version 3,271693,GENERATED-REPORT-SEE-PROJECT_MANIFEST_SHA256
README.md,📘,90,documentation,documentation maintenue; ne remplace pas une validation API réelle,4881,83c09ab768c788067b419c062ea18f24019e1860af09ff5b7602e722bfd60d7d
resources/carrier_mappings.json,⚙️✅,88,resource,ressource ou politique chargée par le runtime,186,c4a24a7801648f67a28d910efe45cd7e83beae4cac7aed0b4214af93ed707587
resources/certificates/README.md,📘,90,documentation,documentation maintenue; ne remplace pas une validation API réelle,106,69f5fd111f89601c61252c90c306fc2190af53c2452b798451a722c16a5364ea
resources/mappings/carrier_mappings.json,⚙️✅,88,resource,ressource ou politique chargée par le runtime,116,9df7f2de8aff7cda9777265b19aff2a86449b27f9e25c5dd1c1ded261c2ff5a8
resources/mappings/category_mappings.json,⚙️✅,88,resource,ressource ou politique chargée par le runtime,58,1b045e3b9c2ddca6a550ebc2224ec28911aaa64e18b020f69ce3c9956c9b3280
resources/mappings/country_codes.json,⚙️✅,88,resource,ressource ou politique chargée par le runtime,21,27e601cd2cb272863bdde745a39de96290b7e6a081e1741352cd86340de367ca
resources/mappings/currency_codes.json,⚙️✅,88,resource,ressource ou politique chargée par le runtime,31,6446ef75de71ecd76d6dcf005a78938b62316f44ac8f0a0c266fa6c45b4a4605
resources/mappings/language_codes.json,⚙️✅,88,resource,ressource ou politique chargée par le runtime,60,30ae4b0b32cc76e5cd0bdc2fd5d8faee292bcb819b74ae7ba44983b586650520
resources/mappings/province_codes.json,⚙️✅,88,resource,ressource ou politique chargée par le runtime,87,0f5f7f59d2f92a46be8b922c1b27b4b233892efaef9ff7196c51b81cb737caa1
resources/mappings/shipping_status_mappings.json,⚙️✅,88,resource,ressource ou politique chargée par le runtime,109,f7f1261dfd7c27c9b7c671970c1dc51574bd92b23942ef39eea2e8b925e0cff5
resources/mappings/shopify_aliexpress_statuses.json,⚙️✅,88,resource,ressource ou politique chargée par le runtime,105,a16e38cf61c5ca73cd516e8664bf02b929987e2d5385424fc97d2d0e6eb722a0
resources/messages_fr.json,⚙️✅,88,resource,ressource ou politique chargée par le runtime,334,b84de559b46844cdd0f4d5ca6e834484429cd4fa0548e1ddd03467cd0b887020
resources/policies/canada_product_restrictions.json,⚙️✅,88,resource,ressource ou politique chargée par le runtime,175,22995df5881e9158384c6808f705dc3525cac31e1b67ea65a4e9145e82129ddf
resources/policies/pricing_policy.json,⚙️✅,88,resource,ressource ou politique chargée par le runtime,208,dad167a0ae64c7ca2e2800864bf6038eee552e7df048f24b0f37fa879160e112
resources/policies/prohibited_keywords.json,⚙️✅,88,resource,ressource ou politique chargée par le runtime,103,ab7392e01161c3a3737669026802c03518e89c64beafb90353a8d9c5e2feb00b
resources/policies/refund_policy.json,⚙️✅,88,resource,ressource ou politique chargée par le runtime,94,1dcf2c0802b68d283a7ea717666f9330c8cdf380d80680220d64be35f8c94268
resources/policies/return_policy.json,⚙️✅,88,resource,ressource ou politique chargée par le runtime,74,ceb3a584638c97825c3ceed41839517ec831a27fa0e79f86a772f138ce785132
resources/policies/risk_policy.json,⚙️✅,88,resource,ressource ou politique chargée par le runtime,107,2a26d21a14e0aa04ac9a54464fe4459f3e71041a6b7db443a40b28baf284c612
resources/policies/sourcing_policy.json,⚙️✅,88,resource,ressource ou politique chargée par le runtime,169,bd6416f09a9cb118f81329331c3d6b00aeb285be635c6c5c60ff5c4fd09661ca
resources/prohibited_keywords.txt,⚙️✅,88,resource,ressource ou politique chargée par le runtime,87,d27713ee371e2d22fd47295eda0169a5f3319a3c28df3f21b52561992c11e53a
resources/templates/customer_messages/README.md,📘,90,documentation,documentation maintenue; ne remplace pas une validation API réelle,37,913500907ea56892db95de3af999a5126f432468ffc923770dc452c8515e7516
resources/templates/notifications/README.md,📘,90,documentation,documentation maintenue; ne remplace pas une validation API réelle,33,16d34760c6c4fdc1340465a0027fc2c879e7a6c7ded67a950150dd6abcfd1329
resources/templates/product_descriptions/README.md,📘,90,documentation,documentation maintenue; ne remplace pas une validation API réelle,40,b514c7b69361e36fcb47d23291e9db5a33a685817ad49bbf49de021b8d878c05
resources/templates/reports/README.md,📘,90,documentation,documentation maintenue; ne remplace pas une validation API réelle,27,bbee8aa19255facbef3014273a3ec6ead211511b73b9f0d214f4d01568be9a64
resources/terminal/banner.txt,⚙️✅,88,resource,ressource ou politique chargée par le runtime,54,8bf3aedc20b5691369bc8f75f6452b94c139fdc87f546889c944a953417aec2d
resources/terminal/commands.txt,⚙️✅,88,resource,ressource ou politique chargée par le runtime,133,6e776a14430730712726355814790a47b5f4527ef8a75c06cc6c55c2f3cda1c0
resources/terminal/help.txt,⚙️✅,88,resource,ressource ou politique chargée par le runtime,134,0fc2cf7746eb71bc275cebacff689e1a550227924bbc6a612a58d9f24ced487f
scripts/build_linux.sh,🛠️✅,92,build-tooling,"construction, script ou emballage validé par compilation Release",133,73f03cfa4e10f1ae8a6e575aee4951b4ec1c0e17532c65e505b74373981f431f
scripts/build_msvc.ps1,🛠️✅,92,build-tooling,"construction, script ou emballage validé par compilation Release",124,e05e305efffa5b18084cf1a6312a787a32275c87e0f33fe9a6af318c625f3aeb
scripts/build_msys2.sh,🛠️✅,92,build-tooling,"construction, script ou emballage validé par compilation Release",157,b3fb485f6b74e706d25944b69b4b389dc543f834a8c7fde482db25ae003c256b
scripts/run_demo.bat,🛠️✅,92,build-tooling,"construction, script ou emballage validé par compilation Release",107,67303227fafabdb4c796c556446e99d1be64f70a50172bbdd10ed47a750331c8
SECURITY.md,📘,90,documentation,documentation maintenue; ne remplace pas une validation API réelle,1528,7040ec7311121b67ee729a0b422ca1016cf1e59b7bf2468716be7b142d3be7ec
src/elit21/aliexpress/AliExpressClient.cpp,✅,92,dedicated-implementation,"implémentation C++ métier dédiée, compilée et liée",18549,afd5259e260d077c3b040fa1f57d1c4001b41cb5bfc0d495e8cbccc76e0cd0ad
src/elit21/aliexpress/AliExpressConfig.cpp,🟦,72,domain-aware-adapter,adaptateur compilable utilisant le moteur métier partagé et ses invariants de domaine,644,7731b39faaf05e0dbb43ed3fa52875db1220835cb5de6738a96c4cb003f179d4
src/elit21/aliexpress/AliExpressEndpoints.cpp,✅,92,dedicated-implementation,"implémentation C++ métier dédiée, compilée et liée",170,99c64783b4e3890a37a47bf595879a3909c6858b20fbfbc370e251a4260e11dd
src/elit21/aliexpress/AliExpressError.cpp,🟦,72,domain-aware-adapter,adaptateur compilable utilisant le moteur métier partagé et ses invariants de domaine,639,adcfb8865b7e856425ef2f82970f4233c6ba5bad4a390013a4cce228afd12a26
src/elit21/aliexpress/AliExpressErrorMapper.cpp,🟦,72,domain-aware-adapter,adaptateur compilable utilisant le moteur métier partagé et ses invariants de domaine,672,1dac9e561e1e8721a6634482d418eb4054e613a7b03e76a2b5f1df7be1f96b9b
src/elit21/aliexpress/AliExpressMethodNames.cpp,✅,92,dedicated-implementation,"implémentation C++ métier dédiée, compilée et liée",1907,b69c3fa2dfc95ee33e34a6270e818d4b40210d39159cea05b19e6cb80b1340e8
src/elit21/aliexpress/AliExpressModels.cpp,✅,92,dedicated-implementation,"implémentation C++ métier dédiée, compilée et liée",939,bcf3b427fafd27d435bbdd6563abf1a12014a41c01f79325bd6d5deb91e8a1bc
src/elit21/aliexpress/AliExpressServiceFactory.cpp,🟦,72,domain-aware-adapter,adaptateur compilable utilisant le moteur métier partagé et ses invariants de domaine,678,3064b7ff2e49c5bc614a63cc3eca9475b66c1b53119ac24731548b032aa3bd4b
src/elit21/aliexpress/AliExpressSession.cpp,🟦,72,domain-aware-adapter,adaptateur compilable utilisant le moteur métier partagé et ses invariants de domaine,649,d92af5d485bfb55cdfe4827d9c62d977c195f44fd3b258af50195c02a55e361a
src/elit21/aliexpress/auth/AliExpressAuthorizationUrlBuilder.cpp,✅,92,dedicated-implementation,"implémentation C++ métier dédiée, compilée et liée",526,d8481cbb40274c1489148a8adaac368ee4e9cc2e1f468a41f1f531afe3ada606
src/elit21/aliexpress/auth/AliExpressOAuthClient.cpp,✅,92,dedicated-implementation,"implémentation C++ métier dédiée, compilée et liée",1935,ce55e9c90a4ae3c1634dc5631bcf303b6e38228f53438eb12c320b9136ae5ad5
src/elit21/aliexpress/auth/AliExpressOAuthStateStore.cpp,✅,92,dedicated-implementation,"implémentation C++ métier dédiée, compilée et liée",543,4f7e91c94189eccb45584228abe30cc64c6561941e4e0e0e0b13804ba9d917b6
src/elit21/aliexpress/auth/AliExpressToken.cpp,✅,92,dedicated-implementation,"implémentation C++ métier dédiée, compilée et liée",52,85326ac7114c6643c72093577978f2e15204a0faca9ead631d6c5900ae80db36
src/elit21/aliexpress/auth/AliExpressTokenManager.cpp,✅,92,dedicated-implementation,"implémentation C++ métier dédiée, compilée et liée",605,ce65315ac4de79e366239f1d338e2c70fcf14f962aa63ee34ac015e9e374616b
src/elit21/aliexpress/auth/AliExpressTokenRefreshPolicy.cpp,✅,92,dedicated-implementation,"implémentation C++ métier dédiée, compilée et liée",65,9a747ff221eca846eee1a421521b54afaaa520458ae8d9706f63e7e02a0ffdd2
src/elit21/aliexpress/models/AliExpressCommissionOrder.cpp,✅,92,dedicated-implementation,"implémentation C++ métier dédiée, compilée et liée",64,a6d4e19054f8e3ea9f5e7942e671e73989ce1f11c86d1bb8213e40899f0c8805
src/elit21/aliexpress/models/AliExpressDropshippingMember.cpp,✅,92,dedicated-implementation,"implémentation C++ métier dédiée, compilée et liée",67,859624dd0a124ef0b695810902935cad4d38d9f4f3cf5f7f552fb226c81ef4f7
src/elit21/aliexpress/models/AliExpressFreightQuote.cpp,✅,92,dedicated-implementation,"implémentation C++ métier dédiée, compilée et liée",61,aaa48a582d83ae4fb13c76b118c8fd856a89e2291aebe9cdb27aab04fa3d08c3
src/elit21/aliexpress/models/AliExpressOrder.cpp,✅,92,dedicated-implementation,"implémentation C++ métier dédiée, compilée et liée",54,dd20151eef85a7eb963cb84510d00238b0f469ca3abddfe7392e2bb4e94d409c
src/elit21/aliexpress/models/AliExpressOrderLine.cpp,✅,92,dedicated-implementation,"implémentation C++ métier dédiée, compilée et liée",58,c548bc38ea29eace5d3a1fbe579a703a05f1dc55580d7472aece450309f0a63a
src/elit21/aliexpress/models/AliExpressOrderStatus.cpp,✅,92,dedicated-implementation,"implémentation C++ métier dédiée, compilée et liée",60,8100c6e5cc52ad985cad5d9fb2065b589864fed9948de6ea6b99231f1090b7d6
src/elit21/aliexpress/models/AliExpressProduct.cpp,✅,92,dedicated-implementation,"implémentation C++ métier dédiée, compilée et liée",56,66e9c06424c2603c804afb078246eeca6a816fa3e380a993f3ec5ea724af24e2
src/elit21/aliexpress/models/AliExpressProductDescription.cpp,✅,92,dedicated-implementation,"implémentation C++ métier dédiée, compilée et liée",67,6e9367a099c19426959722ff7ae2e1a8142cbdeefc1d0cb4d2923b48515ddac4
src/elit21/aliexpress/models/AliExpressProductImage.cpp,✅,92,dedicated-implementation,"implémentation C++ métier dédiée, compilée et liée",61,d813cce0e192bc62a9b5dd2cfd35b147caf13a565d3e8aee93632b38693a4c6c
src/elit21/aliexpress/models/AliExpressProductProperty.cpp,✅,92,dedicated-implementation,"implémentation C++ métier dédiée, compilée et liée",64,884893408054cd19c5950a940ffc21a5111f642378223261379cb230fcd2cae9
src/elit21/aliexpress/models/AliExpressProductSku.cpp,✅,92,dedicated-implementation,"implémentation C++ métier dédiée, compilée et liée",59,834aaf4e629784883f48019611d45d9a6fb55446b78c7f742f02d3b63108e9b2
src/elit21/aliexpress/models/AliExpressSeller.cpp,✅,92,dedicated-implementation,"implémentation C++ métier dédiée, compilée et liée",55,8c07607ecf820842187dc7fdf5de57436a991b7d93fa3aa169ee15a2ad5eee93
src/elit21/aliexpress/models/AliExpressShippingMethod.cpp,✅,92,dedicated-implementation,"implémentation C++ métier dédiée, compilée et liée",63,7355b1b58fa1e19966a09167a48eb05deab7d2a9f780b2b35fb1a3086350dd1c
src/elit21/aliexpress/models/AliExpressTrackingEvent.cpp,✅,92,dedicated-implementation,"implémentation C++ métier dédiée, compilée et liée",62,8375229515e28360c434bc0284b25b0125a90835b7b669587f8fdd2abdd46697
src/elit21/aliexpress/requests/CommissionOrderListRequest.cpp,✅,92,dedicated-implementation,"implémentation C++ métier dédiée, compilée et liée",346,23c0cbb561ab02d8b7bbb951b062fd4a2fde6ab9f8a892ec9136c78381a2dbd1
src/elit21/aliexpress/requests/DsAddInfoRequest.cpp,✅,92,dedicated-implementation,"implémentation C++ métier dédiée, compilée et liée",305,e7e0e58573e23f8febb44dabe9a7e108deabed883d6a284e67eda707e30ca9cd
src/elit21/aliexpress/requests/DsImageSearchRequest.cpp,✅,92,dedicated-implementation,"implémentation C++ métier dédiée, compilée et liée",328,37fb511190b682887a7fbc24cc8e9cb5623f70bdf4e25fe79cdf7a7ee743dacf
src/elit21/aliexpress/requests/DsProductGetRequest.cpp,✅,92,dedicated-implementation,"implémentation C++ métier dédiée, compilée et liée",318,2ec09540d6546577b5682dec73a491cdd7893525693621966c2e050d06be6585
src/elit21/aliexpress/requests/DsRecommendFeedGetRequest.cpp,✅,92,dedicated-implementation,"implémentation C++ métier dédiée, compilée et liée",326,18850b30adf5b7326580e8f0ff0e87a967abbd929cf462de90e68e2da3a21210
src/elit21/aliexpress/requests/DsTradeOrderGetRequest.cpp,✅,92,dedicated-implementation,"implémentation C++ métier dédiée, compilée et liée",326,9547c8ea3c7a9ad7474fe1e2259e428f72914eb7f546674436b1c33f12888836
src/elit21/aliexpress/requests/FindProductByIdForDropshipperRequest.cpp,✅,92,dedicated-implementation,"implémentation C++ métier dédiée, compilée et liée",392,87e1e2a7df683afefbf49b59c2606d701f07f7eae5cdaac560fb6789ce891156
src/elit21/aliexpress/requests/FreightCalculateRequest.cpp,✅,92,dedicated-implementation,"implémentation C++ métier dédiée, compilée et liée",379,90d70ad94372ca8e8a6d8dd9f8a1f3636c8d9c3f13805dacbe3f746b824cadee
src/elit21/aliexpress/requests/MemberOrderDataSubmitRequest.cpp,✅,92,dedicated-implementation,"implémentation C++ métier dédiée, compilée et liée",348,35fcd8abff98aa0695e917192a4ebc00485a69cc749d6364d493b5aa865c7568
src/elit21/aliexpress/requests/PlaceOrderRequest.cpp,✅,92,dedicated-implementation,"implémentation C++ métier dédiée, compilée et liée",351,6f4e024a4e252957d4c097b88ba25472b6f7fe5c3deacce685b63e080565a77d
src/elit21/aliexpress/requests/SimpleProductQueryRequest.cpp,✅,92,dedicated-implementation,"implémentation C++ métier dédiée, compilée et liée",344,cf63a0fdda244641da050059bd2deed949d861e25795399ba85acb3a1a530d48
src/elit21/aliexpress/requests/TrackingInfoQueryRequest.cpp,✅,92,dedicated-implementation,"implémentation C++ métier dédiée, compilée et liée",343,e725059486288455aa5c15d366c96bf4657e745dce6eb736019b8520eea4d9b2
src/elit21/aliexpress/requests/TradeDsOrderGetRequest.cpp,✅,92,dedicated-implementation,"implémentation C++ métier dédiée, compilée et liée",336,78265da1a3581ef9275c8bf6dd1be01e0f60e2e16ff83556ca3838a4953260a3
src/elit21/aliexpress/responses/CommissionOrderListResponse.cpp,🟦,72,domain-aware-adapter,adaptateur compilable utilisant le moteur métier partagé et ses invariants de domaine,733,37b2bca36fac8a61b2fe3d339e6b6543164cca7d61125799e7cada447a9113f2
src/elit21/aliexpress/responses/DsAddInfoResponse.cpp,🟦,72,domain-aware-adapter,adaptateur compilable utilisant le moteur métier partagé et ses invariants de domaine,683,ab227700ae588bddf74c51d9682fbf769391e5c31a178cc8df80be45fa916b25
src/elit21/aliexpress/responses/DsImageSearchResponse.cpp,🟦,72,domain-aware-adapter,adaptateur compilable utilisant le moteur métier partagé et ses invariants de domaine,703,797e9076b48db5fdf520823e5970abb2b045548c9eae148d1d4dcfb18ce06630
src/elit21/aliexpress/responses/DsProductGetResponse.cpp,🟦,72,domain-aware-adapter,adaptateur compilable utilisant le moteur métier partagé et ses invariants de domaine,698,5e4885e7765161c2030c6d874818332f4060a96dc97468041e88245be891de2f
src/elit21/aliexpress/responses/DsRecommendFeedGetResponse.cpp,🟦,72,domain-aware-adapter,adaptateur compilable utilisant le moteur métier partagé et ses invariants de domaine,728,8ae47b492c3ee9911445bbf8e9559d716ae15a586f0add456722dfb1afee649a
src/elit21/aliexpress/responses/DsTradeOrderGetResponse.cpp,🟦,72,domain-aware-adapter,adaptateur compilable utilisant le moteur métier partagé et ses invariants de domaine,713,d26ecf188c88a49fd200747957e44f7d57f7d76bf3aa63933ee76fd8151c55a0
src/elit21/aliexpress/responses/FindProductByIdForDropshipperResponse.cpp,🟦,72,domain-aware-adapter,adaptateur compilable utilisant le moteur métier partagé et ses invariants de domaine,783,72ef6bb60c62ba827957d0c77ff40801808bff386c58342b7aded3a6b63acb0c
src/elit21/aliexpress/responses/FreightCalculateResponse.cpp,🟦,72,domain-aware-adapter,adaptateur compilable utilisant le moteur métier partagé et ses invariants de domaine,728,078a1ec879c0b0e76b659dcc5706b680dea9baf5dbc32065f7608293d29d3842
src/elit21/aliexpress/responses/MemberOrderDataSubmitResponse.cpp,🟦,72,domain-aware-adapter,adaptateur compilable utilisant le moteur métier partagé et ses invariants de domaine,753,e9e152a651b527f8d4b44135dfe5c25071315988415d049c3c70caa3f4717066
src/elit21/aliexpress/responses/PlaceOrderResponse.cpp,🟦,72,domain-aware-adapter,adaptateur compilable utilisant le moteur métier partagé et ses invariants de domaine,698,6e1c82e1efd396b4dac2b4e016c216c0df816c86a04e0da13d8a4c19d3c6b3a4
src/elit21/aliexpress/responses/SimpleProductQueryResponse.cpp,🟦,72,domain-aware-adapter,adaptateur compilable utilisant le moteur métier partagé et ses invariants de domaine,728,ef6525651bcad57faa7aff28923755e33a80e0aee3d8f14f7fb8db1cb0b22f07
src/elit21/aliexpress/responses/TrackingInfoQueryResponse.cpp,🟦,72,domain-aware-adapter,adaptateur compilable utilisant le moteur métier partagé et ses invariants de domaine,723,bd9e79f4a0982ed9e7177bb4ac58dac23692beaeeabd025e7bdeee19742c8183
src/elit21/aliexpress/responses/TradeDsOrderGetResponse.cpp,🟦,72,domain-aware-adapter,adaptateur compilable utilisant le moteur métier partagé et ses invariants de domaine,713,f00a4c6a72ff5c8f6c762919b46b10272356eb6eeaf0ef92c5d8396520432072
src/elit21/aliexpress/services/AliExpressCapabilityService.cpp,🟦,72,domain-aware-adapter,adaptateur compilable utilisant le moteur métier partagé et ses invariants de domaine,733,f6c83c060df6d632edaefb121f0c5b12ff6737ed2137b55239cdc09c5245370d
src/elit21/aliexpress/services/AliExpressCatalogService.cpp,🟦,72,domain-aware-adapter,adaptateur compilable utilisant le moteur métier partagé et ses invariants de domaine,718,e7ed3254848cbc3034d8dcd3d48f4b538b6f89774407bb294d875e6e17e30b8b
src/elit21/aliexpress/services/AliExpressCommissionService.cpp,🟦,72,domain-aware-adapter,adaptateur compilable utilisant le moteur métier partagé et ses invariants de domaine,733,1ecb77bded4115629107312012a2d310fd7459e050ee7070437337857319e96a
src/elit21/aliexpress/services/AliExpressFreightService.cpp,🟦,72,domain-aware-adapter,adaptateur compilable utilisant le moteur métier partagé et ses invariants de domaine,718,da2200f0dccb18a053bbfb31156d14aedd3164a775a276ee75f2f2520f0d67e6
src/elit21/aliexpress/services/AliExpressImageSearchService.cpp,🟦,72,domain-aware-adapter,adaptateur compilable utilisant le moteur métier partagé et ses invariants de domaine,734,83d21ba72a4f2c42a2a1b5f5bbf891a421017fa22d41acf961c851b7eac48362
src/elit21/aliexpress/services/AliExpressMemberReportingService.cpp,🟦,72,domain-aware-adapter,adaptateur compilable utilisant le moteur métier partagé et ses invariants de domaine,760,6db6f66bab0f58f98165ae2b74e3bc1c9fe661bb05126c2d9b3bdcbaa360a042
src/elit21/aliexpress/services/AliExpressOrderService.cpp,🟦,72,domain-aware-adapter,adaptateur compilable utilisant le moteur métier partagé et ses invariants de domaine,708,3d3ca9b276383c8d83a1e0fc7a1776af1231603e74e16480b38d75d92fbacef2
src/elit21/aliexpress/services/AliExpressProductService.cpp,🟦,72,domain-aware-adapter,adaptateur compilable utilisant le moteur métier partagé et ses invariants de domaine,718,c2eebb0cdcf0cd2922facd7c55164cd1af3973ca01f6b4d9aec33621876e8034
src/elit21/aliexpress/services/AliExpressRecommendationService.cpp,🟦,72,domain-aware-adapter,adaptateur compilable utilisant le moteur métier partagé et ses invariants de domaine,753,77b6307d35a297f7bc27c1dbd47ccf936b36334b1936d97a2eefed29651a3c2b
src/elit21/aliexpress/services/AliExpressSupplierAccountService.cpp,🟦,72,domain-aware-adapter,adaptateur compilable utilisant le moteur métier partagé et ses invariants de domaine,758,072352009e2a802d228585416240c7a5845da5335d73f8c9ba2bfead095c4f8c
src/elit21/aliexpress/services/AliExpressTrackingService.cpp,🟦,72,domain-aware-adapter,adaptateur compilable utilisant le moteur métier partagé et ses invariants de domaine,723,5e50e039f9ac014ef038c7af9930eb7b16cc2ecc616a3e0f582fbf188adf7764
src/elit21/aliexpress/transport/AliExpressApiTransport.cpp,🟦,72,domain-aware-adapter,adaptateur compilable utilisant le moteur métier partagé et ses invariants de domaine,718,90f1e2a4ce6e13f37f2e28c7c94aeafdda0e1352ec7034d1de24fe8c61b9bbbd
src/elit21/aliexpress/transport/AliExpressIopClient.cpp,🟦,72,domain-aware-adapter,adaptateur compilable utilisant le moteur métier partagé et ses invariants de domaine,703,1098f41fe6bd2cff81d30407e938fe338316b4f3d0342a352bcbe6397fba53fb
src/elit21/aliexpress/transport/AliExpressRateLimiter.cpp,🟦,72,domain-aware-adapter,adaptateur compilable utilisant le moteur métier partagé et ses invariants de domaine,713,34793a0eac23a7651fca6373502d6185e7489ce75849740d9cee21e142372c61
src/elit21/aliexpress/transport/AliExpressRequest.cpp,✅,92,dedicated-implementation,"implémentation C++ métier dédiée, compilée et liée",844,1193b45e7497768138cf64c04d78472b6b27f7eb00db48279bd9506ac6704e23
src/elit21/aliexpress/transport/AliExpressTopClient.cpp,🟦,72,domain-aware-adapter,adaptateur compilable utilisant le moteur métier partagé et ses invariants de domaine,703,d150d2cfbf083814b915b7f2ba5c362d65af5e57ad678aa2942c055bd0295a2f
src/elit21/aliexpress/transport/AliExpressTransportSelector.cpp,🟦,72,domain-aware-adapter,adaptateur compilable utilisant le moteur métier partagé et ses invariants de domaine,743,f89c8875c9f28cd9809eedca720b122be27f890ce2470ca69537e052ea8e7753
src/elit21/aliexpress/transport/IopRequest.cpp,🟦,72,domain-aware-adapter,adaptateur compilable utilisant le moteur métier partagé et ses invariants de domaine,658,b2bf6635b8bae93156efb133dc1c821d5dfb1aea79cf40125f004719725fbb03
src/elit21/aliexpress/transport/IopResponse.cpp,🟦,72,domain-aware-adapter,adaptateur compilable utilisant le moteur métier partagé et ses invariants de domaine,663,53e24afede0537d86f12457ccc2911678a307cb5f1af6e05280e1e9c6a22533f
src/elit21/aliexpress/transport/TopCommonParameters.cpp,✅,92,dedicated-implementation,"implémentation C++ métier dédiée, compilée et liée",341,4ab8e66b585dde119f3faad7811156f2914deef9c2966d34b03568f236583bb6
src/elit21/aliexpress/transport/TopRequest.cpp,🟦,72,domain-aware-adapter,adaptateur compilable utilisant le moteur métier partagé et ses invariants de domaine,658,f1dda56b7ad70584459cd9e386e0dc975c8805cb819cae223c49f03a4580ca90
src/elit21/aliexpress/transport/TopRequestSigner.cpp,✅,92,dedicated-implementation,"implémentation C++ métier dédiée, compilée et liée",491,4db7d7e467f48d0b0651d9c0ca47554cc3e5225ba690e799e4e7caf4605ec4a3
src/elit21/aliexpress/transport/TopResponse.cpp,🟦,72,domain-aware-adapter,adaptateur compilable utilisant le moteur métier partagé et ses invariants de domaine,663,d6dc54d283f5d4e4d9ea2c04daceeafdb02e23820c5f2613afb5bc182a701420
src/elit21/aliexpress/transport/TopResponseParser.cpp,🟦,72,domain-aware-adapter,adaptateur compilable utilisant le moteur métier partagé et ses invariants de domaine,696,e9dcfcc397f34fc938bb2b3c025ceca0df88389dbf5e998bf2c42cedfec2a294
src/elit21/analytics/Analytics.cpp,✅,92,dedicated-implementation,"implémentation C++ métier dédiée, compilée et liée",814,664e5fc84ac9b33f57d6ffb4e8f49723e2be025bf8b9a10e4a57bd7912117b08
src/elit21/analytics/AnalyticsCoordinator.cpp,🟦,72,domain-aware-adapter,adaptateur compilable utilisant le moteur métier partagé et ses invariants de domaine,644,86e35ccd6cbeef7784acd71f8b4eef509cb43ec3cff63c58a135a2fa558a827a
src/elit21/analytics/CatalogAnalytics.cpp,🟦,72,domain-aware-adapter,adaptateur compilable utilisant le moteur métier partagé et ses invariants de domaine,624,ac1395b8fa1f29029760cda425aa96973fb35ace0a40f8b1c64a6ab0b7c38d7c
src/elit21/analytics/ConversionAnalytics.cpp,🟦,72,domain-aware-adapter,adaptateur compilable utilisant le moteur métier partagé et ses invariants de domaine,639,fef00628dd636495e766cb252a0f79ebb1bb3e53f200127fe56a8d5fed7a8e71
src/elit21/analytics/CustomerAnalytics.cpp,🟦,72,domain-aware-adapter,adaptateur compilable utilisant le moteur métier partagé et ses invariants de domaine,629,3b54c4a3be8f9b875d8b44cdd19642acb2645182f1238dd6661d423ad7e276e0
src/elit21/analytics/DashboardSnapshot.cpp,🟦,72,domain-aware-adapter,adaptateur compilable utilisant le moteur métier partagé et ses invariants de domaine,629,ef8b09f64495d8315be19ef6a415fc9d9aa35c056155e4af0b98d79d42db7cbb
src/elit21/analytics/FulfillmentAnalytics.cpp,🟦,72,domain-aware-adapter,adaptateur compilable utilisant le moteur métier partagé et ses invariants de domaine,644,3455188ec9a7090b8e52aaa6184f4cdb5e747ab7c74bbc0adee1d1ac98a7b77c
src/elit21/analytics/InventoryAnalytics.cpp,🟦,72,domain-aware-adapter,adaptateur compilable utilisant le moteur métier partagé et ses invariants de domaine,634,15bf3566f23f5a894f281943a11252d48fb0e00d619b4769d8fb1e516a5c79ad
src/elit21/analytics/MarginAnalytics.cpp,🟦,72,domain-aware-adapter,adaptateur compilable utilisant le moteur métier partagé et ses invariants de domaine,619,9ee27f5bf7e0f635b15e14d95b9a70f8bfd1ed20a947653c2f5c26e050f042f9
src/elit21/analytics/OrderAnalytics.cpp,🟦,72,domain-aware-adapter,adaptateur compilable utilisant le moteur métier partagé et ses invariants de domaine,614,dd7b5fe08f2bd54c1c7f5e4823649902cb9e8f95e52b0c41b1a45d620083d136
src/elit21/analytics/PerformanceIndicator.cpp,🟦,72,domain-aware-adapter,adaptateur compilable utilisant le moteur métier partagé et ses invariants de domaine,654,2763763f69bba84a0978d3c71269db43eb3e0fa5fad05df59d8bb2c09d267c8f
src/elit21/analytics/ProductPerformanceAnalyzer.cpp,🟦,72,domain-aware-adapter,adaptateur compilable utilisant le moteur métier partagé et ses invariants de domaine,674,f96ec8599510ec91c94945c705d5f06922f69db3c53d83bf488829e7efda6f3c
src/elit21/analytics/ProfitabilityAnalytics.cpp,🟦,72,domain-aware-adapter,adaptateur compilable utilisant le moteur métier partagé et ses invariants de domaine,654,4b10240f491806d0f6de7f9394f743289716fd3ab6e49e08ce9c40b0e43ff0f0
src/elit21/analytics/RevenueAnalytics.cpp,🟦,72,domain-aware-adapter,adaptateur compilable utilisant le moteur métier partagé et ses invariants de domaine,624,ec5e59129e25d890d606ea9c7d7ca269232a69ef896d89531ee74e78a2bb5926
src/elit21/analytics/SalesForecastEngine.cpp,🟦,72,domain-aware-adapter,adaptateur compilable utilisant le moteur métier partagé et ses invariants de domaine,644,7d757e1313c36ff2a919bf83311893f33d22df885caa739e9074c4c77197c2bd
src/elit21/analytics/ShippingAnalytics.cpp,🟦,72,domain-aware-adapter,adaptateur compilable utilisant le moteur métier partagé et ses invariants de domaine,629,52ecd489e3180abe35afc3a69fef47f5e6be76d5d2955c38f57f83d56663714b
src/elit21/analytics/SupplierPerformanceAnalyzer.cpp,🟦,72,domain-aware-adapter,adaptateur compilable utilisant le moteur métier partagé et ses invariants de domaine,679,fbe594974b78a158ecbaee9b7ee8e2ff8e900828ece4edf09bfc528fc36117f5
src/elit21/app/Application.cpp,✅,92,dedicated-implementation,"implémentation C++ métier dédiée, compilée et liée",5791,6bd5e7e07d8e2e064b7b80a02ba5bb86337b52542825a3492b0c1051345b3eb8
src/elit21/application/Application.cpp,🟦,72,domain-aware-adapter,adaptateur compilable utilisant le moteur métier partagé et ses invariants de domaine,624,63c96562cd11afb8402ce7462aee6d43c7155b231a386a0c4239af0d065b22cc
src/elit21/application/ApplicationBootstrap.cpp,🟦,72,domain-aware-adapter,adaptateur compilable utilisant le moteur métier partagé et ses invariants de domaine,669,044efab5896afaae7946ab8f5a47af7596d45b7537b60c2a486c78706f0365cc
src/elit21/application/ApplicationContext.cpp,🟦,72,domain-aware-adapter,adaptateur compilable utilisant le moteur métier partagé et ses invariants de domaine,659,f8ee614788ca365fb2fe27622a0a5c2cd02c3a0a9d5bbfe0af7ed7e31fe9dcab
src/elit21/application/ApplicationLifecycle.cpp,🟦,72,domain-aware-adapter,adaptateur compilable utilisant le moteur métier partagé et ses invariants de domaine,669,aeca1c817137063a9c51caa2ed622271a06c60722f8d269158ce7063d8d1e392
src/elit21/application/ApplicationMode.cpp,🟦,72,domain-aware-adapter,adaptateur compilable utilisant le moteur métier partagé et ses invariants de domaine,644,875eb62adf6c37ad0fdde5e459a9660bee70d298faa0e3f62eaba6063952c200
src/elit21/application/ComponentRegistry.cpp,🟦,72,domain-aware-adapter,adaptateur compilable utilisant le moteur métier partagé et ses invariants de domaine,654,dcc99e3c7f5df9beaefe3ac3d08363487a92b9e86afd5435065701700aff787c
src/elit21/application/DependencyContainer.cpp,🟦,72,domain-aware-adapter,adaptateur compilable utilisant le moteur métier partagé et ses invariants de domaine,664,91a08d72228e880cf6cdd1d0cdf23af80e5d1e0c46222b6e3a92360609875cd7
src/elit21/application/RuntimeCoordinator.cpp,🟦,72,domain-aware-adapter,adaptateur compilable utilisant le moteur métier partagé et ses invariants de domaine,654,ce9e46c8f09242ae30a76b9e4298cee325ffb8f6042c80fe26f35b52c430739b
src/elit21/application/RuntimeState.cpp,🟦,72,domain-aware-adapter,adaptateur compilable utilisant le moteur métier partagé et ses invariants de domaine,629,67dc28665b40971ff249a4be28ea02bb73e6ed505f092cd63cd1580fd5d0e8be
src/elit21/application/ServiceRegistry.cpp,🟦,72,domain-aware-adapter,adaptateur compilable utilisant le moteur métier partagé et ses invariants de domaine,639,8f16e601cdfc6a6c96f0f6282790b906a0c6dcf9fe045b9f91baf43911015a22
src/elit21/application/ShutdownCoordinator.cpp,🟦,72,domain-aware-adapter,adaptateur compilable utilisant le moteur métier partagé et ses invariants de domaine,659,80c2d96c7d1b5e4b85a3b4901276da34a04e2ee734eed34bec4ccb942a601134
src/elit21/application/StartupSequence.cpp,🟦,72,domain-aware-adapter,adaptateur compilable utilisant le moteur métier partagé et ses invariants de domaine,644,fc6cadca438a573d7589b3a52b2a7a1f792e1ea30fcd9df2da3d47a2b5a8d617
src/elit21/application/VersionInformation.cpp,🟦,72,domain-aware-adapter,adaptateur compilable utilisant le moteur métier partagé et ses invariants de domaine,659,473ed8171bc3f9a34544e3b1e49520d8ca7b25e8a86c0b005ec45c200ba72cd3
src/elit21/automation/ApprovalGate.cpp,🟦,72,domain-aware-adapter,adaptateur compilable utilisant le moteur métier partagé et ses invariants de domaine,615,62abfd644fbe523331a8bb165b98111a2123e2da8dfcd61b98934915e419b0fd
src/elit21/automation/AutomationAction.cpp,🟦,72,domain-aware-adapter,adaptateur compilable utilisant le moteur métier partagé et ses invariants de domaine,635,f5683e4d25c3b0728a26796126bb31294c84e4f5fb7f5aa8eef0873487d4628f
src/elit21/automation/AutomationCoordinator.cpp,🟦,72,domain-aware-adapter,adaptateur compilable utilisant le moteur métier partagé et ses invariants de domaine,655,3c95beb387d123f26046f269e85580851deaa742eb290fc76c08460920b568b1
src/elit21/automation/AutomationEngine.cpp,✅,92,dedicated-implementation,"implémentation C++ métier dédiée, compilée et liée",2302,dcbe6785a8cd65951af1730b998714d21083a053af5607fda4ef2dac455dd80d
src/elit21/automation/AutomationEvent.cpp,🟦,72,domain-aware-adapter,adaptateur compilable utilisant le moteur métier partagé et ses invariants de domaine,630,bb0e80c39f1ab6941e907d626a643515135ae7bf797f63f34f079840ec9cdec4
src/elit21/automation/AutomationRule.cpp,🟦,72,domain-aware-adapter,adaptateur compilable utilisant le moteur métier partagé et ses invariants de domaine,625,1debace943344f11eecf004501f6021987844b7db60d1d58b05b1cbc22960609
src/elit21/automation/AutomationRuleEngine.cpp,🟦,72,domain-aware-adapter,adaptateur compilable utilisant le moteur métier partagé et ses invariants de domaine,650,4309f7acf72c86ae10dee5c5aa86595ce5cedfcc0752cbc99fa7057a9a091b7c
src/elit21/automation/AutomationState.cpp,🟦,72,domain-aware-adapter,adaptateur compilable utilisant le moteur métier partagé et ses invariants de domaine,630,06cff2afda98c74169350584bf5f65ba5debaebdeba2e6439091a8df2cd742db
src/elit21/automation/AutomationTrigger.cpp,🟦,72,domain-aware-adapter,adaptateur compilable utilisant le moteur métier partagé et ses invariants de domaine,640,b1c1d507d0ee4347da4a8dfded3ab6093c8a26c3ee5acf7803b0c175353d83a4
src/elit21/automation/AutonomousDecision.cpp,🟦,72,domain-aware-adapter,adaptateur compilable utilisant le moteur métier partagé et ses invariants de domaine,645,6466873f448ec06874c2abd752fa9fedeaa134b7b57ff206d78e20e27d8d12fc
src/elit21/automation/AutonomousManager.cpp,🟦,72,domain-aware-adapter,adaptateur compilable utilisant le moteur métier partagé et ses invariants de domaine,635,bafbf9f9210b28914eb8276d3aa513de88b1437ea49fde2266cf59c10ad9eb9b
src/elit21/automation/AutonomousPolicy.cpp,🟦,72,domain-aware-adapter,adaptateur compilable utilisant le moteur métier partagé et ses invariants de domaine,638,7658ee24b1bd58e98031e5159232b8fcf5f7923b3a5edca82420e7bae3f5176e
src/elit21/automation/DecisionContext.cpp,🟦,72,domain-aware-adapter,adaptateur compilable utilisant le moteur métier partagé et ses invariants de domaine,630,8c77f7d598448acdce4cd342edf0b8b81d216103c269c20019c6156afb6eb8ee
src/elit21/automation/DecisionEngine.cpp,🟦,72,domain-aware-adapter,adaptateur compilable utilisant le moteur métier partagé et ses invariants de domaine,620,8b36ecf69ba412a253bc073395c29e3da8bd76e3e2971ee9c741b90a8ac54e83
src/elit21/automation/DryRunExecutor.cpp,🟦,72,domain-aware-adapter,adaptateur compilable utilisant le moteur métier partagé et ses invariants de domaine,625,5ac5f78a6f6124788af581d1a2ce2f131101ca692d11ca64e1d685d052c31ddb
src/elit21/automation/EmergencyKillSwitch.cpp,🟦,72,domain-aware-adapter,adaptateur compilable utilisant le moteur métier partagé et ses invariants de domaine,650,6798b70e30552c19e43413ae735bf4f5cd45fe7eb6ab9bed26e7dd3cf24153ef
src/elit21/automation/ExceptionEscalationService.cpp,🟦,72,domain-aware-adapter,adaptateur compilable utilisant le moteur métier partagé et ses invariants de domaine,680,e7cd030be7dabe1fb26876ceecc5af49406402fee35f6394f95d41a277c74d8a
src/elit21/automation/HumanApprovalQueue.cpp,🟦,72,domain-aware-adapter,adaptateur compilable utilisant le moteur métier partagé et ses invariants de domaine,645,97746c3a96043bf390b22404a1a3d89059cf9c5f99517945661554df6418ac6d
src/elit21/automation/PolicyEngine.cpp,🟦,72,domain-aware-adapter,adaptateur compilable utilisant le moteur métier partagé et ses invariants de domaine,618,c623bd5938cb490753fb2eaefefeda06cda6f0159bb5468c4b0eecfe9234fd56
src/elit21/automation/RuleEvaluator.cpp,🟦,72,domain-aware-adapter,adaptateur compilable utilisant le moteur métier partagé et ses invariants de domaine,620,9be6742a0657ff2e6b8cc76d22c5c85a1a6ce10ccd0db6f07e9fa92b0eb27ab0
src/elit21/automation/SelfHealingCoordinator.cpp,🟦,72,domain-aware-adapter,adaptateur compilable utilisant le moteur métier partagé et ses invariants de domaine,660,8d889774ac56295c79e178d76db31a8d86af7eb39bc53550fac202199ef692d7
src/elit21/automation/SelfTestManager.cpp,🟦,72,domain-aware-adapter,adaptateur compilable utilisant le moteur métier partagé et ses invariants de domaine,625,dce607a86e8df377c2f7c67d6c4716a30beef965566ba5811aa8870ef3376ede
src/elit21/automation/SimulationMode.cpp,🟦,72,domain-aware-adapter,adaptateur compilable utilisant le moteur métier partagé et ses invariants de domaine,625,dd346d90f5de7c9305a754a96de51c5f5af000d684d4c7d58967874c3d9e4e3d
src/elit21/automation/SystemOptimizer.cpp,🟦,72,domain-aware-adapter,adaptateur compilable utilisant le moteur métier partagé et ses invariants de domaine,630,257b2e303d300bc1d16903c921a2d6e72282ac5b660c193832290f208502059f
src/elit21/automation/TaskOrchestrator.cpp,🟦,72,domain-aware-adapter,adaptateur compilable utilisant le moteur métier partagé et ses invariants de domaine,630,804a0faefcd12dd23a5ccec006d0e5c2b1553d1da3badbf45a71c45489b2fac6
src/elit21/catalog/CatalogImportCoordinator.cpp,🟦,72,domain-aware-adapter,adaptateur compilable utilisant le moteur métier partagé et ses invariants de domaine,651,f2ba5a2b95b770cf9d784599c73d702eb53eea5ff597c8bb281ea148a2a5fa37
src/elit21/catalog/CatalogManager.cpp,✅,92,dedicated-implementation,"implémentation C++ métier dédiée, compilée et liée",8360,a273f3f2f4028b3aacad56ce510994a63c326da8fe87bf375338eea79e36ba5c
src/elit21/catalog/CatalogReconciliationService.cpp,🟦,72,domain-aware-adapter,adaptateur compilable utilisant le moteur métier partagé et ses invariants de domaine,675,4928970a20d0686a655b34fb81c98e9be0c60ef476a21d1725e7fff9edbc5a21
src/elit21/catalog/CollectionAssignmentEngine.cpp,🟦,72,domain-aware-adapter,adaptateur compilable utilisant le moteur métier partagé et ses invariants de domaine,665,b73506e05b7d2ceab45cd9ef4941df20c730a622ad874e0f726f1cadaa376891
src/elit21/catalog/DescriptionCleaner.cpp,🟦,72,domain-aware-adapter,adaptateur compilable utilisant le moteur métier partagé et ses invariants de domaine,630,cc9accb50b44e3a8a98d420ca282b885bec4c73a2512a40c3b0e98d3d23f076c
src/elit21/catalog/DescriptionGenerator.cpp,🟦,72,domain-aware-adapter,adaptateur compilable utilisant le moteur métier partagé et ses invariants de domaine,640,f1c83f4dca95c31d3f679ece4705f4aa180cbae2cd5258176d8b4bec6e6be2f7
src/elit21/catalog/ImageImportPipeline.cpp,🟦,72,domain-aware-adapter,adaptateur compilable utilisant le moteur métier partagé et ses invariants de domaine,626,904c7291bc82c0b862cc80e66b09888852d2dbfdba0745b941261619acf20dfd
src/elit21/catalog/ImagePolicyValidator.cpp,🟦,72,domain-aware-adapter,adaptateur compilable utilisant le moteur métier partagé et ses invariants de domaine,643,0589d757b54af46c204e51004e6e9fa5e38860a4909f62d1b6559d7830931a74
src/elit21/catalog/MetafieldBuilder.cpp,🟦,72,domain-aware-adapter,adaptateur compilable utilisant le moteur métier partagé et ses invariants de domaine,623,bfafb48a185df3bfce4635085fd6c7af5b5514b3670f9d98c31ad2e8f4ac53c7
src/elit21/catalog/ProductArchiveService.cpp,🟦,72,domain-aware-adapter,adaptateur compilable utilisant le moteur métier partagé et ses invariants de domaine,648,e815553bb6b995bc4fa666f24ed9410575729c2c453d50eb4641c0534aac9c7f
src/elit21/catalog/ProductContentNormalizer.cpp,🟦,72,domain-aware-adapter,adaptateur compilable utilisant le moteur métier partagé et ses invariants de domaine,675,f73b8abec87d7481256e2f5ab33fb5faf91fd56c1329bc1dcfec27f56a2704aa
src/elit21/catalog/ProductCreationPlan.cpp,🟦,72,domain-aware-adapter,adaptateur compilable utilisant le moteur métier partagé et ses invariants de domaine,635,b766c83479e8ad66eb6773f7e9c302083425a9bdc910b5b499bfc5a51fd9832c
src/elit21/catalog/ProductImportService.cpp,🟦,72,domain-aware-adapter,adaptateur compilable utilisant le moteur métier partagé et ses invariants de domaine,643,db2376ff1e4481450103d618cdbe542bfe58f8c4f210498ec77c3ef54104d085
src/elit21/catalog/ProductPublicationService.cpp,🟦,72,domain-aware-adapter,adaptateur compilable utilisant le moteur métier partagé et ses invariants de domaine,660,f367cf2b316e6713e8ac112c237763e6faef9088d5b73d20d4f6f25b966a3b07
src/elit21/catalog/ProductSeoBuilder.cpp,🟦,72,domain-aware-adapter,adaptateur compilable utilisant le moteur métier partagé et ses invariants de domaine,640,b95581341766ae06140fe03840d9da0f3ef4499f2c0141c63be3cc219c947b83
src/elit21/catalog/ProductTagGenerator.cpp,🟦,72,domain-aware-adapter,adaptateur compilable utilisant le moteur métier partagé et ses invariants de domaine,635,12e4b996caedca4cffb0effbee7c9d7fcf554ab272ceafcccfa8b9c95db1079e
src/elit21/catalog/ProductTitleBuilder.cpp,🟦,72,domain-aware-adapter,adaptateur compilable utilisant le moteur métier partagé et ses invariants de domaine,650,1c8e794684c360e51aebd003d52a3ee2ef0c17838a33c553a204b100bcaba4d8
src/elit21/catalog/ProductTranslationService.cpp,🟦,72,domain-aware-adapter,adaptateur compilable utilisant le moteur métier partagé et ses invariants de domaine,660,3c54a59c813c8360b79821e26d7010b9969d5760a8741a28d58c43ef060ad877
src/elit21/catalog/ProductUpdateService.cpp,🟦,72,domain-aware-adapter,adaptateur compilable utilisant le moteur métier partagé et ses invariants de domaine,643,78b956aa0b78d4d50c4087400efc0d6e57cf314a185f265a2f81dbdaf89835a4
src/elit21/catalog/VariantBuilder.cpp,🟦,72,domain-aware-adapter,adaptateur compilable utilisant le moteur métier partagé et ses invariants de domaine,613,ec6b1696748cda3a486feb74070d7bf59659bf9c03a6eb7cf4e806c2c70165ab
src/elit21/catalog/VariantOptionNormalizer.cpp,🟦,72,domain-aware-adapter,adaptateur compilable utilisant le moteur métier partagé et ses invariants de domaine,658,f3fc16510d340ecf2d8869c4824fb85822e66178ca9c422b997dce7958090372
src/elit21/catalog/VendorAttributionPolicy.cpp,🟦,72,domain-aware-adapter,adaptateur compilable utilisant le moteur métier partagé et ses invariants de domaine,658,d841d67d02a97f74a6080a1b7782af770feb7f7c7c28c88bbec441be008a5094
src/elit21/compliance/CanadaAddressValidator.cpp,🟦,72,domain-aware-adapter,adaptateur compilable utilisant le moteur métier partagé et ses invariants de domaine,676,0d78314dbb45cb996ce5ee5bd9fb3489e37cfcbf5049be96ce3975facff39534
src/elit21/compliance/CanadaCompliance.cpp,✅,92,dedicated-implementation,"implémentation C++ métier dédiée, compilée et liée",1510,fa6a1b598e9adcaea63509952d025711bba159b78528945fc1c951d78f325c83
src/elit21/compliance/CanadaComplianceCoordinator.cpp,🟦,72,domain-aware-adapter,adaptateur compilable utilisant le moteur métier partagé et ses invariants de domaine,693,8229021d0ed56c86de46f82e1c343301bceac8159881ff16bbeeaa875cf33e91
src/elit21/compliance/CanadaPostalCodeValidator.cpp,🟦,72,domain-aware-adapter,adaptateur compilable utilisant le moteur métier partagé et ses invariants de domaine,691,d47d64a7c81dc42f972801550beee560e98dc9ee58c8f218cd5291627bd353d7
src/elit21/compliance/ConsumerDisclosureValidator.cpp,🟦,72,domain-aware-adapter,adaptateur compilable utilisant le moteur métier partagé et ses invariants de domaine,701,9ece07c9615b4e491c735517a68803a3e2cbfd929c8996344f7f8ea5b4f35f8b
src/elit21/compliance/CustomsInformationBuilder.cpp,🟦,72,domain-aware-adapter,adaptateur compilable utilisant le moteur métier partagé et ses invariants de domaine,691,94ec3c434b88a85cbabf46dabc50a82feaecf3f531c498d8301ba70cc21cf1d9
src/elit21/compliance/DataRetentionPolicy.cpp,🟦,72,domain-aware-adapter,adaptateur compilable utilisant le moteur métier partagé et ses invariants de domaine,661,4d56c0db0ff76adb77d5a67796567fc6eb3cadd0eb897e244a461065b4bfa1a0
src/elit21/compliance/LanguageComplianceChecker.cpp,🟦,72,domain-aware-adapter,adaptateur compilable utilisant le moteur métier partagé et ses invariants de domaine,691,3704db5d6d9f2072fcd7c69b7ac761c5e6988291db1756a5f69273c8e8844787
src/elit21/compliance/PrivacyRequestProcessor.cpp,🟦,72,domain-aware-adapter,adaptateur compilable utilisant le moteur métier partagé et ses invariants de domaine,669,df4992ef8f06a4be428f9d86a252f16088346d7cb6d8e3b8aeb52ec74c525083
src/elit21/compliance/ProductComplianceDecision.cpp,🟦,72,domain-aware-adapter,adaptateur compilable utilisant le moteur métier partagé et ses invariants de domaine,688,cf6c6f4005c3312faf7d9e711173ab4f08d98f56706340c888ed026f3a222b92
src/elit21/compliance/ProductRestrictionDatabase.cpp,🟦,72,domain-aware-adapter,adaptateur compilable utilisant le moteur métier partagé et ses invariants de domaine,693,60527a649feb4917fe92d529fc888d150f7e1b43d4a0201932c3efdf13280588
src/elit21/compliance/ProductRestrictionScanner.cpp,🟦,72,domain-aware-adapter,adaptateur compilable utilisant le moteur métier partagé et ses invariants de domaine,688,eb678de9d22593dca258f105a2e7da7bbd2bbbbbd410b36433b4d90531d95957
src/elit21/compliance/ProvinceResolver.cpp,🟦,72,domain-aware-adapter,adaptateur compilable utilisant le moteur métier partagé et ses invariants de domaine,646,59d1e8f3c76dede7df7cc30c9bbe890f64ca7d8b280da7560f31f343d3831027
src/elit21/compliance/RegulatoryExceptionQueue.cpp,🟦,72,domain-aware-adapter,adaptateur compilable utilisant le moteur métier partagé et ses invariants de domaine,683,175f706376aa1c03345436486ecd7d9cf424102786ff50440a423da6d531d53b
src/elit21/compliance/TaxJurisdictionResolver.cpp,🟦,72,domain-aware-adapter,adaptateur compilable utilisant le moteur métier partagé et ses invariants de domaine,681,4396e4a783cbe70136f5a75ca021e48943cc3a50335be9cc9e72962ec1688a06
src/elit21/concurrency/AsyncExecutor.cpp,🟦,72,domain-aware-adapter,adaptateur compilable utilisant le moteur métier partagé et ses invariants de domaine,617,29786984e335a92bb78c615308e79eb9564f1e2fc19f975efc39cdb7c8cf8774
src/elit21/concurrency/CancellationSource.cpp,🟦,72,domain-aware-adapter,adaptateur compilable utilisant le moteur métier partagé et ses invariants de domaine,642,f0e5e6508d8e6201e9527538589e08e4c8bce5fe705b90c2760cfe4b2ca30420
src/elit21/concurrency/CancellationToken.cpp,🟦,72,domain-aware-adapter,adaptateur compilable utilisant le moteur métier partagé et ses invariants de domaine,637,0f8900f4507e6180944b05b1b0e786014099c779f523997a44af19f9457fb458
src/elit21/concurrency/ConcurrentMap.cpp,🟦,72,domain-aware-adapter,adaptateur compilable utilisant le moteur métier partagé et ses invariants de domaine,626,6854ff7c5c70e485ec78578089c29d8242fb33cb4690d653ed762c1aec97ac44
src/elit21/concurrency/ConcurrentQueue.cpp,🟦,72,domain-aware-adapter,adaptateur compilable utilisant le moteur métier partagé et ses invariants de domaine,636,5358289e8be64d5c55a5cff938b5bfa728c630d75fd169bbaf4bb6e6face0f0a
src/elit21/concurrency/FutureUtils.cpp,🟦,72,domain-aware-adapter,adaptateur compilable utilisant le moteur métier partagé et ses invariants de domaine,616,a1284b0cc8a90386d69c083204aa7b1772d80a0c9b126a28bf1dfb07442888e8
src/elit21/concurrency/JobHandle.cpp,🟦,72,domain-aware-adapter,adaptateur compilable utilisant le moteur métier partagé et ses invariants de domaine,606,4d322ec3d1bb58d6674a616e0c21b833617e38a01f893f912ef5e0ed91e4b18b
src/elit21/concurrency/ProcessLock.cpp,🟦,72,domain-aware-adapter,adaptateur compilable utilisant le moteur métier partagé et ses invariants de domaine,607,d41a6005f7e7a7897ef13b2cf34c4efb2fc182a59fa23b94bd222c7a6197e0ad
src/elit21/concurrency/ReadWriteLock.cpp,🟦,72,domain-aware-adapter,adaptateur compilable utilisant le moteur métier partagé et ses invariants de domaine,616,f740251e6cadb84bfd04c7a407ecbe29b2f2e2c1d88253541be9b4f88d1dac23
src/elit21/concurrency/Semaphore.cpp,🟦,72,domain-aware-adapter,adaptateur compilable utilisant le moteur métier partagé et ses invariants de domaine,606,ed742ae22a6f0b4441f1be1c42b8d55c9acfa746979a9daefcd224527e8662f6
src/elit21/concurrency/Task.cpp,🟦,72,domain-aware-adapter,adaptateur compilable utilisant le moteur métier partagé et ses invariants de domaine,581,83c70cf3a4c67d974afc2d2e9bf3eb5e2ac736763ee458d2bd5719a3f2bcbf94
src/elit21/concurrency/ThreadPool.cpp,🟦,72,domain-aware-adapter,adaptateur compilable utilisant le moteur métier partagé et ses invariants de domaine,601,56a19bea4d498c546dcd94379880685efe7d67051d46c015e299a382b7e0a1d7
src/elit21/concurrency/ThreadSafeValue.cpp,🟦,72,domain-aware-adapter,adaptateur compilable utilisant le moteur métier partagé et ses invariants de domaine,626,7d9b9efecda14ae84c33a91689abb9aa7c0a761d073ae3493e5b8d1c8cf4d3a5
src/elit21/concurrency/TimedMutex.cpp,🟦,72,domain-aware-adapter,adaptateur compilable utilisant le moteur métier partagé et ses invariants de domaine,611,c5158467150ae397435e90ab190ed7500090889e024d61d432db93ff19de7cb7
src/elit21/concurrency/WorkerThread.cpp,🟦,72,domain-aware-adapter,adaptateur compilable utilisant le moteur métier partagé et ses invariants de domaine,611,28e88831016d606c528e1c9d343558895b8b8fe06fd5f5438299616f923bd69c
src/elit21/config/Config.cpp,✅,92,dedicated-implementation,"implémentation C++ métier dédiée, compilée et liée",12546,394fcf7e7efa5a2bd441392520f174cd56615d7ef9eb24d504dcd0156a1b8ace
src/elit21/configuration/ApplicationConfig.cpp,🟦,72,domain-aware-adapter,adaptateur compilable utilisant le moteur métier partagé et ses invariants de domaine,654,6f98cce667b9b59d0c9d875aac436a4c36256ae898bdb6b612c25b9f675ea40c
src/elit21/configuration/AutomationConfig.cpp,🟦,72,domain-aware-adapter,adaptateur compilable utilisant le moteur métier partagé et ses invariants de domaine,649,79a9109e76ed498ad40263979f6c7442e63fcb1c08576dea2b3af4f66c43b827
src/elit21/configuration/ConfigurationLoader.cpp,🟦,72,domain-aware-adapter,adaptateur compilable utilisant le moteur métier partagé et ses invariants de domaine,664,55708223ecabd129390ff1c116a83bebb7112c36f33d8bac4990b0a7ad3bf134
src/elit21/configuration/ConfigurationMerger.cpp,🟦,72,domain-aware-adapter,adaptateur compilable utilisant le moteur métier partagé et ses invariants de domaine,664,ff2961a08b10282c34e3c7599a50a40f761f926b77a989a766eae967aa00802e
src/elit21/configuration/ConfigurationPaths.cpp,🟦,72,domain-aware-adapter,adaptateur compilable utilisant le moteur métier partagé et ses invariants de domaine,659,f7f963d331e2cf6ee86f62f3710ac9d9b8fbfb8fad1c08742f0d00b58d85e59a
src/elit21/configuration/ConfigurationSchema.cpp,🟦,72,domain-aware-adapter,adaptateur compilable utilisant le moteur métier partagé et ses invariants de domaine,664,b2b7b3edcb7fa2b61a0a48a917cdada1307371a8d6fcff6472cc781c5f94d1c6
src/elit21/configuration/ConfigurationValidator.cpp,🟦,72,domain-aware-adapter,adaptateur compilable utilisant le moteur métier partagé et ses invariants de domaine,682,f910904d365bab5291b6c023f9076775ec853657d1d851248e8c95f5dc2022c1
src/elit21/configuration/ConfigurationWatcher.cpp,🟦,72,domain-aware-adapter,adaptateur compilable utilisant le moteur métier partagé et ses invariants de domaine,669,1018379270d1d6fe280de391e7dc67605b4633de290eec5817b40d088f0b6fde
src/elit21/configuration/DatabaseConfig.cpp,🟦,72,domain-aware-adapter,adaptateur compilable utilisant le moteur métier partagé et ses invariants de domaine,639,df1fab0bffb3610ca32f0e3c96416583bfb5f802d55d7d7a35d7ee916451d7a7
src/elit21/configuration/EnvironmentLoader.cpp,🟦,72,domain-aware-adapter,adaptateur compilable utilisant le moteur métier partagé et ses invariants de domaine,654,a6b602c227c567d3a91b801af40b5c5635343ec51507899a167fbe5aa85118a6
src/elit21/configuration/FeatureFlagConfig.cpp,🟦,72,domain-aware-adapter,adaptateur compilable utilisant le moteur métier partagé et ses invariants de domaine,654,5ffa693ad23808ba850c4fba67551bbef2813af39a0ab9422d147a773bde8d21
src/elit21/configuration/FulfillmentConfig.cpp,🟦,72,domain-aware-adapter,adaptateur compilable utilisant le moteur métier partagé et ses invariants de domaine,654,db31cd2c762368f9a1b8330c8a34e045fe628a00115ac7655e5119b48a52c342
src/elit21/configuration/InventoryConfig.cpp,🟦,72,domain-aware-adapter,adaptateur compilable utilisant le moteur métier partagé et ses invariants de domaine,644,ae46b11d8ad5285a5062eeb4dc75e6bc4e2619ba4d67e8e1b6d5d768fe10ebe5
src/elit21/configuration/LoggingConfig.cpp,🟦,72,domain-aware-adapter,adaptateur compilable utilisant le moteur métier partagé et ses invariants de domaine,634,06910fc01a0189d099d195d8873c809d0b1653ed6a0ffe1d94bcb9ade1dbd1c4
src/elit21/configuration/NotificationConfig.cpp,🟦,72,domain-aware-adapter,adaptateur compilable utilisant le moteur métier partagé et ses invariants de domaine,659,c513c85cda0a49cdd1a0b55db58c0674796e9744ab4f0132531ab49373f21915
src/elit21/configuration/PricingConfig.cpp,🟦,72,domain-aware-adapter,adaptateur compilable utilisant le moteur métier partagé et ses invariants de domaine,634,97d09f424923f6154694d41d35988591564af0e41c3df4f553d010d8cff90aea
src/elit21/configuration/SecurityConfig.cpp,🟦,72,domain-aware-adapter,adaptateur compilable utilisant le moteur métier partagé et ses invariants de domaine,639,35a2baf2d1ad1df66ce5687b64ea9319408a59521068a0e409894b8a7b8e1547
src/elit21/configuration/SourcingConfig.cpp,🟦,72,domain-aware-adapter,adaptateur compilable utilisant le moteur métier partagé et ses invariants de domaine,639,712ccad41eb12e399001a1a024bc165596a81e676a5eca3d07e9a2ef625f767d
src/elit21/configuration/TerminalConfig.cpp,🟦,72,domain-aware-adapter,adaptateur compilable utilisant le moteur métier partagé et ses invariants de domaine,639,d8a01238aa251002e9bb677f274a9342e7522dfbfdb1512fa881175e446dba9a
src/elit21/core/AtomicCounter.cpp,🟦,72,domain-aware-adapter,adaptateur compilable utilisant le moteur métier partagé et ses invariants de domaine,603,3e9dce9e006c6dac91de1484a7ec4022e0d97420af974be608ed453a5594516e
src/elit21/core/Clock.cpp,🟦,72,domain-aware-adapter,adaptateur compilable utilisant le moteur métier partagé et ses invariants de domaine,563,1ed48f900bb68acb1e3f027d72f330497d4f64da15186f22c4e8069fc522e144
src/elit21/core/DateTime.cpp,🟦,72,domain-aware-adapter,adaptateur compilable utilisant le moteur métier partagé et ses invariants de domaine,578,759ca7d26df725c955269ba0fc87ef05e7f4396015f254a680ce056ffeee680c
src/elit21/core/Duration.cpp,🟦,72,domain-aware-adapter,adaptateur compilable utilisant le moteur métier partagé et ses invariants de domaine,578,57057af2ae29624e7d259d4787c9488bc0a3b727dafc6bef45fe68b8a42e5299
src/elit21/core/Error.cpp,🟦,72,domain-aware-adapter,adaptateur compilable utilisant le moteur métier partagé et ses invariants de domaine,563,19b865f35b9e6c5f5f50978995f4f5b5ac235d739e0bd9af7003d147e3136064
src/elit21/core/ErrorCode.cpp,🟦,72,domain-aware-adapter,adaptateur compilable utilisant le moteur métier partagé et ses invariants de domaine,583,9dd7a65ed4409c906e51837d76c3aa01cf754ac54305b5d8091345a2bf71b84a
src/elit21/core/Expected.cpp,🟦,72,domain-aware-adapter,adaptateur compilable utilisant le moteur métier partagé et ses invariants de domaine,578,d4332507da5c37242e6d2d2354cec43dd4f09cb6deee4be050cb2065617342e0
src/elit21/core/Identifier.cpp,🟦,72,domain-aware-adapter,adaptateur compilable utilisant le moteur métier partagé et ses invariants de domaine,588,cf8e7bf4adc31ec717df2ed6645a398c65e09fc9ac92200ff3638d4a92d14580
src/elit21/core/NonCopyable.cpp,🟦,72,domain-aware-adapter,adaptateur compilable utilisant le moteur métier partagé et ses invariants de domaine,593,2d6e1e78ade7f1bd5724ee28659302e6376f7402a7b6a836621d611112a9e557
src/elit21/core/Optional.cpp,🟦,72,domain-aware-adapter,adaptateur compilable utilisant le moteur métier partagé et ses invariants de domaine,578,76184a29e18d04a096491fdc55e68bd61662a07ea31ce04a4e3425694d07fa52
src/elit21/core/Result.cpp,✅,92,dedicated-implementation,"implémentation C++ métier dédiée, compilée et liée",159,62cb021b6bbab454f66b605a6c07c1fa4ae106bc25917dc43e871a06eb64bebf
src/elit21/core/ScopeGuard.cpp,🟦,72,domain-aware-adapter,adaptateur compilable utilisant le moteur métier partagé et ses invariants de domaine,591,cd61ddff777d4c52c6524e31ead31e60bf9cca850d34d277e7c625c410154cfc
src/elit21/core/Status.cpp,🟦,72,domain-aware-adapter,adaptateur compilable utilisant le moteur métier partagé et ses invariants de domaine,568,03a769a0ef0db6f00e231093ebe70bd6df78253873c4f02a1e8b0957f0811942
src/elit21/core/Stopwatch.cpp,🟦,72,domain-aware-adapter,adaptateur compilable utilisant le moteur métier partagé et ses invariants de domaine,583,146dc6d98ce2a6cf970d4bd1eb0a7117208124655ace4082fb739c0fd168c36b
src/elit21/core/StringUtils.cpp,🟦,72,domain-aware-adapter,adaptateur compilable utilisant le moteur métier partagé et ses invariants de domaine,593,88fcfeda2e737ce174e3aad4436961cf6449f5afa5fcb2faa4d5a37f869b2c07
src/elit21/core/Timestamp.cpp,🟦,72,domain-aware-adapter,adaptateur compilable utilisant le moteur métier partagé et ses invariants de domaine,583,e87aeb64dcc5ad8afefe8d9b503d335c7fe8386ee01dc48f7487e5bffa0ce07e
src/elit21/core/TimeUtils.cpp,🟦,72,domain-aware-adapter,adaptateur compilable utilisant le moteur métier partagé et ses invariants de domaine,583,98cafa8223d5528d0fe2deeff8c5e2204bfee15a8ab09b2ef6fefcae4ff8ba97
src/elit21/core/TypeId.cpp,🟦,72,domain-aware-adapter,adaptateur compilable utilisant le moteur métier partagé et ses invariants de domaine,568,d2a28a5932997d7a87f8a112b0e908aabbe1aa987a39cbd62bfcc86819620af6
src/elit21/core/Types.cpp,✅,92,dedicated-implementation,"implémentation C++ métier dédiée, compilée et liée",1272,17db51f9f0741829b947caae264f65a11a3e8378475576f94f8f67410c719787
src/elit21/core/Uuid.cpp,🟦,72,domain-aware-adapter,adaptateur compilable utilisant le moteur métier partagé et ses invariants de domaine,558,d1ce286d9936eae2050c58c146ecdaa89f3fbb6ac81ca394f7eebe1a23a64ee7
src/elit21/core/ValidationResult.cpp,🟦,72,domain-aware-adapter,adaptateur compilable utilisant le moteur métier partagé et ses invariants de domaine,618,b5d6e31636240db2b7411a3b521b72f381b2b2187574d5e346c7c08e11e0fa58
src/elit21/customer_service/BilingualMessageBuilder.cpp,🟦,72,domain-aware-adapter,adaptateur compilable utilisant le moteur métier partagé et ses invariants de domaine,698,832209d64d0c3b77a6c1726c123c2692c0f0d3b2cfdfdb77388588b09b644111
src/elit21/customer_service/CustomerMessage.cpp,🟦,72,domain-aware-adapter,adaptateur compilable utilisant le moteur métier partagé et ses invariants de domaine,655,dfaab90d4e5471565c30635bc7d4618a49b55d4eb77558bb9ccace9a436da6ad
src/elit21/customer_service/CustomerMessageDispatcher.cpp,🟦,72,domain-aware-adapter,adaptateur compilable utilisant le moteur métier partagé et ses invariants de domaine,696,fd2cb87bec29b3ea0b1534b8626ac8feafcc38da1d975557d2f2116f2756b2b1
src/elit21/customer_service/CustomerServiceCoordinator.cpp,🟦,72,domain-aware-adapter,adaptateur compilable utilisant le moteur métier partagé et ses invariants de domaine,705,b7351c6ae2be612d0a334e9e0927fd4407c329399b3a08c7b8fd7b3a03a4475e
src/elit21/customer_service/DelayNotificationService.cpp,🟦,72,domain-aware-adapter,adaptateur compilable utilisant le moteur métier partagé et ses invariants de domaine,695,c1629609165e82f7134a165d6a21f96bd82ac456c52a5362cf265878df379a3a
src/elit21/customer_service/DeliveryNotificationService.cpp,🟦,72,domain-aware-adapter,adaptateur compilable utilisant le moteur métier partagé et ses invariants de domaine,710,83907a770e1baa9af399607a2247739377db4f35fcc3a444bf89252cbce28456
src/elit21/customer_service/EmailNotificationClient.cpp,🟦,72,domain-aware-adapter,adaptateur compilable utilisant le moteur métier partagé et ses invariants de domaine,695,ea5aad5984a62b4ecbb710b1e4d453106498c2d31da4ee86b00e1015cb859ce4
src/elit21/customer_service/MessageTemplateEngine.cpp,🟦,72,domain-aware-adapter,adaptateur compilable utilisant le moteur métier partagé et ses invariants de domaine,675,a0e46f7d8a947c90637785a329186433d1cfaa1ef5de8671e29a69a7c79b6a2a
src/elit21/customer_service/OrderConfirmationService.cpp,🟦,72,domain-aware-adapter,adaptateur compilable utilisant le moteur métier partagé et ses invariants de domaine,695,d676ad1808ae18becc58932cc401c96173fb612649feb0fec34336676550696c
src/elit21/customer_service/RefundNotificationService.cpp,🟦,72,domain-aware-adapter,adaptateur compilable utilisant le moteur métier partagé et ses invariants de domaine,706,136792fa63b0e7b0b34c627c9549563680b901ae2b9e62b53c4f97e43a0e1476
src/elit21/customer_service/SupportCase.cpp,🟦,72,domain-aware-adapter,adaptateur compilable utilisant le moteur métier partagé et ses invariants de domaine,635,1dab824ba0d7e5dc62b0432851ceb74185fe8dbaceb85ac554bf8e8eb9a656bb
src/elit21/customer_service/SupportCaseClassifier.cpp,🟦,72,domain-aware-adapter,adaptateur compilable utilisant le moteur métier partagé et ses invariants de domaine,688,a506296f49d22f07ba6e437464fe799edd6a8a7f28a0c7108dc1bc3348cdf3b9
src/elit21/customer_service/SupportCaseRepository.cpp,🟦,72,domain-aware-adapter,adaptateur compilable utilisant le moteur métier partagé et ses invariants de domaine,685,e6275ee977d8c836186b71dc691c12e11ea0806ccce648814b441bee469424ee
src/elit21/customer_service/TrackingNotificationService.cpp,🟦,72,domain-aware-adapter,adaptateur compilable utilisant le moteur métier partagé et ses invariants de domaine,710,b694f6fa477dabfb9ea8d8f624050577e34cf1211c406d23b9074b9bd882fc5d
src/elit21/customers/Customer.cpp,🟦,72,domain-aware-adapter,adaptateur compilable utilisant le moteur métier partagé et ses invariants de domaine,585,2b57772a5de6ce8205286dadeddf3062119988512e70f8c2896a6eab4897ab15
src/elit21/customers/CustomerAnonymizationService.cpp,🟦,72,domain-aware-adapter,adaptateur compilable utilisant le moteur métier partagé et ses invariants de domaine,680,2b6a58c716058e8b7714121adefd5eaf7a22a803c5ab2b71b67886fbb1c2e023
src/elit21/customers/CustomerConsentService.cpp,🟦,72,domain-aware-adapter,adaptateur compilable utilisant le moteur métier partagé et ses invariants de domaine,650,c161b814cf281040a730cf66ef04f3c438b3ff82f7601b76bace140250dcf044
src/elit21/customers/CustomerDataExporter.cpp,🟦,72,domain-aware-adapter,adaptateur compilable utilisant le moteur métier partagé et ses invariants de domaine,649,ce770630e55452c8ce6fc33e0434d46e1fe478c095190f5d02c0d5e1d117e762
src/elit21/customers/CustomerDataSynchronizer.cpp,🟦,72,domain-aware-adapter,adaptateur compilable utilisant le moteur métier partagé et ses invariants de domaine,669,6def9b3cbddd79d22cd6937dc09797eb2d0955b2ed6a2fb404540ca97940b8a6
src/elit21/customers/CustomerDeletionService.cpp,🟦,72,domain-aware-adapter,adaptateur compilable utilisant le moteur métier partagé et ses invariants de domaine,655,e79f5a20786b40f67b670076e0b6f9182164fe796689bfbf95668cbc9f11d1c5
src/elit21/customers/CustomerIdentityResolver.cpp,🟦,72,domain-aware-adapter,adaptateur compilable utilisant le moteur métier partagé et ses invariants de domaine,681,3e229862f745843597aeca04ef163341a649211cab1f30d5f5db7f9239b39a09
src/elit21/customers/CustomerProfileService.cpp,🟦,72,domain-aware-adapter,adaptateur compilable utilisant le moteur métier partagé et ses invariants de domaine,650,bbb18a4a59a977391c531ce748f11a7208b3012faccb9ff3ea3ae486de48a7b1
src/elit21/customers/CustomerRiskProfile.cpp,🟦,72,domain-aware-adapter,adaptateur compilable utilisant le moteur métier partagé et ses invariants de domaine,640,0454f65bd7e9f46f868e3abad63240ccb10572bac6a95259343ff0a09d26355c
src/elit21/domain/Address.cpp,🟦,72,domain-aware-adapter,adaptateur compilable utilisant le moteur métier partagé et ses invariants de domaine,553,5b67f3d6c028a15a7c82fe85f43838e17d95d99707412bb0a24ac42f2f4c4096
src/elit21/domain/Amount.cpp,🟦,72,domain-aware-adapter,adaptateur compilable utilisant le moteur métier partagé et ses invariants de domaine,557,a01a6a0fa49f825d7757b1cd5a20f0f13f9b1b77719eb969cc1a0597f9220f72
src/elit21/domain/CountryCode.cpp,🟦,72,domain-aware-adapter,adaptateur compilable utilisant le moteur métier partagé et ses invariants de domaine,582,e0a03f21f123bfd5de37e061035308fb11a534737f5e2ed3337b75d3ffc1704c
src/elit21/domain/Currency.cpp,🟦,72,domain-aware-adapter,adaptateur compilable utilisant le moteur métier partagé et ses invariants de domaine,567,767e3963c1c2ae298336f726b59511d66f8153d11d60b1c80d5c661284f0bf17
src/elit21/domain/CustomerId.cpp,🟦,72,domain-aware-adapter,adaptateur compilable utilisant le moteur métier partagé et ses invariants de domaine,577,f945997194ca39ada2a499745453605d0e234bb3266c9c50ee25f3136f142e80
src/elit21/domain/EmailAddress.cpp,🟦,72,domain-aware-adapter,adaptateur compilable utilisant le moteur métier partagé et ses invariants de domaine,578,fed248b638fc4ef37d045ccf4f7187ee8a0defc249252f2c0f1873cddc612a7c
src/elit21/domain/LanguageCode.cpp,🟦,72,domain-aware-adapter,adaptateur compilable utilisant le moteur métier partagé et ses invariants de domaine,587,398f68043db4a4a7e15121b357654e289c1e497fce480503ba180f1db4727de1
src/elit21/domain/Money.cpp,🟦,72,domain-aware-adapter,adaptateur compilable utilisant le moteur métier partagé et ses invariants de domaine,552,cce34b4e8b7f867ac0ab48de542dd3c1caf707ff7b83d0851ac9a27eaaf9131f
src/elit21/domain/OrderId.cpp,🟦,72,domain-aware-adapter,adaptateur compilable utilisant le moteur métier partagé et ses invariants de domaine,562,442c5dd78c290812baabf5f6f5b28492d6bf3023ca07471750d93e3194fac6ff
src/elit21/domain/Percentage.cpp,🟦,72,domain-aware-adapter,adaptateur compilable utilisant le moteur métier partagé et ses invariants de domaine,577,104aeb5395446715fc3b45aa384c810c7130f31fa68a36b15da497659cf434af
src/elit21/domain/PhoneNumber.cpp,🟦,72,domain-aware-adapter,adaptateur compilable utilisant le moteur métier partagé et ses invariants de domaine,582,dca85015118f6ad2604c3c1916cff1cd21833493ad7e144a5264354dc76bc5b2
src/elit21/domain/PostalCode.cpp,🟦,72,domain-aware-adapter,adaptateur compilable utilisant le moteur métier partagé et ses invariants de domaine,577,4d5795e2b9b3e15c5602d7c46470184224174f1a4cf414600245ee03ee0c69dc
src/elit21/domain/ProductId.cpp,🟦,72,domain-aware-adapter,adaptateur compilable utilisant le moteur métier partagé et ses invariants de domaine,572,b73529015eb72d6db5d30134b740528f0b616b588ff16af5ad7a1f9c56df1253
src/elit21/domain/ProvinceCode.cpp,🟦,72,domain-aware-adapter,adaptateur compilable utilisant le moteur métier partagé et ses invariants de domaine,587,b3f38de47695ec53fe3ce4637ef8149e8e5989b7119effc38f51ba08431a45a5
src/elit21/domain/Quantity.cpp,🟦,72,domain-aware-adapter,adaptateur compilable utilisant le moteur métier partagé et ses invariants de domaine,567,b475a6fa620ad1e1d13fe26bc7d424324a37efe05b37459fd3c2d02685f774c0
src/elit21/domain/ShipmentId.cpp,🟦,72,domain-aware-adapter,adaptateur compilable utilisant le moteur métier partagé et ses invariants de domaine,577,fe3414d116008cfe7f20470429bb82179e61c1b8052a13e7a86e89e8288541bf
src/elit21/domain/Sku.cpp,🟦,72,domain-aware-adapter,adaptateur compilable utilisant le moteur métier partagé et ses invariants de domaine,542,dfa947389eb62e19a9b639bec814f67de60a2d62ff030a1825e527d2a49b6046
src/elit21/domain/SupplierId.cpp,🟦,72,domain-aware-adapter,adaptateur compilable utilisant le moteur métier partagé et ses invariants de domaine,577,f6fffedfbc72c493ea00f6a5a97360fefe02acbf60272869729e3dd8412d079e
src/elit21/domain/TaxRate.cpp,🟦,72,domain-aware-adapter,adaptateur compilable utilisant le moteur métier partagé et ses invariants de domaine,562,1266f1769abef4debb5dc8d1f7966f33e25f3343db846f2455f45896d8fe0cc9
src/elit21/domain/TrackingNumber.cpp,🟦,72,domain-aware-adapter,adaptateur compilable utilisant le moteur métier partagé et ses invariants de domaine,597,37d03315739a351c7404e1f6fb6788a18354741f40bde76305a1b4ca4fb0f2ce
src/elit21/domain/VariantId.cpp,🟦,72,domain-aware-adapter,adaptateur compilable utilisant le moteur métier partagé et ses invariants de domaine,572,c060bc0808266ef91784ce9426c2fa0576087fb5e795ed3c6be64cb86fc8e721
src/elit21/finance/AccountingEntry.cpp,🟦,72,domain-aware-adapter,adaptateur compilable utilisant le moteur métier partagé et ses invariants de domaine,627,27f401dfd6016719c73a13b72938aed82b9ba9d8403960866118038241d4f84e
src/elit21/finance/AccountingExporter.cpp,🟦,72,domain-aware-adapter,adaptateur compilable utilisant le moteur métier partagé et ses invariants de domaine,633,01f8c427c0234e3b715589f96c34fd9d77c2350f9d8bea090bf67708c85601c5
src/elit21/finance/CostOfGoodsCalculator.cpp,🟦,72,domain-aware-adapter,adaptateur compilable utilisant le moteur métier partagé et ses invariants de domaine,660,1487508ac90c7d6ae38aa53761655825924d0e84c90362b499de93d86d4cb547
src/elit21/finance/ExpenseTracker.cpp,🟦,72,domain-aware-adapter,adaptateur compilable utilisant le moteur métier partagé et ses invariants de domaine,613,c112fac09f887b1d217cd4df6a183e153b4599b9beb3a78b30d90581cbd6a032
src/elit21/finance/FinancialLedger.cpp,🟦,72,domain-aware-adapter,adaptateur compilable utilisant le moteur métier partagé et ses invariants de domaine,627,93ec375959708064406834c9da0fc568897cb3850c836043377cb2af4ba7f020
src/elit21/finance/FinancialReconciliationService.cpp,🟦,72,domain-aware-adapter,adaptateur compilable utilisant le moteur métier partagé et ses invariants de domaine,697,eb507e4ef00026b51640ef3fac035e3bbb19c2140a9e0d0e1f607d1ba5cde7f4
src/elit21/finance/GrossProfitCalculator.cpp,🟦,72,domain-aware-adapter,adaptateur compilable utilisant le moteur métier partagé et ses invariants de domaine,660,83a791077afb932ad0082fd5c0545e2355ff455cfc4931534e45264296d293b2
src/elit21/finance/NetProfitCalculator.cpp,🟦,72,domain-aware-adapter,adaptateur compilable utilisant le moteur métier partagé et ses invariants de domaine,650,b3c7503bd02d321d469fb0cd8d6fea228f5ccf1e8ed44e28ed767850f2d8ac08
src/elit21/finance/OrderProfitabilityCalculator.cpp,🟦,72,domain-aware-adapter,adaptateur compilable utilisant le moteur métier partagé et ses invariants de domaine,705,e532a204f1b40098da965b627f540b1bfadf663f4512fc19a72b8e07e98f6870
src/elit21/finance/PaymentFeeReconciler.cpp,🟦,72,domain-aware-adapter,adaptateur compilable utilisant le moteur métier partagé et ses invariants de domaine,643,dac1b65b0b545f510dd7ea3a13663972ba78b4698b6aa3d5d804c775a76d98e3
src/elit21/finance/PayoutReconciliationService.cpp,🟦,72,domain-aware-adapter,adaptateur compilable utilisant le moteur métier partagé et ses invariants de domaine,682,8d92d389e474ed8ffe10946615e23a491e1c6ae8f1e36fddf322d004f194a0c0
src/elit21/finance/RevenueTracker.cpp,🟦,72,domain-aware-adapter,adaptateur compilable utilisant le moteur métier partagé et ses invariants de domaine,622,31a3f60639bcb8121d164828709c15a9b16c05c8170b8e352d5a02ac04dda17b
src/elit21/finance/TaxReportExporter.cpp,🟦,72,domain-aware-adapter,adaptateur compilable utilisant le moteur métier partagé et ses invariants de domaine,629,270b1d2b3bc837780d57353aa753e39befa626f79d616a62572862258748453a
src/elit21/finance/TransactionRecord.cpp,🟦,72,domain-aware-adapter,adaptateur compilable utilisant le moteur métier partagé et ses invariants de domaine,637,23ec71488ecec602b750df0a30640f2bdb459eefb9f79915324d702d8531d385
src/elit21/fulfillment/CarrierDetectionService.cpp,🟦,72,domain-aware-adapter,adaptateur compilable utilisant le moteur métier partagé et ses invariants de domaine,680,0c397b0418b4e3602bac9e432489da80889f9adb287798981e80d1da10ebb06d
src/elit21/fulfillment/DeliveryConfirmationService.cpp,🟦,72,domain-aware-adapter,adaptateur compilable utilisant le moteur métier partagé et ses invariants de domaine,700,ab76cf38ecb95e2b0b72d722ade2a5602825217a75bfa18c9f401c0cb5c7ff48
src/elit21/fulfillment/DeliveryEstimateCalculator.cpp,🟦,72,domain-aware-adapter,adaptateur compilable utilisant le moteur métier partagé et ses invariants de domaine,703,3e5f5a941595a329d9e488ab42808c696d423f32695d72cb1797cc1187a5dd6c
src/elit21/fulfillment/FulfillmentCoordinator.cpp,🟦,72,domain-aware-adapter,adaptateur compilable utilisant le moteur métier partagé et ses invariants de domaine,675,06e80e941d43b59a839b7fe13279d2908a381ae34aaedf517a9f7b4c989647c5
src/elit21/fulfillment/FulfillmentCreationService.cpp,🟦,72,domain-aware-adapter,adaptateur compilable utilisant le moteur métier partagé et ses invariants de domaine,695,06a012fa8cc90dca0555fc4d7ea6c8d7b2623d8183237475e65b861fb0ecfc43
src/elit21/fulfillment/FulfillmentManager.cpp,✅,92,dedicated-implementation,"implémentation C++ métier dédiée, compilée et liée",6239,aeb3682de4474cbcd56b98f7c19af690f8f11042282d2308d60e262db6d03bed
src/elit21/fulfillment/FulfillmentReconciliationService.cpp,🟦,72,domain-aware-adapter,adaptateur compilable utilisant le moteur métier partagé et ses invariants de domaine,725,5d64fa946c4ced1ebbfc39d69a5be07b164c8c43dffc8d7ad3befcf596915bfa
src/elit21/fulfillment/LateShipmentDetector.cpp,🟦,72,domain-aware-adapter,adaptateur compilable utilisant le moteur métier partagé et ses invariants de domaine,660,b189e66ed6fc711141975850b9d93fbd6ace4b179f5b991a51a38692ba6ec129
src/elit21/fulfillment/LostShipmentDetector.cpp,🟦,72,domain-aware-adapter,adaptateur compilable utilisant le moteur métier partagé et ses invariants de domaine,660,a6b39ec38c6a96f8504ed576ee8b4143025c960ed86101bd79826a735fc4992d
src/elit21/fulfillment/PartialFulfillmentCoordinator.cpp,🟦,72,domain-aware-adapter,adaptateur compilable utilisant le moteur métier partagé et ses invariants de domaine,710,301afaed1b3f8f06899da2a1e16768c47bfcdc58ec90113c05df5fb928222406
src/elit21/fulfillment/Shipment.cpp,🟦,72,domain-aware-adapter,adaptateur compilable utilisant le moteur métier partagé et ses invariants de domaine,610,925b1588f0aec2724a03d48d8bd741c86d87ca68b1ac24b352bf9fb32b99d6ca
src/elit21/fulfillment/ShipmentMonitor.cpp,🟦,72,domain-aware-adapter,adaptateur compilable utilisant le moteur métier partagé et ses invariants de domaine,635,61e8bf025bb29de06836ce75541c4b794222a2a1188b4c991eb52d78385b3237
src/elit21/fulfillment/ShipmentStateMachine.cpp,🟦,72,domain-aware-adapter,adaptateur compilable utilisant le moteur métier partagé et ses invariants de domaine,670,271e9d0d0279126ebd3b901e33ff9c37406264765c43b4d1446eb84543a7bee9
src/elit21/fulfillment/ShippingMethodSelector.cpp,🟦,72,domain-aware-adapter,adaptateur compilable utilisant le moteur métier partagé et ses invariants de domaine,680,90edb9658793b399d7ffa7be4dcd0294c2d5c352f5092291c1db9a7dff682296
src/elit21/fulfillment/TrackingEvent.cpp,🟦,72,domain-aware-adapter,adaptateur compilable utilisant le moteur métier partagé et ses invariants de domaine,635,b904e98eb0e0e9f29fe93202abe5f3170368833070c66a3875369b96c83432c5
src/elit21/fulfillment/TrackingEventNormalizer.cpp,🟦,72,domain-aware-adapter,adaptateur compilable utilisant le moteur métier partagé et ses invariants de domaine,705,65f01bedd117cf21aa5cc30a4b23135c70fc1f0aa40ec91f3344f6ca53cc5423
src/elit21/fulfillment/TrackingPollingPolicy.cpp,🟦,72,domain-aware-adapter,adaptateur compilable utilisant le moteur métier partagé et ses invariants de domaine,695,4eb2d299b7ad0d165c8623425a2e56f81f46d8d972d7f529afe5dbf2fc2f3ef6
src/elit21/fulfillment/TrackingSynchronizationService.cpp,🟦,72,domain-aware-adapter,adaptateur compilable utilisant le moteur métier partagé et ses invariants de domaine,728,a55bfa3eed2344417a8ce1e0ef486b3ffed9ad4f196baed5e2c5bf8e228de86b
src/elit21/fulfillment/UntrackedShipmentHandler.cpp,🟦,72,domain-aware-adapter,adaptateur compilable utilisant le moteur métier partagé et ses invariants de domaine,690,4202fa29ad27180d9395d4a40602195b2548b95a8b061c5c86192dbe399f82c3
src/elit21/inventory/AvailabilityDecision.cpp,🟦,72,domain-aware-adapter,adaptateur compilable utilisant le moteur métier partagé et ses invariants de domaine,660,2a81037159c9f0a3f17185ee142500d75a182cad2a051425def787e4db9bf753
src/elit21/inventory/InventoryCoordinator.cpp,🟦,72,domain-aware-adapter,adaptateur compilable utilisant le moteur métier partagé et ses invariants de domaine,655,c1c3a19657540687c3a87730095809824391f764df8f9f65cf3592694b3ac47c
src/elit21/inventory/InventoryLevel.cpp,🟦,72,domain-aware-adapter,adaptateur compilable utilisant le moteur métier partagé et ses invariants de domaine,630,2671f7d16cf8b46f0ebaca7e1e2bd00472547bc446ca7ee68c3c09589e73bf80
src/elit21/inventory/InventoryManager.cpp,✅,92,dedicated-implementation,"implémentation C++ métier dédiée, compilée et liée",4345,7e40b22ea83db183e374322839cd447a5edbe0e5da46d15239ca74fa3e707707
src/elit21/inventory/InventoryPoller.cpp,🟦,72,domain-aware-adapter,adaptateur compilable utilisant le moteur métier partagé et ses invariants de domaine,635,7416fbe35f01eaafd0b185f142018a5dde137d235eb77c88a4fbc7b96009c6ca
src/elit21/inventory/InventoryReconciliationService.cpp,🟦,72,domain-aware-adapter,adaptateur compilable utilisant le moteur métier partagé et ses invariants de domaine,705,0eba904871c74f5fed66ecd258bdae291e0942b174f999fc44ef44c87fd645bb
src/elit21/inventory/InventoryReservation.cpp,🟦,72,domain-aware-adapter,adaptateur compilable utilisant le moteur métier partagé et ses invariants de domaine,660,bfd62205b1acaff0efd05a2fedc2dbee84d521104403ea70395af53d3f9fc60b
src/elit21/inventory/InventorySafetyBuffer.cpp,🟦,72,domain-aware-adapter,adaptateur compilable utilisant le moteur métier partagé et ses invariants de domaine,665,a76fa9fbfdd6f28200ea7b6d45d9e8047114327d26b0c12637f15d7eb575354e
src/elit21/inventory/InventorySnapshot.cpp,🟦,72,domain-aware-adapter,adaptateur compilable utilisant le moteur métier partagé et ses invariants de domaine,635,912d4559d7aa619bcb99ac60f8d420d073102bf9ec2dfdc071a870058eea64b2
src/elit21/inventory/InventoryStalenessDetector.cpp,🟦,72,domain-aware-adapter,adaptateur compilable utilisant le moteur métier partagé et ses invariants de domaine,680,fd9efa86dc4cb2c1233f8c6749a1e108fdc8e92ce68e28bb50d84d9aced00062
src/elit21/inventory/InventorySynchronizationService.cpp,🟦,72,domain-aware-adapter,adaptateur compilable utilisant le moteur métier partagé et ses invariants de domaine,711,2c3afb028a514135e222278cedb4e8ff351a4288d5988ee3fa7ccbd84c1be9fa
src/elit21/inventory/OutOfStockHandler.cpp,🟦,72,domain-aware-adapter,adaptateur compilable utilisant le moteur métier partagé et ses invariants de domaine,645,4defc9f17858dce19eafc1dfa06761a4871a84c62cfeb7d7e210ef3527a8e6fc
src/elit21/inventory/OversellPreventionGuard.cpp,🟦,72,domain-aware-adapter,adaptateur compilable utilisant le moteur métier partagé et ses invariants de domaine,678,9dcab36340b0cea38bec84ce0469071f34022955e2e6b0f491808b5160bb65e4
src/elit21/inventory/ProductAvailabilityService.cpp,🟦,72,domain-aware-adapter,adaptateur compilable utilisant le moteur métier partagé et ses invariants de domaine,685,0dc1d0c913e845f8eed3fb0aad65df8c7a9b196036bde4893b9e97b363116502
src/elit21/inventory/RestockDetector.cpp,🟦,72,domain-aware-adapter,adaptateur compilable utilisant le moteur métier partagé et ses invariants de domaine,625,28f3922039e283ec74d2b5e6b6df87f5052b8797b4d9f95f8069581afe8a3959
src/elit21/inventory/SafetyStockPolicy.cpp,🟦,72,domain-aware-adapter,adaptateur compilable utilisant le moteur métier partagé et ses invariants de domaine,653,0fe7fcf69df1f4fc3fb1bfb60d29574332e8553056e06e12e33fb95d299bd4e8
src/elit21/inventory/StockChangeAnalyzer.cpp,🟦,72,domain-aware-adapter,adaptateur compilable utilisant le moteur métier partagé et ses invariants de domaine,645,104c7bbb79b20ff830c45912dae028ce1c301a9bb810488daf931c9fb444601a
src/elit21/inventory/StockPollingPolicy.cpp,🟦,72,domain-aware-adapter,adaptateur compilable utilisant le moteur métier partagé et ses invariants de domaine,658,f3e3873705b0ef9833a709e43bcabbf530da636b02f34df3907c9d09ecea658a
src/elit21/inventory/VariantAvailabilityService.cpp,🟦,72,domain-aware-adapter,adaptateur compilable utilisant le moteur métier partagé et ses invariants de domaine,685,ffce860c47d68afa2ecd9d9d370b37f79c4d1524c0a293ab25de00b6535d5291
src/elit21/json/Json.cpp,✅,92,dedicated-implementation,"implémentation C++ métier dédiée, compilée et liée",5618,29eee5d18ca0a01c704aa0ff8bc63bbea62d1ca0be7b4203c8f898b58b1a175f
src/elit21/logging/Logger.cpp,✅,92,dedicated-implementation,"implémentation C++ métier dédiée, compilée et liée",1603,69ba7b4974e87c870f755d309670ad97f08e534f15046125b5996f6c4c9e1911
src/elit21/mapping/AddressMapper.cpp,🟦,72,domain-aware-adapter,adaptateur compilable utilisant le moteur métier partagé et ses invariants de domaine,607,00e92130d71e9f48abe4140e45d4c97bcb3d32b0eb1533081cb4475809d56400
src/elit21/mapping/CarrierMapper.cpp,🟦,72,domain-aware-adapter,adaptateur compilable utilisant le moteur métier partagé et ses invariants de domaine,607,27e47d13e40c2a2faac3cff42f0c8bc45e66840d2cd38d905e3ebf22e8b26d56
src/elit21/mapping/CategoryMapper.cpp,🟦,72,domain-aware-adapter,adaptateur compilable utilisant le moteur métier partagé et ses invariants de domaine,612,4a30041c5273300617f620e593983884cdfb6f930369b45f895e44225f8511df
src/elit21/mapping/CollectionMapper.cpp,🟦,72,domain-aware-adapter,adaptateur compilable utilisant le moteur métier partagé et ses invariants de domaine,622,b6b262543f4f48b71836f1ed1d169eb41363d94442bfe5d9e4b1776936bedd38
src/elit21/mapping/CurrencyMapper.cpp,🟦,72,domain-aware-adapter,adaptateur compilable utilisant le moteur métier partagé et ses invariants de domaine,612,b7732d95da6463096e97a5ae53bf3cdf927eb08ee8b0a3ac05a595f6619be0d0
src/elit21/mapping/CustomerMapper.cpp,🟦,72,domain-aware-adapter,adaptateur compilable utilisant le moteur métier partagé et ses invariants de domaine,625,e51f673bed9391ef89640a4b833b12959e9a84f7bdf3205e54cca350dcbc4a36
src/elit21/mapping/FulfillmentStatusMapper.cpp,🟦,72,domain-aware-adapter,adaptateur compilable utilisant le moteur métier partagé et ses invariants de domaine,679,cc9358f88fcf2e59f9a5ec3808defff47c3c298b5f9b31a5d971297dd639f781
src/elit21/mapping/InventoryMapper.cpp,🟦,72,domain-aware-adapter,adaptateur compilable utilisant le moteur métier partagé et ses invariants de domaine,622,a019aa42c9b9ecd57d8b4f216e7ee5c233e3b024cd38c138402be0aaca620817
src/elit21/mapping/LanguageMapper.cpp,🟦,72,domain-aware-adapter,adaptateur compilable utilisant le moteur métier partagé et ses invariants de domaine,612,2497cd8164f0f2737f24f5d593be3c6404ef8e63158efdf680ef42c4ddb9bde4
src/elit21/mapping/OrderMapper.cpp,🟦,72,domain-aware-adapter,adaptateur compilable utilisant le moteur métier partagé et ses invariants de domaine,607,2ed1b098528a0d1a61336af543f93e3145330ba11266f5e46cc23ceaaa796ed6
src/elit21/mapping/OrderStatusMapper.cpp,🟦,72,domain-aware-adapter,adaptateur compilable utilisant le moteur métier partagé et ses invariants de domaine,637,d13df237498c07b5040cccbdc2038343462d88a26a69bd95020b1f736e3f8235
src/elit21/mapping/ProductMapper.cpp,🟦,72,domain-aware-adapter,adaptateur compilable utilisant le moteur métier partagé et ses invariants de domaine,619,043adf4475d3c8e7c0b8ef1b9946cc976180664ec76e26ad806938bd6a8a8f99
src/elit21/mapping/ProductMapping.cpp,🟦,72,domain-aware-adapter,adaptateur compilable utilisant le moteur métier partagé et ses invariants de domaine,609,a4e2b911cd4d4836208660ebce0ae8af27d04447fb67669de4e193e6adef6ad8
src/elit21/mapping/ProductMappingService.cpp,🟦,72,domain-aware-adapter,adaptateur compilable utilisant le moteur métier partagé et ses invariants de domaine,639,391c7056be2b9576a099d9d6a24137a6a4da8b69453c7e24e72ee007af096939
src/elit21/mapping/ShippingMethodMapper.cpp,🟦,72,domain-aware-adapter,adaptateur compilable utilisant le moteur métier partagé et ses invariants de domaine,642,383b409c274b7fe0a4bc47b75fa62d93e965cc4d6239ce8c5039f586a205f6fa
src/elit21/mapping/SkuMapper.cpp,🟦,72,domain-aware-adapter,adaptateur compilable utilisant le moteur métier partagé et ses invariants de domaine,587,4b85379faf8b5a16bb4720d3db9c59062c581493effd05b1ad5d18179001e80d
src/elit21/mapping/TrackingStatusMapper.cpp,🟦,72,domain-aware-adapter,adaptateur compilable utilisant le moteur métier partagé et ses invariants de domaine,659,d608b9424b33f8611a04853d9de7ee7502d7cb6b2595468e279e5f3aa35c5da2
src/elit21/mapping/VariantMapper.cpp,🟦,72,domain-aware-adapter,adaptateur compilable utilisant le moteur métier partagé et ses invariants de domaine,607,d80b95c6ace41143ca9c0cb0c53c525406998fce18c0c4c1e1ec472f95cf874b
src/elit21/mapping/VariantMapping.cpp,🟦,72,domain-aware-adapter,adaptateur compilable utilisant le moteur métier partagé et ses invariants de domaine,609,566e597a58e56bbac5c48452c76ca6800bebe77bd9fcab2478481c3bac2f8df2
src/elit21/messaging/Command.cpp,🟦,72,domain-aware-adapter,adaptateur compilable utilisant le moteur métier partagé et ses invariants de domaine,579,17134382681cd03f31ea3f234f4071e0e7e44094f9ff8f31aeaeb7f486997a7a
src/elit21/messaging/CommandBus.cpp,🟦,72,domain-aware-adapter,adaptateur compilable utilisant le moteur métier partagé et ses invariants de domaine,594,453ab19a65c24e610b80568200da4027fd339e5aa242cd269fa81f7ba1474b65
src/elit21/messaging/CommandHandler.cpp,🟦,72,domain-aware-adapter,adaptateur compilable utilisant le moteur métier partagé et ses invariants de domaine,614,45308a43d1febc756a85ec53f096fdd991746024775782b1928e63d655a78d69
src/elit21/messaging/DomainEvent.cpp,🟦,72,domain-aware-adapter,adaptateur compilable utilisant le moteur métier partagé et ses invariants de domaine,599,a4169899998368720addd9b730569645317ba339825df2223a7b84d795a3927f
src/elit21/messaging/EventBus.cpp,🟦,72,domain-aware-adapter,adaptateur compilable utilisant le moteur métier partagé et ses invariants de domaine,584,ff83e776fc966c9f59708215560ec848c12650932ced06ade35d2493fcc2da46
src/elit21/messaging/EventEnvelope.cpp,🟦,72,domain-aware-adapter,adaptateur compilable utilisant le moteur métier partagé et ses invariants de domaine,609,178f355319a0c2fe4f7defa0463198002bd5655300c590eebd8fb30cd9938a7d
src/elit21/messaging/EventHandler.cpp,🟦,72,domain-aware-adapter,adaptateur compilable utilisant le moteur métier partagé et ses invariants de domaine,604,54c8da9d449adebd77276abc6f4b3fb4206876fdf5e9f0c504d773651c6f0d4f
src/elit21/messaging/EventSerializer.cpp,🟦,72,domain-aware-adapter,adaptateur compilable utilisant le moteur métier partagé et ses invariants de domaine,622,0f7cec576212c0827d70a81f78a18f80f145e6f475aea5f7182e2799ce14fda1
src/elit21/messaging/Message.cpp,🟦,72,domain-aware-adapter,adaptateur compilable utilisant le moteur métier partagé et ses invariants de domaine,579,0d86afdf085dc7a3b99d938b9c52c156973c2555050d53fe28bc405bcd777311
src/elit21/messaging/MessageDispatcher.cpp,🟦,72,domain-aware-adapter,adaptateur compilable utilisant le moteur métier partagé et ses invariants de domaine,620,a705da89c94996819a741404115b54b66d1b438631f5f495d0638efa294919fd
src/elit21/messaging/MessageHeaders.cpp,🟦,72,domain-aware-adapter,adaptateur compilable utilisant le moteur métier partagé et ses invariants de domaine,614,b469d51b25750796de28a90984a40dcef306e50d53dcc75ab34433df7eaa2d58
src/elit21/messaging/MessageRouter.cpp,🟦,72,domain-aware-adapter,adaptateur compilable utilisant le moteur métier partagé et ses invariants de domaine,609,0b3532916f3b55cbfa1ae716d756d2d5e223e83fb6c7faad8f89d8ecc396742d
src/elit21/messaging/Query.cpp,🟦,72,domain-aware-adapter,adaptateur compilable utilisant le moteur métier partagé et ses invariants de domaine,559,f59a8bcb6f7928b688f03bceb6d6c1bc0245b1fb376facbfb2c09bab5832ac3c
src/elit21/messaging/QueryBus.cpp,🟦,72,domain-aware-adapter,adaptateur compilable utilisant le moteur métier partagé et ses invariants de domaine,574,89ff80a52d2af1391776896fc63e4c0aae599f354721c1856dce6ed40ffa7dd3
src/elit21/messaging/QueryHandler.cpp,🟦,72,domain-aware-adapter,adaptateur compilable utilisant le moteur métier partagé et ses invariants de domaine,594,176623d9eb53530c90944093e768a96dc4d6805e4c988076d11c947f3595b733
src/elit21/net/HttpClient.cpp,✅,92,dedicated-implementation,"implémentation C++ métier dédiée, compilée et liée",7575,000d56fdd85559af454979e579bf42c6e48d20436f338b5673745a8314850eee
src/elit21/net/HttpServer.cpp,✅,92,dedicated-implementation,"implémentation C++ métier dédiée, compilée et liée",8496,0a16b67b40aefc67762b89a947a4c17dc3cc9a9cf2434117df0f2b6fad04fd29
src/elit21/network/CurlGlobalContext.cpp,🟦,72,domain-aware-adapter,adaptateur compilable utilisant le moteur métier partagé et ses invariants de domaine,627,770890a1eb1c8f07283d64150a3d224bdc184a14ba3442508fe3b5464220682e
src/elit21/network/FormEncoder.cpp,🟦,72,domain-aware-adapter,adaptateur compilable utilisant le moteur métier partagé et ses invariants de domaine,597,4484bc5a310b5a177f3e93f6f649c467db77441de73596756a6c4004044cdf14
src/elit21/network/HeaderCollection.cpp,🟦,72,domain-aware-adapter,adaptateur compilable utilisant le moteur métier partagé et ses invariants de domaine,622,f7c82d64075dfb7728f15836f0eda048c51d039c3a6208a7661cab072fe73229
src/elit21/network/HttpClient.cpp,🟦,72,domain-aware-adapter,adaptateur compilable utilisant le moteur métier partagé et ses invariants de domaine,592,8fb1d834b77bc09e0cbc52626f8654c0e5e633bd0301d9b5ab1b216919823768
src/elit21/network/HttpClientPool.cpp,🟦,72,domain-aware-adapter,adaptateur compilable utilisant le moteur métier partagé et ses invariants de domaine,612,85ae199823413f59827b30d1187da5c37fd8fe33fe1747b038bf21d0140b7603
src/elit21/network/HttpMethod.cpp,🟦,72,domain-aware-adapter,adaptateur compilable utilisant le moteur métier partagé et ses invariants de domaine,592,94993775a1edc06ac83e7d2cd742102c54c59b774624624434b5a56c129548e7
src/elit21/network/HttpRequest.cpp,🟦,72,domain-aware-adapter,adaptateur compilable utilisant le moteur métier partagé et ses invariants de domaine,597,9c366cf6d9909227cd4269ea7a0dae2bf2186b0d41889b48f85db2f5fb04de16
src/elit21/network/HttpResponse.cpp,🟦,72,domain-aware-adapter,adaptateur compilable utilisant le moteur métier partagé et ses invariants de domaine,602,7e25df9411b74ec91e9883221efe07f47d30aa4dfa4dcb74957aff1c7e822b97
src/elit21/network/HttpServer.cpp,🟦,72,domain-aware-adapter,adaptateur compilable utilisant le moteur métier partagé et ses invariants de domaine,592,bfac60bffdb5b9c22bc5ec9dd7af62cce498f5c93a8dcd6800eb246c635ec373
src/elit21/network/HttpStatus.cpp,🟦,72,domain-aware-adapter,adaptateur compilable utilisant le moteur métier partagé et ses invariants de domaine,592,65f529a8305d654919967b6560f3d23b932db8ff2d0c94dc25067235558590db
src/elit21/network/JsonHttpClient.cpp,🟦,72,domain-aware-adapter,adaptateur compilable utilisant le moteur métier partagé et ses invariants de domaine,612,60ee2dffcd2030b253a80a986083ec62e1a5d95de9dbb5765d2ea73de03b473b
src/elit21/network/MultipartBuilder.cpp,🟦,72,domain-aware-adapter,adaptateur compilable utilisant le moteur métier partagé et ses invariants de domaine,625,e85fb97dec322ec903e57d452492d88c965d3877ea80f6fc5b87147a1c13b169
src/elit21/network/NetworkDiagnostics.cpp,🟦,72,domain-aware-adapter,adaptateur compilable utilisant le moteur métier partagé et ses invariants de domaine,632,e10142bde53398bf1e0cabc52710ed677914a43937a44557fac7caa7b86181d9
src/elit21/network/NetworkError.cpp,🟦,72,domain-aware-adapter,adaptateur compilable utilisant le moteur métier partagé et ses invariants de domaine,602,e6bcc3e7ddfc95e7fa5bb31dfc5f8f40e5d10154b5a41dd4dbb7ec1eb3699bd3
src/elit21/network/ProxyConfiguration.cpp,🟦,72,domain-aware-adapter,adaptateur compilable utilisant le moteur métier partagé et ses invariants de domaine,632,b37034f201cce1ae6754560b542cdac750503034ef081f3832cf46d02858b83c
src/elit21/network/RequestInterceptor.cpp,🟦,72,domain-aware-adapter,adaptateur compilable utilisant le moteur métier partagé et ses invariants de domaine,632,c9c1b429a25d1b0651cc310a6c734c48afa7e18b5a0426f505dfe4b4b7cdfe3e
src/elit21/network/ResponseInterceptor.cpp,🟦,72,domain-aware-adapter,adaptateur compilable utilisant le moteur métier partagé et ses invariants de domaine,637,ef651b25738943e5d12fa8e5e9abca32a96bdff2ce4b1d23a3a6b7f8a3766d23
src/elit21/network/Route.cpp,🟦,72,domain-aware-adapter,adaptateur compilable utilisant le moteur métier partagé et ses invariants de domaine,567,af2424836877378a724f0d7ba0709766ac2b028ce0055386de1ea9ad0e97e756
src/elit21/network/Router.cpp,🟦,72,domain-aware-adapter,adaptateur compilable utilisant le moteur métier partagé et ses invariants de domaine,572,28c2435f15b4bcf2edeb82f23ba7c38bf33fde8914d98db53560fe1bfbf3fbdc
src/elit21/network/TlsConfiguration.cpp,🟦,72,domain-aware-adapter,adaptateur compilable utilisant le moteur métier partagé et ses invariants de domaine,622,1c8c5009d24daec921a1f2e77617e39a311a8017e86da382829dc23259b7c359
src/elit21/network/Url.cpp,🟦,72,domain-aware-adapter,adaptateur compilable utilisant le moteur métier partagé et ses invariants de domaine,557,79d0801410c85ac21dc8b646e9353e528a935e1668d62a42ab6ca207e1d9073c
src/elit21/network/UrlBuilder.cpp,🟦,72,domain-aware-adapter,adaptateur compilable utilisant le moteur métier partagé et ses invariants de domaine,595,07f7c1b59ca7716eafff61f3c0a4174888af0bb8403752a076d2c353beeb69a1
src/elit21/network/WebhookHttpServer.cpp,🟦,72,domain-aware-adapter,adaptateur compilable utilisant le moteur métier partagé et ses invariants de domaine,627,ffb4931878b1b2e0f1ccb055f8848ea31db8f2e6874a7bd56b290198bc7cc279
src/elit21/observability/Alert.cpp,🟦,72,domain-aware-adapter,adaptateur compilable utilisant le moteur métier partagé et ses invariants de domaine,598,9668f9c6c0c3e2e7735fee3d6a29ec93c405c2c5c9ee1a8a09dd8024cc2a689c
src/elit21/observability/AlertDispatcher.cpp,🟦,72,domain-aware-adapter,adaptateur compilable utilisant le moteur métier partagé et ses invariants de domaine,639,666a944fe9c8aa77c343c8ae91f982c3fd62d3626def0afcc404300e200c429c
src/elit21/observability/AuditLogger.cpp,🟦,72,domain-aware-adapter,adaptateur compilable utilisant le moteur métier partagé et ses invariants de domaine,628,bd232688fb7fbe188c16481ea2f78798382918a4389a1e26c3097835bca04b36
src/elit21/observability/ConsoleLogSink.cpp,🟦,72,domain-aware-adapter,adaptateur compilable utilisant le moteur métier partagé et ses invariants de domaine,643,e0cd0c8d11bde32ef0a125856e3cecc5c093efae9fa935a274567a74b240ad03
src/elit21/observability/CrashReporter.cpp,🟦,72,domain-aware-adapter,adaptateur compilable utilisant le moteur métier partagé et ses invariants de domaine,638,17d4a3c964f93e256a5d9f8a808517d8ef7bf29915a33c03490506b66f43a970
src/elit21/observability/FileLogSink.cpp,🟦,72,domain-aware-adapter,adaptateur compilable utilisant le moteur métier partagé et ses invariants de domaine,628,826c3b96c6db163a4c1b6bf0d8648b97cfa6590b5edef220043be203c0264b60
src/elit21/observability/HealthCheck.cpp,🟦,72,domain-aware-adapter,adaptateur compilable utilisant le moteur métier partagé et ses invariants de domaine,618,5e358f7fc90b6826ec6b8839b16a2d92839a2640420f3f232e2d5ac56a8e078a
src/elit21/observability/HealthCheckRegistry.cpp,🟦,72,domain-aware-adapter,adaptateur compilable utilisant le moteur métier partagé et ses invariants de domaine,658,d8e147c6c535db7c56f8e7e07bdde42d25502c9e041117c6aa1189f6a68b7afd
src/elit21/observability/HealthMonitor.cpp,🟦,72,domain-aware-adapter,adaptateur compilable utilisant le moteur métier partagé et ses invariants de domaine,628,a94e2e9eca2b9a562284359072ee5264b5f6b6ce2830c2a64a43b5d0d90de14f
src/elit21/observability/LogEntry.cpp,🟦,72,domain-aware-adapter,adaptateur compilable utilisant le moteur métier partagé et ses invariants de domaine,613,37938a53d75f52de573f0027ea518be7f07bc39b46c5f5fe9bdb433ded40e4d0
src/elit21/observability/Logger.cpp,🟦,72,domain-aware-adapter,adaptateur compilable utilisant le moteur métier partagé et ses invariants de domaine,603,1b35c59518d1658245309b0d3335ba194fa3811a78c8994a8fa725f456b55024
src/elit21/observability/LogLevel.cpp,🟦,72,domain-aware-adapter,adaptateur compilable utilisant le moteur métier partagé et ses invariants de domaine,613,c2013adbf611e9426a8dd7b9912fdff9a4b6ddd551f989d0eea29fd67b5e7171
src/elit21/observability/LogSink.cpp,🟦,72,domain-aware-adapter,adaptateur compilable utilisant le moteur métier partagé et ses invariants de domaine,608,2b1242fbf5cdbd36e90a25487e5044fee20a05547879e09a534324d3a4de5978
src/elit21/observability/Metric.cpp,🟦,72,domain-aware-adapter,adaptateur compilable utilisant le moteur métier partagé et ses invariants de domaine,603,d0d3356b4c60fbc848cbdaf351d659430359f27c7c0a1a6e5f1374dc5dc1d56a
src/elit21/observability/MetricRegistry.cpp,🟦,72,domain-aware-adapter,adaptateur compilable utilisant le moteur métier partagé et ses invariants de domaine,643,9ec4a1db271143127b4d2d679bd7eaa0f481150ac9b9d657c60ddb72eccea6a7
src/elit21/observability/PerformanceProfiler.cpp,🟦,72,domain-aware-adapter,adaptateur compilable utilisant le moteur métier partagé et ses invariants de domaine,668,693ce63ac9edcd45fe615b4d022e8be8e5d2c6f37392a2459de00d80afbbe998
src/elit21/observability/StructuredLogger.cpp,🟦,72,domain-aware-adapter,adaptateur compilable utilisant le moteur métier partagé et ses invariants de domaine,653,262ab957983a660cd04a423ddf70bee3e8badb521f182621e63c46906b3657ca
src/elit21/observability/TraceContext.cpp,🟦,72,domain-aware-adapter,adaptateur compilable utilisant le moteur métier partagé et ses invariants de domaine,633,55f773e5a8839f3cffad07d8cefff3fa7d009e254a7ff5bfcfcc3105eb290cef
src/elit21/observability/Tracer.cpp,🟦,72,domain-aware-adapter,adaptateur compilable utilisant le moteur métier partagé et ses invariants de domaine,603,1e0f58f7d9963ef29801d5c31077bdc3f72473e2eeb866eb7e2b0b5136e07403
src/elit21/observability/UptimeMonitor.cpp,🟦,72,domain-aware-adapter,adaptateur compilable utilisant le moteur métier partagé et ses invariants de domaine,628,68d343f52aa7927e9f1531ecf01675d0ee2de0dcbdd19c8a3cf65a316ee2ea45
src/elit21/orders/AddressValidationService.cpp,🟦,72,domain-aware-adapter,adaptateur compilable utilisant le moteur métier partagé et ses invariants de domaine,658,e7e763fb8bc6f557b3c18fb6c3f0dd907172febbcb14e68e12f08ae5de8885d2
src/elit21/orders/AutomaticOrderProcessor.cpp,🟦,72,domain-aware-adapter,adaptateur compilable utilisant le moteur métier partagé et ses invariants de domaine,663,d87bb0831955bc69674cf15d82f7abe0d273573c97f68d09bbcb9156176ac9d1
src/elit21/orders/CustomerOrder.cpp,🟦,72,domain-aware-adapter,adaptateur compilable utilisant le moteur métier partagé et ses invariants de domaine,612,1a8d7f5e6abc19e503870219dbfd598e671283113dc68cd08f0816c0b3c407cb
src/elit21/orders/CustomerOrderLine.cpp,🟦,72,domain-aware-adapter,adaptateur compilable utilisant le moteur métier partagé et ses invariants de domaine,632,ec05eaeaec82e2657db7f6cb32e261eaac8f919f563036928a86dd1c214397a6
src/elit21/orders/FreightSelectionPolicy.cpp,🟦,72,domain-aware-adapter,adaptateur compilable utilisant le moteur métier partagé et ses invariants de domaine,660,5afbcd83c622103cebab003bdccc2a67ce0c468bf29e3a2850c7bb31802deda2
src/elit21/orders/OrderCancellationCoordinator.cpp,🟦,72,domain-aware-adapter,adaptateur compilable utilisant le moteur métier partagé et ses invariants de domaine,688,887ef857b52aeccb9b8fcd663ec3d035f0d5baf8680f9fd786e54c5243d0db32
src/elit21/orders/OrderCaptureService.cpp,🟦,72,domain-aware-adapter,adaptateur compilable utilisant le moteur métier partagé et ses invariants de domaine,637,2c3072b955b0fea6b9a1eff5d4c9c539228643da312352d526da5d483d003e0c
src/elit21/orders/OrderDeduplicationService.cpp,🟦,72,domain-aware-adapter,adaptateur compilable utilisant le moteur métier partagé et ses invariants de domaine,667,60429cc4bde8f0ac4330bba1d9e24042c0bcd17230942121a810eda458b812f0
src/elit21/orders/OrderExceptionHandler.cpp,🟦,72,domain-aware-adapter,adaptateur compilable utilisant le moteur métier partagé et ses invariants de domaine,652,06d9c51ac875e91c82d9983b602c2e55ba2cf5ea8f02e4148cb1e503cd30206f
src/elit21/orders/OrderFraudScreen.cpp,🟦,72,domain-aware-adapter,adaptateur compilable utilisant le moteur métier partagé et ses invariants de domaine,627,415d4243555c8492e1689a9961eb5f1840eec766dcd13ee3a86eef7189dd9a5f
src/elit21/orders/OrderManager.cpp,✅,92,dedicated-implementation,"implémentation C++ métier dédiée, compilée et liée",11332,b35ed0c60fca2595feaea36400a6485f9082ff8659f96c82935d18f471d4f558
src/elit21/orders/OrderMappingService.cpp,🟦,72,domain-aware-adapter,adaptateur compilable utilisant le moteur métier partagé et ses invariants de domaine,637,68b46e0cc65d0b84c9c35a16338be842ef13e6f16859039906341fbfcc0b934b
src/elit21/orders/OrderNormalizationService.cpp,🟦,72,domain-aware-adapter,adaptateur compilable utilisant le moteur métier partagé et ses invariants de domaine,667,6900c1d7752e8c42704014e30b6023a8df70a0f5ddec2e331e0082c3f8e72e1a
src/elit21/orders/OrderPlacementCoordinator.cpp,🟦,72,domain-aware-adapter,adaptateur compilable utilisant le moteur métier partagé et ses invariants de domaine,673,606f75acb5089ec2d050a9b9ce72606ec13fb695161e28460d0323eee0ff7b46
src/elit21/orders/OrderPlacementSaga.cpp,🟦,72,domain-aware-adapter,adaptateur compilable utilisant le moteur métier partagé et ses invariants de domaine,638,0d00bd9136560150ca5faee120afdf7c120f5a4ee4f53be99d490f8d4d321fd4
src/elit21/orders/OrderReconciliationService.cpp,🟦,72,domain-aware-adapter,adaptateur compilable utilisant le moteur métier partagé et ses invariants de domaine,672,cfa3b8d600059254ad1e8d17dba4e02a554206a13db2c1ebb7e3821a1491716c
src/elit21/orders/OrderRiskDecision.cpp,🟦,72,domain-aware-adapter,adaptateur compilable utilisant le moteur métier partagé et ses invariants de domaine,632,685d35c236a143b3314c7d72d98efbd213d2036d6c85b24e66f31692c691a178
src/elit21/orders/OrderStateMachine.cpp,🟦,72,domain-aware-adapter,adaptateur compilable utilisant le moteur métier partagé et ses invariants de domaine,632,42e47fe05b5934f573063fa419a405c6066079dabc261142d4c19337ae6e7ed4
src/elit21/orders/OrderValidationService.cpp,🟦,72,domain-aware-adapter,adaptateur compilable utilisant le moteur métier partagé et ses invariants de domaine,652,2727d578063e97bdcb5705287063af4c70e491503ef9b419114683e4f8559d4e
src/elit21/orders/PartialOrderCoordinator.cpp,🟦,72,domain-aware-adapter,adaptateur compilable utilisant le moteur métier partagé et ses invariants de domaine,657,27177b51b5f4440edbee2241bcf63181062fbdd98f18da4e9542e3875f861ad3
src/elit21/orders/PaymentAuthorizationGate.cpp,🟦,72,domain-aware-adapter,adaptateur compilable utilisant le moteur métier partagé et ses invariants de domaine,667,bff3c53eac22d88cf61d5779c956c5025677422c9b90cd57b6760656ab93e465
src/elit21/orders/ShippingAddressSanitizer.cpp,🟦,72,domain-aware-adapter,adaptateur compilable utilisant le moteur métier partagé et ses invariants de domaine,670,3f61b25e60f3b7582498214dce9a25e4d4bb6a893c304873dad7f322d38605e9
src/elit21/orders/SplitOrderPlanner.cpp,🟦,72,domain-aware-adapter,adaptateur compilable utilisant le moteur métier partagé et ses invariants de domaine,632,a9498bc42c09a19b2750237ca415269de4a7aacb0c6899442c0d8c638a15ac18
src/elit21/orders/SupplierOrder.cpp,🟦,72,domain-aware-adapter,adaptateur compilable utilisant le moteur métier partagé et ses invariants de domaine,612,f58ccf5c4d866fa71fcaf869be9bc73e72468667a867d02bbe7857b01f0beb51
src/elit21/orders/SupplierOrderLine.cpp,🟦,72,domain-aware-adapter,adaptateur compilable utilisant le moteur métier partagé et ses invariants de domaine,632,8b34954e26494bfcdb800a34aadeef82a71017a44a285afa829a779f68889bb0
src/elit21/orders/SupplierOrderPaymentCoordinator.cpp,🟦,72,domain-aware-adapter,adaptateur compilable utilisant le moteur métier partagé et ses invariants de domaine,697,0df8a161a66db5bc02189fc1d96466e38d9415a6605ceedefb92f070f93f4e7f
src/elit21/orders/SupplierOrderStatusSynchronizer.cpp,🟦,72,domain-aware-adapter,adaptateur compilable utilisant le moteur métier partagé et ses invariants de domaine,703,6f031cbc87683a41cfa119e291b2e751fabb7c0cf2be536701aabfc66006e094
src/elit21/platform/BusinessComponent.cpp,✅,92,dedicated-implementation,"implémentation C++ métier dédiée, compilée et liée",24410,e7ecfb6de5e39d834bd85009092c5a61950a6050aae8d9159d289cf726e79125
src/elit21/platform/ManagedComponent.cpp,✅,92,dedicated-implementation,"implémentation C++ métier dédiée, compilée et liée",4598,7f4c749cc462b651d269fe2a4f28bda6d07adb55813f3ed0a8c639d678210f4c
src/elit21/pricing/AliExpressCostCalculator.cpp,🟦,72,domain-aware-adapter,adaptateur compilable utilisant le moteur métier partagé et ses invariants de domaine,680,3d7bf2f106805d3bca3d99cf5eca18f3eb5736fc485ddf0b3d96a6f4b95b56e1
src/elit21/pricing/CurrencyConversionService.cpp,🟦,72,domain-aware-adapter,adaptateur compilable utilisant le moteur métier partagé et ses invariants de domaine,677,626a025e9344eea83a037f0dd1b25a4a3c6bb08ce63935d669f7bbd8a045d35f
src/elit21/pricing/DutyEstimator.cpp,🟦,72,domain-aware-adapter,adaptateur compilable utilisant le moteur métier partagé et ses invariants de domaine,625,3818ac50f53a16d63c72334be9bc017a7c5f33a720f05453dd486e94c3c4ee8a
src/elit21/pricing/ExchangeRateCache.cpp,🟦,72,domain-aware-adapter,adaptateur compilable utilisant le moteur métier partagé et ses invariants de domaine,642,6b9b96ff923fc6f126841a859f27f6f62b0ea1023d555a46751434dcb648d2bc
src/elit21/pricing/FeeCalculator.cpp,🟦,72,domain-aware-adapter,adaptateur compilable utilisant le moteur métier partagé et ses invariants de domaine,625,6d5414e6ddc3afd98a6b5d20aa07c0adc8294857d194c230292306f33fbe8597
src/elit21/pricing/FreightCostCalculator.cpp,🟦,72,domain-aware-adapter,adaptateur compilable utilisant le moteur métier partagé et ses invariants de domaine,665,eb8e9ab720ac297c16f5dc85d794361459a18f19b15ec01d2a65d977a9e28adc
src/elit21/pricing/MarginCalculator.cpp,🟦,72,domain-aware-adapter,adaptateur compilable utilisant le moteur métier partagé et ses invariants de domaine,659,57b2d0d2a008ee4d3561e1507054d615ca01d50bd6198dfcf6dbfd4efc150bc6
src/elit21/pricing/MinimumPriceGuard.cpp,🟦,72,domain-aware-adapter,adaptateur compilable utilisant le moteur métier partagé et ses invariants de domaine,664,18670bd11c2b77224281d37a63f7b608866ad443d1865e7e4ca26ce20fb30b5c
src/elit21/pricing/PriceAnomalyDetector.cpp,🟦,72,domain-aware-adapter,adaptateur compilable utilisant le moteur métier partagé et ses invariants de domaine,647,06c001a772ba8dc8e3dd8803511eac86d7a29d21289098cbfa8df8e7b59fe733
src/elit21/pricing/PriceChangeDecision.cpp,🟦,72,domain-aware-adapter,adaptateur compilable utilisant le moteur métier partagé et ses invariants de domaine,652,8d04985dfd84743a115ff2f551136d39cdf7cbc3aab85d56027600a9ac6c805b
src/elit21/pricing/PriceHistoryService.cpp,🟦,72,domain-aware-adapter,adaptateur compilable utilisant le moteur métier partagé et ses invariants de domaine,647,6bbd4d510d45b74fb28dc84119d63cf78dff8ca3a75f90df23e90dd168b9963c
src/elit21/pricing/PricePolicy.cpp,🟦,72,domain-aware-adapter,adaptateur compilable utilisant le moteur métier partagé et ses invariants de domaine,634,a1e2a2be9f318e3a7ca5703c0bd29fbf07048483b7d42ffec9daeeca430f50fb
src/elit21/pricing/PriceReconciliationService.cpp,🟦,72,domain-aware-adapter,adaptateur compilable utilisant le moteur métier partagé et ses invariants de domaine,682,e80ff76384847b2c7089283a15406769159a0164a2553fc00c1205b5d2f1956c
src/elit21/pricing/PriceRoundingPolicy.cpp,🟦,72,domain-aware-adapter,adaptateur compilable utilisant le moteur métier partagé et ses invariants de domaine,674,8863a437f6220e5ae4c0724bd7ccb63c8cd998b96f6ee047a40c8473e1867297
src/elit21/pricing/PriceSynchronizationService.cpp,🟦,72,domain-aware-adapter,adaptateur compilable utilisant le moteur métier partagé et ses invariants de domaine,702,bd46df168120dac2b735e2246801c305986c524c71e53f0a3f030b918d1dc911
src/elit21/pricing/PricingEngine.cpp,✅,92,dedicated-implementation,"implémentation C++ métier dédiée, compilée et liée",866,d05d41a971d726cfb809fdd302ccf69b1c61054c76b8e8c8d6bda406a47e325c
src/elit21/pricing/PromotionalPricePlanner.cpp,🟦,72,domain-aware-adapter,adaptateur compilable utilisant le moteur métier partagé et ses invariants de domaine,672,ef65a4f03e42521e8e6cdb8eb21a6ecc4f4f2f8dd6d3e5332acd785d5896c507
src/elit21/pricing/PsychologicalPricingPolicy.cpp,🟦,72,domain-aware-adapter,adaptateur compilable utilisant le moteur métier partagé et ses invariants de domaine,709,8e336a69ea8ef609b6387534055f2d691d3b6a3f10e82a2d0fb7dd517c801ff9
src/elit21/pricing/RepricingCoordinator.cpp,🟦,72,domain-aware-adapter,adaptateur compilable utilisant le moteur métier partagé et ses invariants de domaine,652,a32a8a8dbe57b139bf136d6948d6bcc1aaf376115ac2ca6933dbeb79f1b67f48
src/elit21/pricing/ShopifyFeeEstimator.cpp,🟦,72,domain-aware-adapter,adaptateur compilable utilisant le moteur métier partagé et ses invariants de domaine,655,d26c8399ade2ba69f01c20fb278cde745c71dde28ac831b5cffa2b1ce19be755
src/elit21/pricing/TargetMarginPolicy.cpp,🟦,72,domain-aware-adapter,adaptateur compilable utilisant le moteur métier partagé et ses invariants de domaine,669,31097ecaf41784a6fcc3f68b4c413187a2c82f660ad312c4c256ad44003077aa
src/elit21/pricing/TaxEstimator.cpp,🟦,72,domain-aware-adapter,adaptateur compilable utilisant le moteur métier partagé et ses invariants de domaine,620,f845cfbedeac4973b2f658552d53262b6457b8fb92492e44fb91f2c5aa655f3c
src/elit21/reports/DailyReportGenerator.cpp,🟦,72,domain-aware-adapter,adaptateur compilable utilisant le moteur métier partagé et ses invariants de domaine,648,162bbf9410ddf27c8bae00c3b5a4d751f3cc309c5cc78847e6a0365042821d4a
src/elit21/reports/FinancialReportGenerator.cpp,🟦,72,domain-aware-adapter,adaptateur compilable utilisant le moteur métier partagé et ses invariants de domaine,668,263df8369bffd80519b8ecfc74ee43fc459a80e0e8557503b5691c55d66dabba
src/elit21/reports/InventoryReportGenerator.cpp,🟦,72,domain-aware-adapter,adaptateur compilable utilisant le moteur métier partagé et ses invariants de domaine,668,8531d00b03901e58b45beb8c0a4fac56931de120d0aaf373d01310ee4e48bd54
src/elit21/reports/MonthlyReportGenerator.cpp,🟦,72,domain-aware-adapter,adaptateur compilable utilisant le moteur métier partagé et ses invariants de domaine,658,526e54767ae0d497b586b88e878f3e75c135bbb77e83d774e130b6bb0dc84adc
src/elit21/reports/OrderReportGenerator.cpp,🟦,72,domain-aware-adapter,adaptateur compilable utilisant le moteur métier partagé et ses invariants de domaine,648,06bf5a6b5a260fb86ccabbe7f8cd8ebbf8e8be3262e1d010636357b854564e3c
src/elit21/reports/ProductReportGenerator.cpp,🟦,72,domain-aware-adapter,adaptateur compilable utilisant le moteur métier partagé et ses invariants de domaine,658,219010f3bf57aa854f1fd29d6731dcc5bea88b3bf150e8659c6e2c07443c0a14
src/elit21/reports/Report.cpp,🟦,72,domain-aware-adapter,adaptateur compilable utilisant le moteur métier partagé et ses invariants de domaine,578,e43f479f0abde3b992faf6e1021972f0dd7de6d8aeecf852573b689ac8322262
src/elit21/reports/ReportExporter.cpp,🟦,72,domain-aware-adapter,adaptateur compilable utilisant le moteur métier partagé et ses invariants de domaine,610,fd45d0de58d5fdaf9d05d73fadc9d6c21098a011f8ffbe10f066a796e4025536
src/elit21/reports/ReportGenerator.cpp,✅,92,dedicated-implementation,"implémentation C++ métier dédiée, compilée et liée",542,a988e98362cb2cf4893b912e18fcca2abbc7f16f8da5f64ec414afaaf9ca5034
src/elit21/reports/ReportScheduler.cpp,🟦,72,domain-aware-adapter,adaptateur compilable utilisant le moteur métier partagé et ses invariants de domaine,615,0043684d46a15b0cd77744b5d73f1f3e149ad6baaab68359da5ec1be4097140a
src/elit21/reports/SupplierReportGenerator.cpp,🟦,72,domain-aware-adapter,adaptateur compilable utilisant le moteur métier partagé et ses invariants de domaine,663,54893083d947eee3a594fe6555feeeb162f29fca62db5ff08e28f8e5cc31bac8
src/elit21/reports/WeeklyReportGenerator.cpp,🟦,72,domain-aware-adapter,adaptateur compilable utilisant le moteur métier partagé et ses invariants de domaine,653,c81941f9ea42aecddf6ae5e61fac0af1160f044e344fdfceec7030bd72ca9e72
src/elit21/repositories/AuditRepository.cpp,🟦,72,domain-aware-adapter,adaptateur compilable utilisant le moteur métier partagé et ses invariants de domaine,626,0fee6e01303865cfcd84a77f77569de545054c12acac6290ad56cba5e7ac3645
src/elit21/repositories/ConfigurationRepository.cpp,🟦,72,domain-aware-adapter,adaptateur compilable utilisant le moteur métier partagé et ses invariants de domaine,666,5067c1f64dfa40a73716abe74ffbeb0f1392a48e455291b722cefe5f15b09437
src/elit21/repositories/CustomerMessageRepository.cpp,🟦,72,domain-aware-adapter,adaptateur compilable utilisant le moteur métier partagé et ses invariants de domaine,676,c660cd6ae564487e963c10f51688b19810c2d7fc3a401ce4586cca611b74501b
src/elit21/repositories/CustomerRepository.cpp,🟦,72,domain-aware-adapter,adaptateur compilable utilisant le moteur métier partagé et ses invariants de domaine,641,bbfefffba5480129c9143cc3220dc37ae976c4e15ad169ecbdd67d01af5ebc93
src/elit21/repositories/DeadLetterRepository.cpp,🟦,72,domain-aware-adapter,adaptateur compilable utilisant le moteur métier partagé et ses invariants de domaine,651,8e1ef2bbc3027483f27d3b418867ee60da0235c03017c4e1d454852082bbecac
src/elit21/repositories/FinancialLedgerRepository.cpp,🟦,72,domain-aware-adapter,adaptateur compilable utilisant le moteur métier partagé et ses invariants de domaine,676,2ff6c9d2520c33264fd97d0d8069b6e9c316986545d8623eab404074b399bf2e
src/elit21/repositories/IncidentRepository.cpp,🟦,72,domain-aware-adapter,adaptateur compilable utilisant le moteur métier partagé et ses invariants de domaine,641,6bdefa368fd5c28cea0379dd91d6d276b8b3e0999107809183355357c450e55f
src/elit21/repositories/InventoryRepository.cpp,🟦,72,domain-aware-adapter,adaptateur compilable utilisant le moteur métier partagé et ses invariants de domaine,646,c4692cce2470e4f807ea27794279af5e3e590e16e87b12ae0e1f2ae2bf87aaac
src/elit21/repositories/MetricRepository.cpp,🟦,72,domain-aware-adapter,adaptateur compilable utilisant le moteur métier partagé et ses invariants de domaine,631,35b04a5901eb62c5a4f864acf212f03a8b5ac72407bf22bcdfe5cc081df89359
src/elit21/repositories/OrderRepository.cpp,🟦,72,domain-aware-adapter,adaptateur compilable utilisant le moteur métier partagé et ses invariants de domaine,626,1564c537ef98ac8fb46cbf89b027f7192b692b5b9696b9c73bb664bc85dcd0d8
src/elit21/repositories/OutboxRepository.cpp,🟦,72,domain-aware-adapter,adaptateur compilable utilisant le moteur métier partagé et ses invariants de domaine,631,e4aa5c35e99b5bae893ce4eb20943a254c179bd37d4d2bc90ed91e682317897f
src/elit21/repositories/PriceHistoryRepository.cpp,🟦,72,domain-aware-adapter,adaptateur compilable utilisant le moteur métier partagé et ses invariants de domaine,661,c5972850c6ed34fb341f1ec6d0cc246d1ae6751ef0567740f1533396c6e4ec9a
src/elit21/repositories/ProductMappingRepository.cpp,🟦,72,domain-aware-adapter,adaptateur compilable utilisant le moteur métier partagé et ses invariants de domaine,671,851a585822234d71de4e44d88be16ea53ea85bfb5c9351c4ffa56360afa46d89
src/elit21/repositories/ProductRepository.cpp,🟦,72,domain-aware-adapter,adaptateur compilable utilisant le moteur métier partagé et ses invariants de domaine,636,d618e69799c9ba812220aac64cb2f7846ea200f249fadf20e6a1c2b128e48c75
src/elit21/repositories/RefundRepository.cpp,🟦,72,domain-aware-adapter,adaptateur compilable utilisant le moteur métier partagé et ses invariants de domaine,632,4d381b71cfdaad46fa5e254835cea0ff856f180669f49e9a5ea1a771773612cf
src/elit21/repositories/ReturnRepository.cpp,🟦,72,domain-aware-adapter,adaptateur compilable utilisant le moteur métier partagé et ses invariants de domaine,632,46ffe0fc6005c7e2a213201c216b4445da0ec9a78d11a8329e157df8789651f9
src/elit21/repositories/ShipmentRepository.cpp,🟦,72,domain-aware-adapter,adaptateur compilable utilisant le moteur métier partagé et ses invariants de domaine,641,d935d8a4314742416787bc39ae47eb077de727a66fdf81d9969b16460664ea03
src/elit21/repositories/SupplierOrderRepository.cpp,🟦,72,domain-aware-adapter,adaptateur compilable utilisant le moteur métier partagé et ses invariants de domaine,666,ac8c246bb422e48937f8dc0e296df393aeaca2949f9abe796cbee396342ee572
src/elit21/repositories/SupplierRepository.cpp,🟦,72,domain-aware-adapter,adaptateur compilable utilisant le moteur métier partagé et ses invariants de domaine,641,2ab65ba72a361f1866f27e4ef13d89a508392a0564c708e38e25c8d7f75d41c0
src/elit21/repositories/TaskRepository.cpp,🟦,72,domain-aware-adapter,adaptateur compilable utilisant le moteur métier partagé et ses invariants de domaine,621,a69acd20c4cf73eb6f8130032ae6908f762a639dcc51d58bb78f199c40637fef
src/elit21/repositories/TokenRepository.cpp,🟦,72,domain-aware-adapter,adaptateur compilable utilisant le moteur métier partagé et ses invariants de domaine,626,0374c28a8bf3eaad3560c5375bcd9a7a0fafe53a588a4936a57df1d1207d4428
src/elit21/repositories/TrackingRepository.cpp,🟦,72,domain-aware-adapter,adaptateur compilable utilisant le moteur métier partagé et ses invariants de domaine,641,ef1da85b067d7c5ac8e0f410e01757a9b0e2deb3a09d3612dd734871ff0d05d5
src/elit21/repositories/WebhookRepository.cpp,🟦,72,domain-aware-adapter,adaptateur compilable utilisant le moteur métier partagé et ses invariants de domaine,636,789cb76e040b48dc10a4a7e8d3aa0a5d2cbfc30ee0ea181b2145f8fc7398c963
src/elit21/repositories/WorkflowInstanceRepository.cpp,🟦,72,domain-aware-adapter,adaptateur compilable utilisant le moteur métier partagé et ses invariants de domaine,676,609261e1c883aa66738c765c1fb5f17b45500a670d2146b518222a5b193e8fad
src/elit21/resilience/BackoffPolicy.cpp,🟦,72,domain-aware-adapter,adaptateur compilable utilisant le moteur métier partagé et ses invariants de domaine,622,2755770fc28f35bc34f27b3a52ecadc6663a5330b4cbe6a6201ed3cd3749b965
src/elit21/resilience/Bulkhead.cpp,🟦,72,domain-aware-adapter,adaptateur compilable utilisant le moteur métier partagé et ses invariants de domaine,594,299d28cdb546a8145d62ff8b1151332cbb93f29a137a977b957ab2c9352ef6e6
src/elit21/resilience/CircuitBreaker.cpp,🟦,72,domain-aware-adapter,adaptateur compilable utilisant le moteur métier partagé et ses invariants de domaine,624,943c024e9c4c689a4c94d2e5602d0775dccdf03d2d3b2aac75cddd134d8d472a
src/elit21/resilience/DeadLetterQueue.cpp,🟦,72,domain-aware-adapter,adaptateur compilable utilisant le moteur métier partagé et ses invariants de domaine,629,057ebbc181ce7e8c69402937780888653d09b4f6c978007977890d0647ea1f38
src/elit21/resilience/FailureClassifier.cpp,🟦,72,domain-aware-adapter,adaptateur compilable utilisant le moteur métier partagé et ses invariants de domaine,642,212bf3497c161d01d425c764c88662854612f2bd2a97ead3f0081525a3f4b798
src/elit21/resilience/FallbackPolicy.cpp,🟦,72,domain-aware-adapter,adaptateur compilable utilisant le moteur métier partagé et ses invariants de domaine,627,c56b6f89c4416125dd9a87ff5eff0f0a4627da4c2bed3be232303b2bd6811a01
src/elit21/resilience/IdempotencyGuard.cpp,🟦,72,domain-aware-adapter,adaptateur compilable utilisant le moteur métier partagé et ses invariants de domaine,637,a6efe1b19ef4fa43674139b7ec6d105cb66d9b97f5d93bf612a6740f21a70632
src/elit21/resilience/IdempotencyKey.cpp,🟦,72,domain-aware-adapter,adaptateur compilable utilisant le moteur métier partagé et ses invariants de domaine,624,86f4c6cafded9a74772b3b24b8e6a82b660fcfaf7bd7e0bda6ef50b7199f6ae0
src/elit21/resilience/RateLimiter.cpp,🟦,72,domain-aware-adapter,adaptateur compilable utilisant le moteur métier partagé et ses invariants de domaine,609,0e517ddfc2055bcaf159a8ceb243034a8d4b91367ae76037ee7f5ed3396b6cd5
src/elit21/resilience/RecoveryManager.cpp,🟦,72,domain-aware-adapter,adaptateur compilable utilisant le moteur métier partagé et ses invariants de domaine,624,262b77ba3412437e68cdf9d25cefc17d6ae707be26fde7d6ded6d2c31daec2db
src/elit21/resilience/RetryExecutor.cpp,🟦,72,domain-aware-adapter,adaptateur compilable utilisant le moteur métier partagé et ses invariants de domaine,619,faf1a64a952ba6d7682602a521702c15ce690f6bad5432b76cb7881021c029b8
src/elit21/resilience/RetryPolicy.cpp,🟦,72,domain-aware-adapter,adaptateur compilable utilisant le moteur métier partagé et ses invariants de domaine,612,e85274bbdb607232535f75bea16e98c1001e5662208a68a91921735bb62e5f3e
src/elit21/resilience/TimeoutPolicy.cpp,🟦,72,domain-aware-adapter,adaptateur compilable utilisant le moteur métier partagé et ses invariants de domaine,622,9c07825eedf3482e9a37c3a7617dc7e0a30736ba53f97ab4fe1cf9989d015601
src/elit21/resilience/Watchdog.cpp,🟦,72,domain-aware-adapter,adaptateur compilable utilisant le moteur métier partagé et ses invariants de domaine,594,b31e3ee9586dc533230fc251e40acbab26887e2b3132be5b3813d8693d4350dc
src/elit21/returns/AliExpressDisputeAdapter.cpp,🟦,72,domain-aware-adapter,adaptateur compilable utilisant le moteur métier partagé et ses invariants de domaine,662,a9c3f5da0ac3563218c1bad07ee0bc608f519d7f85a0849e52f8e47e8daeb116
src/elit21/returns/DisputeEvidenceBuilder.cpp,🟦,72,domain-aware-adapter,adaptateur compilable utilisant le moteur métier partagé et ses invariants de domaine,655,cad484e3debee082796d7961910b4792fdc16c3d3a66f5613cf3f63d269a9f33
src/elit21/returns/DisputeExceptionQueue.cpp,🟦,72,domain-aware-adapter,adaptateur compilable utilisant le moteur métier partagé et ses invariants de domaine,647,15fea38131b1a2a9c741344cae93976d5f649fa606d20c7434f5724c2e8592d8
src/elit21/returns/RefundCalculator.cpp,🟦,72,domain-aware-adapter,adaptateur compilable utilisant le moteur métier partagé et ses invariants de domaine,635,5a8be9d7e5f6f660d8bf0656796579df2c78f209221d57ca23eca3466eed8ffd
src/elit21/returns/RefundCoordinator.cpp,🟦,72,domain-aware-adapter,adaptateur compilable utilisant le moteur métier partagé et ses invariants de domaine,628,184e221458c0645fd953aebeff778f1e3e46ed816fc1ad426abb05362823c533
src/elit21/returns/RefundDecision.cpp,🟦,72,domain-aware-adapter,adaptateur compilable utilisant le moteur métier partagé et ses invariants de domaine,613,671c76879c81fa9da4e06322ea669f540147ac22a5bc4b2276abea8435885d49
src/elit21/returns/RefundPolicy.cpp,🟦,72,domain-aware-adapter,adaptateur compilable utilisant le moteur métier partagé et ses invariants de domaine,615,398ccd18ea1837bb32ca690b5f856e672840793c10aa9e1aa2e8a7aa615c32f7
src/elit21/returns/ReturnEligibilityChecker.cpp,🟦,72,domain-aware-adapter,adaptateur compilable utilisant le moteur métier partagé et ses invariants de domaine,675,82f3c4b442d87057ee0ae49f08948491f18d083998e2306767e9863bed30f259
src/elit21/returns/ReturnRequest.cpp,🟦,72,domain-aware-adapter,adaptateur compilable utilisant le moteur métier partagé et ses invariants de domaine,608,7cf0c98691e75ceef7616f4367c03ae73d7c24372b53360080c0bf17c446a4f9
src/elit21/returns/ReturnRequestProcessor.cpp,🟦,72,domain-aware-adapter,adaptateur compilable utilisant le moteur métier partagé et ses invariants de domaine,653,e42fc26df7880155c3cf1f76e02e7487f382549144fa3abb622eeee571aea69f
src/elit21/returns/ReturnStateMachine.cpp,🟦,72,domain-aware-adapter,adaptateur compilable utilisant le moteur métier partagé et ses invariants de domaine,633,2e2ccf41aadd7c1c8589c49a505cd3c647d0a5cd1be56ce24836a6c34f40beee
src/elit21/returns/ShopifyRefundExecutor.cpp,🟦,72,domain-aware-adapter,adaptateur compilable utilisant le moteur métier partagé et ses invariants de domaine,648,a14637fb4b3f7d532addd38224cb7cb0716b3fddf4ed44578e081c225902a852
src/elit21/risk/AnomalyDetector.cpp,🟦,72,domain-aware-adapter,adaptateur compilable utilisant le moteur métier partagé et ses invariants de domaine,594,e0f60a5d05a55cf80fd4680c9cc880cd6feb0998a1e95bbe79fe4d66e6ee6568
src/elit21/risk/FraudIndicator.cpp,🟦,72,domain-aware-adapter,adaptateur compilable utilisant le moteur métier partagé et ses invariants de domaine,599,ce273c7623349ccefe03af3fa51f20a33b57946201831aa349d5859b1e60528f
src/elit21/risk/FraudRiskEngine.cpp,🟦,72,domain-aware-adapter,adaptateur compilable utilisant le moteur métier partagé et ses invariants de domaine,599,3450307e618f0f03de1355bd9bfedeeda19a11d0cc73e4e34d407be5f2d0046c
src/elit21/risk/HighRiskOrderGuard.cpp,🟦,72,domain-aware-adapter,adaptateur compilable utilisant le moteur métier partagé et ses invariants de domaine,632,cdeda54b64b6543149ccb585a2bf39d233fa6c3faf3b5ec3c5cea643df20f217
src/elit21/risk/LossPreventionPolicy.cpp,🟦,72,domain-aware-adapter,adaptateur compilable utilisant le moteur métier partagé et ses invariants de domaine,632,1ddeb35d8ad87100ed7a1be3cd0297c7ff7d8a299cae01c2f2f12938aaab4a10
src/elit21/risk/RiskDecision.cpp,🟦,72,domain-aware-adapter,adaptateur compilable utilisant le moteur métier partagé et ses invariants de domaine,589,124ad975d4cd6dcba83f66e09f692a5c6dd2af19d20432d0efaa4939817d05f2
src/elit21/risk/RiskEngine.cpp,✅,92,dedicated-implementation,"implémentation C++ métier dédiée, compilée et liée",1080,f2e32b9910abc8b8f83cd278c62a98410a85973d08732bcaf63e2cf437eefbe8
src/elit21/risk/RiskRule.cpp,🟦,72,domain-aware-adapter,adaptateur compilable utilisant le moteur métier partagé et ses invariants de domaine,569,78c4dfed542a70b6d20cd5a7471b792da5e5e0240ea07ad631a04585ba7bdf2b
src/elit21/risk/RiskRuleEngine.cpp,🟦,72,domain-aware-adapter,adaptateur compilable utilisant le moteur métier partagé et ses invariants de domaine,594,3aa203f5eccbf456eab1561a32e42c02ed774c9159deeaf9d7b47e5566fad42c
src/elit21/risk/SupplierRiskMonitor.cpp,🟦,72,domain-aware-adapter,adaptateur compilable utilisant le moteur métier partagé et ses invariants de domaine,614,7d8a327b405bb0b5e77c83960e7e728e41040dbbe9c5e63cfaa9e8ffcadeb62b
src/elit21/risk/TransactionRiskAnalyzer.cpp,🟦,72,domain-aware-adapter,adaptateur compilable utilisant le moteur métier partagé et ses invariants de domaine,634,ea4e8963d5ed92fc1a0d9cb5a0d0a678351fd520464345b910660e62c75ee5d0
src/elit21/scheduler/CronExpression.cpp,🟦,72,domain-aware-adapter,adaptateur compilable utilisant le moteur métier partagé et ses invariants de domaine,621,bec14317ba6e85d087a7d8562c2a52924e2dbe43ee2810c6f0aca8f4a2e827ed
src/elit21/scheduler/Job.cpp,🟦,72,domain-aware-adapter,adaptateur compilable utilisant le moteur métier partagé et ses invariants de domaine,566,8465a6482c511d4f2853dff9d79398cecff7294a36d629059cde0ef4beeb1750
src/elit21/scheduler/JobContext.cpp,🟦,72,domain-aware-adapter,adaptateur compilable utilisant le moteur métier partagé et ses invariants de domaine,601,bb7c64bc7ae3e771491e67e0c7332831111410e4575837c9ae31a1d44c7c5c35
src/elit21/scheduler/JobDefinition.cpp,🟦,72,domain-aware-adapter,adaptateur compilable utilisant le moteur métier partagé et ses invariants de domaine,616,47b396f84f370de43e1c96a838fab69b9eff9a9e0d1ebbe84aef1f57cb03c263
src/elit21/scheduler/JobRegistry.cpp,🟦,72,domain-aware-adapter,adaptateur compilable utilisant le moteur métier partagé et ses invariants de domaine,606,50749d8681d30419543e15c346487d15046719e8c15c519706e3579e29adcbe6
src/elit21/scheduler/JobRepository.cpp,🟦,72,domain-aware-adapter,adaptateur compilable utilisant le moteur métier partagé et ses invariants de domaine,616,1e073d390caa54aec682d83cc415e6543f1680d6ff393fedd5189bde4e5900ea
src/elit21/scheduler/JobScheduler.cpp,🟦,72,domain-aware-adapter,adaptateur compilable utilisant le moteur métier partagé et ses invariants de domaine,602,7940b4075f92c2b199bcaaccefdbf89aaaa420a37e6bdc41f9a0f41903581f40
src/elit21/scheduler/JobStatus.cpp,🟦,72,domain-aware-adapter,adaptateur compilable utilisant le moteur métier partagé et ses invariants de domaine,596,161f08289d79de1807bc96e36a6b67014d688ba9c1a8c461ffbac5ec7653b3a5
src/elit21/scheduler/RecurringJob.cpp,🟦,72,domain-aware-adapter,adaptateur compilable utilisant le moteur métier partagé et ses invariants de domaine,611,c63e7d3654512dc3dbbaffd2302ba60e0a24a5dc4d22cbeb2429f9719d607efe
src/elit21/scheduler/ScheduledJob.cpp,🟦,72,domain-aware-adapter,adaptateur compilable utilisant le moteur métier partagé et ses invariants de domaine,602,1366b47f4de52334a9ad71a0230cb7f86129dd4edf8b14592e6e737795a05a50
src/elit21/scheduler/SchedulerClock.cpp,🟦,72,domain-aware-adapter,adaptateur compilable utilisant le moteur métier partagé et ses invariants de domaine,612,01a34014985e9d806fa649e11ce9e386b5ac7723a48505ccba3c63a1e3179b86
src/elit21/security/AccessToken.cpp,🟦,72,domain-aware-adapter,adaptateur compilable utilisant le moteur métier partagé et ses invariants de domaine,603,a50c81d51a24a5d1976e254b2f1400a2c38e5bbefc460783747d4f5751a70d01
src/elit21/security/ApiCredential.cpp,🟦,72,domain-aware-adapter,adaptateur compilable utilisant le moteur métier partagé et ses invariants de domaine,613,c57f5b4c905ada00589a81c1d7dafa22461d23b21d718df2f0cb90ea081f5101
src/elit21/security/AuditChain.cpp,🟦,72,domain-aware-adapter,adaptateur compilable utilisant le moteur métier partagé et ses invariants de domaine,598,05717139e41081011550ae702f9d9dccab92532f99b5768a43c86d263c70eb26
src/elit21/security/Base64.cpp,🟦,72,domain-aware-adapter,adaptateur compilable utilisant le moteur métier partagé et ses invariants de domaine,578,0a7cd76186aeed98debe4de593a4d3a8d16795226b1dd5c81ca3705e7e4f2c56
src/elit21/security/CertificateStore.cpp,🟦,72,domain-aware-adapter,adaptateur compilable utilisant le moteur métier partagé et ses invariants de domaine,628,56f9b2b131bcbcf115ece3a5de379e6194398534cd3242b3d4e802048e17795f
src/elit21/security/ConstantTimeCompare.cpp,🟦,72,domain-aware-adapter,adaptateur compilable utilisant le moteur métier partagé et ses invariants de domaine,643,7ca1433d3163fd54f994b63df2d98707f2ca715656df0ff13959497c7340b43f
src/elit21/security/CredentialManager.cpp,🟦,72,domain-aware-adapter,adaptateur compilable utilisant le moteur métier partagé et ses invariants de domaine,628,e59577164c09b76fe7d852304cbcaa36da24ce5a23898dd44c547d0acd7b3dce
src/elit21/security/Crypto.cpp,✅,92,dedicated-implementation,"implémentation C++ métier dédiée, compilée et liée",2054,df0608ba25dc0ba05c5207d5035f14290313322df69550a11ecc40439e552807
src/elit21/security/DataEncryptor.cpp,✅,92,dedicated-implementation,"implémentation C++ métier dédiée, compilée et liée",8244,6638846ddb787c75a4d928730a28c07fcde8bb7d0e8248d2d871c1d659f48b9b
src/elit21/security/DataRedactor.cpp,✅,92,dedicated-implementation,"implémentation C++ métier dédiée, compilée et liée",1162,811805db53768bc308ede72b8a911cd8070a3b3323c3bfc636cb791b6eb7c4de
src/elit21/security/HmacSigner.cpp,🟦,72,domain-aware-adapter,adaptateur compilable utilisant le moteur métier partagé et ses invariants de domaine,598,67d4c7b2f96c6691b48b9a73dd11b69f2957d304b0189c32a4158e03972294e5
src/elit21/security/KeyDerivation.cpp,🟦,72,domain-aware-adapter,adaptateur compilable utilisant le moteur métier partagé et ses invariants de domaine,613,b9c10d50acb09a641344260a77b04d907e6f31008076aa7afc3cd843390c1b2c
src/elit21/security/KeyRotationManager.cpp,🟦,72,domain-aware-adapter,adaptateur compilable utilisant le moteur métier partagé et ses invariants de domaine,633,e26ea3d4f833469a93a96cac2677934ff67293cf6ba035c45bb50d6ba37eeb93
src/elit21/security/Md5Digest.cpp,🟦,72,domain-aware-adapter,adaptateur compilable utilisant le moteur métier partagé et ses invariants de domaine,593,d6806dbd8dc872c8167953e7102502b468a410208d27449e287f855c6a37c34e
src/elit21/security/RandomGenerator.cpp,🟦,72,domain-aware-adapter,adaptateur compilable utilisant le moteur métier partagé et ses invariants de domaine,623,6bdcae27c64c19d896506fc5cd03575461b4f4df652edbf2a38f052d57417925
src/elit21/security/Secret.cpp,🟦,72,domain-aware-adapter,adaptateur compilable utilisant le moteur métier partagé et ses invariants de domaine,578,e809ada6448d676bc76fcfa88fe0726acdf8c62d3de1835f4b199d5bd3a5fc13
src/elit21/security/SecretStore.cpp,🟦,72,domain-aware-adapter,adaptateur compilable utilisant le moteur métier partagé et ses invariants de domaine,603,315a4382224f21eb61985b745fb3aad9a5ea4a1d1017642760091ab5d08f9bf2
src/elit21/security/SecureBuffer.cpp,🟦,72,domain-aware-adapter,adaptateur compilable utilisant le moteur métier partagé et ses invariants de domaine,608,1b596a9607f2b3e12ab2842a8e444e1e37cfea05e6d0778d97aea71ed4843287
src/elit21/security/Sha256Digest.cpp,🟦,72,domain-aware-adapter,adaptateur compilable utilisant le moteur métier partagé et ses invariants de domaine,608,769b5e713418be878ac4a4b52f458bbae6dcbe1462330bd2ff57b046537ac269
src/elit21/security/SignatureVerifier.cpp,🟦,72,domain-aware-adapter,adaptateur compilable utilisant le moteur métier partagé et ses invariants de domaine,633,2987f60d090b06fe2bbe26629c2c61ca57771eeffc1e31931effbe74a0a14529
src/elit21/security/TokenVault.cpp,🟦,72,domain-aware-adapter,adaptateur compilable utilisant le moteur métier partagé et ses invariants de domaine,598,3c33e625b9a588899163ffb83f7678d7c1c95e20b0ce565f1c988487505be561
src/elit21/security/WebhookReplayGuard.cpp,🟦,72,domain-aware-adapter,adaptateur compilable utilisant le moteur métier partagé et ses invariants de domaine,648,a83717e4e099c41d37f73681c8c987e4ada43208cc3b524b62167981596b8456
src/elit21/serialization/CsvReader.cpp,🟦,72,domain-aware-adapter,adaptateur compilable utilisant le moteur métier partagé et ses invariants de domaine,597,d0c2bfffdde2080868f2eced3df0bf15f5fc4c7c49952fab942f43f692a38c8a
src/elit21/serialization/CsvWriter.cpp,🟦,72,domain-aware-adapter,adaptateur compilable utilisant le moteur métier partagé et ses invariants de domaine,598,cb31daa2c197b23e2e81c0bfd328cb2ad96973b1e59d9e02ce913c8fb69b0d54
src/elit21/serialization/JsonDeserializer.cpp,🟦,72,domain-aware-adapter,adaptateur compilable utilisant le moteur métier partagé et ses invariants de domaine,645,e90035c30668d1eb9f46133544564806fa3080a7d94e06345a22e600b39bf339
src/elit21/serialization/JsonDocument.cpp,🟦,72,domain-aware-adapter,adaptateur compilable utilisant le moteur métier partagé et ses invariants de domaine,622,34effef5368c267448705e18365695ecc1b608d3070f6eba916d9dd787998cca
src/elit21/serialization/JsonSerializer.cpp,🟦,72,domain-aware-adapter,adaptateur compilable utilisant le moteur métier partagé et ses invariants de domaine,635,f22d90591992499fed69219e89542b9048d6db46c16091a84c4f99ccfcf99833
src/elit21/serialization/JsonValue.cpp,🟦,72,domain-aware-adapter,adaptateur compilable utilisant le moteur métier partagé et ses invariants de domaine,607,a43f4f0f0df24c49e225172340a29081dfb5fb4d4aad85d47398f433a050e467
src/elit21/serialization/ModelSerializer.cpp,🟦,72,domain-aware-adapter,adaptateur compilable utilisant le moteur métier partagé et ses invariants de domaine,640,4709776336f0408073b6fad701a58a1683142719e3e342a0a1b555c89e0d2d42
src/elit21/serialization/QueryStringSerializer.cpp,🟦,72,domain-aware-adapter,adaptateur compilable utilisant le moteur métier partagé et ses invariants de domaine,670,c0b0be113075b8ae8eafa6cf99401c055848d2c210b797666e45f44628f4f098
src/elit21/shopify/auth/ShopifyAuthorizationUrlBuilder.cpp,✅,92,dedicated-implementation,"implémentation C++ métier dédiée, compilée et liée",525,53a6fa34f4208ac8ef4b5ec266835ec0bb8ae4752ce536d1f94558d6638902ee
src/elit21/shopify/auth/ShopifyOAuthClient.cpp,✅,92,dedicated-implementation,"implémentation C++ métier dédiée, compilée et liée",1144,2b1b85a354bd14c767aee7fb0c57e06c1538cc3c951ce250f97dfff1f482d1ab
src/elit21/shopify/auth/ShopifyOAuthStateStore.cpp,✅,92,dedicated-implementation,"implémentation C++ métier dédiée, compilée et liée",728,ddf0874e8fe85e65bba94a7ab4c771dd88bb57ab19a9ff24d51b5af60edf4d54
src/elit21/shopify/auth/ShopifyTokenManager.cpp,✅,92,dedicated-implementation,"implémentation C++ métier dédiée, compilée et liée",468,d28c5a0e524174d86d001342ef871c32531995b17a0a6a9390ba4aa3c9d970c2
src/elit21/shopify/auth/ShopifyTokenRefreshPolicy.cpp,✅,92,dedicated-implementation,"implémentation C++ métier dédiée, compilée et liée",59,46a5d6b426f73d28cec21a62d6ebfa6e1f959be9cee91395ac437c3b1fe4ceb1
src/elit21/shopify/bulk/BulkDownloadManager.cpp,🟦,72,domain-aware-adapter,adaptateur compilable utilisant le moteur métier partagé et ses invariants de domaine,667,de3713ec7656eb7ae1db25a1a15eefc02ed7b5e591502b04d5ee9bf3f6ee6b2e
src/elit21/shopify/bulk/BulkInventorySynchronizer.cpp,🟦,72,domain-aware-adapter,adaptateur compilable utilisant le moteur métier partagé et ses invariants de domaine,698,18cab1b15711fb82a809207d125c18a2f2c510bd85f6d368a69f79ab8cfe32d8
src/elit21/shopify/bulk/BulkJsonlParser.cpp,🟦,72,domain-aware-adapter,adaptateur compilable utilisant le moteur métier partagé et ses invariants de domaine,656,7d4afb16af3e3e92057ec2dc0f3eb47e6815b55828fe6e6bcc99bae3d08cdca6
src/elit21/shopify/bulk/BulkOperationMonitor.cpp,🟦,72,domain-aware-adapter,adaptateur compilable utilisant le moteur métier partagé et ses invariants de domaine,668,1226bcd3b8fb89185c672cca5f3cff95aa3b2729562054b876e1d6b31fadf101
src/elit21/shopify/bulk/BulkOrderExporter.cpp,🟦,72,domain-aware-adapter,adaptateur compilable utilisant le moteur métier partagé et ses invariants de domaine,663,6668545a5d70cf28d48b6793733185a5b87d49c207154356e2a4f1f4aa9dfa35
src/elit21/shopify/bulk/BulkProductExporter.cpp,🟦,72,domain-aware-adapter,adaptateur compilable utilisant le moteur métier partagé et ses invariants de domaine,675,73edecd4525e04a9251758ae7769ff3713507514cdb886218da9e26b5b7420b9
src/elit21/shopify/bulk/BulkProductImporter.cpp,🟦,72,domain-aware-adapter,adaptateur compilable utilisant le moteur métier partagé et ses invariants de domaine,675,ded85d7588218cd439ff20191d8bd8454ac07fcae0809bed3568d030ddea376c
src/elit21/shopify/bulk/BulkUploadManager.cpp,🟦,72,domain-aware-adapter,adaptateur compilable utilisant le moteur métier partagé et ses invariants de domaine,657,2f27dd796baab5e96233803435807c3eeb56ae2722497aea5c54a65a6d5f149c
src/elit21/shopify/bulk/StagedUploadManager.cpp,🟦,72,domain-aware-adapter,adaptateur compilable utilisant le moteur métier partagé et ses invariants de domaine,667,250ab519c8fce76323a5f1422f82053518443e703e1f9efb5974d8598e0bfcff
src/elit21/shopify/graphql/GraphqlDocument.cpp,✅,92,dedicated-implementation,"implémentation C++ métier dédiée, compilée et liée",910,5e34c9a0a1b92e584d383b5c0c26088c0c48bf44234ea8bdacc7e13a0cb10783
src/elit21/shopify/graphql/GraphqlError.cpp,✅,92,dedicated-implementation,"implémentation C++ métier dédiée, compilée et liée",49,69cfa2e38f1edb645267bdbed1e126172c35c86ff9d248e320fcee45dda4b8a7
src/elit21/shopify/graphql/GraphqlOperation.cpp,🟦,72,domain-aware-adapter,adaptateur compilable utilisant le moteur métier partagé et ses invariants de domaine,670,48e9a40da41f90a8060ac6e9fa752b1880b9b23325ebf1c1081df7a3b41ecc01
src/elit21/shopify/graphql/GraphqlRequest.cpp,✅,92,dedicated-implementation,"implémentation C++ métier dédiée, compilée et liée",379,08637ac5ab01c2dee0fda8a7b08188f4bc5f6867b4d730897eed6c31b863aa9f
src/elit21/shopify/graphql/GraphqlResponse.cpp,✅,92,dedicated-implementation,"implémentation C++ métier dédiée, compilée et liée",958,c8552501d6851a4e3248adb9d8bb0b67ee484876e42966c85c8a75551ee99935
src/elit21/shopify/graphql/GraphqlTransport.cpp,✅,92,dedicated-implementation,"implémentation C++ métier dédiée, compilée et liée",1304,6ae6d9a9c21867689daefed932ac2c674e1a5cae6807cf2c7ec4aac65830a236
src/elit21/shopify/graphql/ShopifyCostThrottler.cpp,✅,92,dedicated-implementation,"implémentation C++ métier dédiée, compilée et liée",789,f43b60b8f6075e6dbdb2a30f016808de97e736cbb1539ca63e337b195c0dc21b
src/elit21/shopify/graphql/ShopifyGraphqlClient.cpp,✅,92,dedicated-implementation,"implémentation C++ métier dédiée, compilée et liée",383,86350e717f4fbf72314a7d1c710a697239d5ed33e0f59a66597876d2117a1f96
src/elit21/shopify/graphql/ShopifyGraphqlPaginator.cpp,✅,92,dedicated-implementation,"implémentation C++ métier dédiée, compilée et liée",259,b1ec43f4b88d3402f1346d0c5ffae3299dae03ad37e7c0fc1260b5b013e11a81
src/elit21/shopify/graphql/ShopifyQueryBuilder.cpp,✅,92,dedicated-implementation,"implémentation C++ métier dédiée, compilée et liée",655,aedc69f4bdee3b15e8a32151084a20026dbf0b5413afd94fddadeddfbda2903c
src/elit21/shopify/graphql/ShopifyUserErrorParser.cpp,✅,92,dedicated-implementation,"implémentation C++ métier dédiée, compilée et liée",781,33fffacc18252e7f44222af8b5ae4827a4b0f74c83f81ec4ec78d18585799442
src/elit21/shopify/models/ShopifyBulkOperation.cpp,🟦,72,domain-aware-adapter,adaptateur compilable utilisant le moteur métier partagé et ses invariants de domaine,686,2b3d8ce507dfee3debf5e8a2105ceabed931dbf397a47617908442b3c22cd211
src/elit21/shopify/models/ShopifyCollection.cpp,🟦,72,domain-aware-adapter,adaptateur compilable utilisant le moteur métier partagé et ses invariants de domaine,671,995e2d6536e6332c7089d8940f85e352ea2001895de94cd6e659da4819fed93c
src/elit21/shopify/models/ShopifyCustomer.cpp,🟦,72,domain-aware-adapter,adaptateur compilable utilisant le moteur métier partagé et ses invariants de domaine,661,dc492f60d62670bfe433f8621230cf46cb9516b3bd3b3ceb799d187d0be02e4d
src/elit21/shopify/models/ShopifyDiscount.cpp,🟦,72,domain-aware-adapter,adaptateur compilable utilisant le moteur métier partagé et ses invariants de domaine,661,b2d6c743171610549d61ccb6e0e07a0eb096413a60faff8615b051966974ca7e
src/elit21/shopify/models/ShopifyFulfillment.cpp,🟦,72,domain-aware-adapter,adaptateur compilable utilisant le moteur métier partagé et ses invariants de domaine,676,06c1ddadf483622490b2f667a046c2fd892b454ba46700511c9e308657e3c4bf
src/elit21/shopify/models/ShopifyFulfillmentOrder.cpp,🟦,72,domain-aware-adapter,adaptateur compilable utilisant le moteur métier partagé et ses invariants de domaine,701,e2e82e5c92507b09c69141e642949c3431b4b55df5284ffb6879d218e63c79a1
src/elit21/shopify/models/ShopifyInventoryItem.cpp,🟦,72,domain-aware-adapter,adaptateur compilable utilisant le moteur métier partagé et ses invariants de domaine,686,936e87ed0b3526ff63ea1fa96d7ad758e4a93105832fe9acfd410a861767daae
src/elit21/shopify/models/ShopifyInventoryLevel.cpp,🟦,72,domain-aware-adapter,adaptateur compilable utilisant le moteur métier partagé et ses invariants de domaine,691,0a2613104f4ea0e3d70e865a2f2d8e1a041d1f1b153364871dd2eea5fca246ca
src/elit21/shopify/models/ShopifyLocation.cpp,🟦,72,domain-aware-adapter,adaptateur compilable utilisant le moteur métier partagé et ses invariants de domaine,661,7dc5ca07fad8ff68cb3215466a5e66f380cb26cd1548cf5f5371414b244d60c3
src/elit21/shopify/models/ShopifyMarket.cpp,🟦,72,domain-aware-adapter,adaptateur compilable utilisant le moteur métier partagé et ses invariants de domaine,651,e58fbe284bed11f4ff66b06ff71708fba239c4f98bf8d0db0e673b0a9435c948
src/elit21/shopify/models/ShopifyMedia.cpp,🟦,72,domain-aware-adapter,adaptateur compilable utilisant le moteur métier partagé et ses invariants de domaine,646,a5fadcdce002c972b4bd371b593ac622f720506571214aeceb497bbcd2905f9d
src/elit21/shopify/models/ShopifyMetafield.cpp,🟦,72,domain-aware-adapter,adaptateur compilable utilisant le moteur métier partagé et ses invariants de domaine,666,cb0736685578d2d073868df14332d29516f0a864bbef5ba20876ed6fdf599d3a
src/elit21/shopify/models/ShopifyMetaobject.cpp,🟦,72,domain-aware-adapter,adaptateur compilable utilisant le moteur métier partagé et ses invariants de domaine,671,82d05da076dabbee3b30cddb840c71bdea787fb672f8e17cf36a07b679e401c0
src/elit21/shopify/models/ShopifyOrder.cpp,🟦,72,domain-aware-adapter,adaptateur compilable utilisant le moteur métier partagé et ses invariants de domaine,646,d456fce9677115882b21047943b136e00cea283778d883769868ae2e660ed02f
src/elit21/shopify/models/ShopifyOrderLine.cpp,🟦,72,domain-aware-adapter,adaptateur compilable utilisant le moteur métier partagé et ses invariants de domaine,666,38edd8348112cb850d349de80f2ada9c74ec6c5ffbd71f0f7ad446e8bf26a8a8
src/elit21/shopify/models/ShopifyProduct.cpp,🟦,72,domain-aware-adapter,adaptateur compilable utilisant le moteur métier partagé et ses invariants de domaine,656,40de448145dc68a422ddf19972e0eafb4dd46ea9b4450a571252694e9e44e7bb
src/elit21/shopify/models/ShopifyProductVariant.cpp,🟦,72,domain-aware-adapter,adaptateur compilable utilisant le moteur métier partagé et ses invariants de domaine,691,a28e38368d07a46c6e5e2b11415df3acfa1af308ea5eff01cfcafa8ddca14866
src/elit21/shopify/models/ShopifyPublication.cpp,🟦,72,domain-aware-adapter,adaptateur compilable utilisant le moteur métier partagé et ses invariants de domaine,676,72a087cac4beba6afab7d747fd1ede71d8cfe2a9c130caa7cf6a9daba70ab1a1
src/elit21/shopify/models/ShopifyRefund.cpp,🟦,72,domain-aware-adapter,adaptateur compilable utilisant le moteur métier partagé et ses invariants de domaine,651,545e8b99ca7aa4d0cbcc8914387036132e58df29e40e6df6a6749ae933241d2f
src/elit21/shopify/models/ShopifyReturn.cpp,🟦,72,domain-aware-adapter,adaptateur compilable utilisant le moteur métier partagé et ses invariants de domaine,651,848578954213147536337c2a22ad738f9a525d38ddd925ce6e2ccfc0f417ab0c
src/elit21/shopify/models/ShopifyShop.cpp,🟦,72,domain-aware-adapter,adaptateur compilable utilisant le moteur métier partagé et ses invariants de domaine,641,82dd12070598aabf4dff858a8e1079ea963c7379d77608cb910bee8d8a6bbd8e
src/elit21/shopify/models/ShopifyTrackingInfo.cpp,🟦,72,domain-aware-adapter,adaptateur compilable utilisant le moteur métier partagé et ses invariants de domaine,681,977d948ac48413082060d8963f5c3a9d9396d8405864bb7005c4835056eb8289
src/elit21/shopify/models/ShopifyTransaction.cpp,🟦,72,domain-aware-adapter,adaptateur compilable utilisant le moteur métier partagé et ses invariants de domaine,676,491d231c349145c4457aac1d74a890958605aed688740c163470e312fd55c375
src/elit21/shopify/models/ShopifyWebhookSubscription.cpp,🟦,72,domain-aware-adapter,adaptateur compilable utilisant le moteur métier partagé et ses invariants de domaine,716,392a0aa7126cf1b4e9d962db6e4be2b896ffe14b4118d3e122025f51d340997d
src/elit21/shopify/mutations/BulkOperationMutations.cpp,✅,92,dedicated-implementation,"implémentation C++ métier dédiée, compilée et liée",374,88fa1dd157d5cad3eae756491baafc1cf7721c75c3b7eb9bdc1db411a932c883
src/elit21/shopify/mutations/CollectionMutations.cpp,✅,92,dedicated-implementation,"implémentation C++ métier dédiée, compilée et liée",352,1923d3ccda07bf6b1f2d3147586692808980c687ceb6671c754f5efc65099e89
src/elit21/shopify/mutations/CustomerMutations.cpp,✅,92,dedicated-implementation,"implémentation C++ métier dédiée, compilée et liée",338,a3c616ccf25a762e8045a9c30ceb41928c433bcbfecdb4b530a157148cf7365e
src/elit21/shopify/mutations/DiscountMutations.cpp,✅,92,dedicated-implementation,"implémentation C++ métier dédiée, compilée et liée",418,e1b930d92ad794fe8d2d86e6adc3e09ca4c5f79fbefd297bd6c3797eff5c4d71
src/elit21/shopify/mutations/DraftOrderMutations.cpp,✅,92,dedicated-implementation,"implémentation C++ métier dédiée, compilée et liée",352,dae3ed96c4484fe537eec1e42546bcbaf4b1a2c48ac13b13f3f35cb886885171
src/elit21/shopify/mutations/FileMutations.cpp,✅,92,dedicated-implementation,"implémentation C++ métier dédiée, compilée et liée",331,a4b9ca82be0996d54e7f693790e8dbe9cd855bac127c4f4b83bbfd2eaf8570ca
src/elit21/shopify/mutations/FulfillmentMutations.cpp,✅,92,dedicated-implementation,"implémentation C++ métier dédiée, compilée et liée",384,ff9a1a2cf47534038edb92cef11db2d3057e53769df0eccad38df3f23151195e
src/elit21/shopify/mutations/FulfillmentOrderMutations.cpp,✅,92,dedicated-implementation,"implémentation C++ métier dédiée, compilée et liée",431,6e3fc2fd4f606a27660351e1db2294e9081a2566624531b62158e3f84bccd31d
src/elit21/shopify/mutations/InventoryMutations.cpp,✅,92,dedicated-implementation,"implémentation C++ métier dédiée, compilée et liée",401,4fb5740c20c511024f2a41b2ed4f73d4e84b4826c7be6e0818452fbd389c56e4
src/elit21/shopify/mutations/MetafieldMutations.cpp,✅,92,dedicated-implementation,"implémentation C++ métier dédiée, compilée et liée",382,1799f1c8d509002fccd51037dcfa0b177a7e0af0ba0858ac4179f3bd516431b6
src/elit21/shopify/mutations/MetaobjectMutations.cpp,✅,92,dedicated-implementation,"implémentation C++ métier dédiée, compilée et liée",380,5461dfc26c7dc7b6a7999e146684d697ce91b1986bd9e5fcb6b4f5781a849c81
src/elit21/shopify/mutations/OrderMutations.cpp,✅,92,dedicated-implementation,"implémentation C++ métier dédiée, compilée et liée",317,62de9487f557417b5ee3b20a17563ec1ac02cf922bb045741fac7913eb087cc4
src/elit21/shopify/mutations/ProductMediaMutations.cpp,✅,92,dedicated-implementation,"implémentation C++ métier dédiée, compilée et liée",409,6fbea4b24a29cc9a2f48bf9b2b774270a9e936e7d77cdb97d73c8bd1c58fb014
src/elit21/shopify/mutations/ProductMutations.cpp,✅,92,dedicated-implementation,"implémentation C++ métier dédiée, compilée et liée",343,fa2155bb3a219572324938282a563604b81b689a626897742a66601431979e1b
src/elit21/shopify/mutations/ProductVariantMutations.cpp,✅,92,dedicated-implementation,"implémentation C++ métier dédiée, compilée et liée",449,d66a65efaeca9d56c668409552181917a5253e5cf283583c1ad45bdf063d8dbc
src/elit21/shopify/mutations/PublicationMutations.cpp,✅,92,dedicated-implementation,"implémentation C++ métier dédiée, compilée et liée",380,bcde2cdc285392a59cafa1935c538d821ebe5ec2bb88c32d86a244ab61652d0a
src/elit21/shopify/mutations/RefundMutations.cpp,✅,92,dedicated-implementation,"implémentation C++ métier dédiée, compilée et liée",324,2b597306d64d3b6ecc95df80c53074568cc5d255359993638aa65dc97c6a7fa4
src/elit21/shopify/mutations/ReturnMutations.cpp,✅,92,dedicated-implementation,"implémentation C++ métier dédiée, compilée et liée",342,2dc603364b9d5f5178ff38e4957003ddd567c169b3431958de9cb7dce41ca917
src/elit21/shopify/mutations/WebhookMutations.cpp,✅,92,dedicated-implementation,"implémentation C++ métier dédiée, compilée et liée",479,a853eac4d7531eb4f430032d30afd19ce4f6cb342681e6af93402789a384c4f8
src/elit21/shopify/queries/BulkOperationQueries.cpp,✅,92,dedicated-implementation,"implémentation C++ métier dédiée, compilée et liée",367,a69eaf266f3a041a947d9487b23ff1a7a64c1b2ea01985fe5c104337b423c359
src/elit21/shopify/queries/CollectionQueries.cpp,✅,92,dedicated-implementation,"implémentation C++ métier dédiée, compilée et liée",364,08196305c4314792cbf97eb057ebdb8cb05cc6902e4a8f497ba420a40911e9c5
src/elit21/shopify/queries/CustomerQueries.cpp,✅,92,dedicated-implementation,"implémentation C++ métier dédiée, compilée et liée",376,26d4a982fed59383830b0dce32c72dbbbb88808f9d34a5f7df3f1d4a525b69cd
src/elit21/shopify/queries/DiscountQueries.cpp,✅,92,dedicated-implementation,"implémentation C++ métier dédiée, compilée et liée",334,90882199b8b3ffed9cd2931679acab2433d5b2a075e97484046c6df0018f8084
src/elit21/shopify/queries/DraftOrderQueries.cpp,✅,92,dedicated-implementation,"implémentation C++ métier dédiée, compilée et liée",341,d379b6465244cc02cfd7def86bf362b4b4988cca63a89e4ce7d26a1c60d8739f
src/elit21/shopify/queries/FileQueries.cpp,✅,92,dedicated-implementation,"implémentation C++ métier dédiée, compilée et liée",336,eccbfb180183cae89d53e1f371f02694381573b20fa813eca9c7f5356ca88914
src/elit21/shopify/queries/FulfillmentOrderQueries.cpp,✅,92,dedicated-implementation,"implémentation C++ métier dédiée, compilée et liée",427,c633c217cc5f42a201b0f96de65898979635d59feb131c529277d95f1f55c620
src/elit21/shopify/queries/FulfillmentQueries.cpp,✅,92,dedicated-implementation,"implémentation C++ métier dédiée, compilée et liée",338,9e9d07e49b6c4cab6cbce604de5f759d10c8ca8ef14095844c69b6b5835f8190
src/elit21/shopify/queries/InventoryQueries.cpp,✅,92,dedicated-implementation,"implémentation C++ métier dédiée, compilée et liée",462,0aa92408dd48a6299689a34b36f088c1e727f7270566e30376e0ffd383d500c2
src/elit21/shopify/queries/LocationQueries.cpp,✅,92,dedicated-implementation,"implémentation C++ métier dédiée, compilée et liée",330,a25568037fc45c383b7580abf230126c92f76b0ba9f815209bfeaab38de99b8f
src/elit21/shopify/queries/MarketQueries.cpp,✅,92,dedicated-implementation,"implémentation C++ métier dédiée, compilée et liée",291,8af3ad55541c38772a16c6bf0596168ab2b4f687cc8e34470b383e89f5ba3488
src/elit21/shopify/queries/MetafieldQueries.cpp,✅,92,dedicated-implementation,"implémentation C++ métier dédiée, compilée et liée",353,32aec8bb04721627b9f1504629e5aef7218ab46d30b55e629ba9e142721d3635
src/elit21/shopify/queries/MetaobjectQueries.cpp,✅,92,dedicated-implementation,"implémentation C++ métier dédiée, compilée et liée",330,ce517088c5e98c0d65a9d3ced8c56c649f4025b84fe7c6271ffa3dcae90bc7df
src/elit21/shopify/queries/OrderQueries.cpp,✅,92,dedicated-implementation,"implémentation C++ métier dédiée, compilée et liée",449,f6e773c9f9943c58277179bd70dd3045750b2c55c28b24fc66c1c8439bff13e1
src/elit21/shopify/queries/ProductQueries.cpp,✅,92,dedicated-implementation,"implémentation C++ métier dédiée, compilée et liée",471,071641891d29c660a5793a1dd35ba447e1b2d226f22fed443fff697e42a1c850
src/elit21/shopify/queries/ProductVariantQueries.cpp,✅,92,dedicated-implementation,"implémentation C++ métier dédiée, compilée et liée",329,ff0ecbf3aca1d7f4643cc02cd9fa752d84e20307ce25fb81f33de40bc451fe00
src/elit21/shopify/queries/PublicationQueries.cpp,✅,92,dedicated-implementation,"implémentation C++ métier dédiée, compilée et liée",318,0dc366b8e34f11e0e52e081f517fc5192654ce6306051f17d13498ffa2596c58
src/elit21/shopify/queries/RefundQueries.cpp,✅,92,dedicated-implementation,"implémentation C++ métier dédiée, compilée et liée",322,7578ab6a918cd9d47cbd187dcadf6a55367f99b3d728ae52e5823fe1fb18e0d2
src/elit21/shopify/queries/ReturnQueries.cpp,✅,92,dedicated-implementation,"implémentation C++ métier dédiée, compilée et liée",292,63b6999995f17cc1e27404ece47d0128c8c1300a913fe3cb2f20c9168b5d959c
src/elit21/shopify/queries/ShopQueries.cpp,✅,92,dedicated-implementation,"implémentation C++ métier dédiée, compilée et liée",293,17e1057e495cb14a60727e3097cd87f9502470c2b867d55511d9120346b96398
src/elit21/shopify/queries/TransactionQueries.cpp,✅,92,dedicated-implementation,"implémentation C++ métier dédiée, compilée et liée",350,09a3788d6b915ea4f8ec26af62cce9557ba30bd5a2fdbdb94581cf3df053ada7
src/elit21/shopify/queries/WebhookQueries.cpp,✅,92,dedicated-implementation,"implémentation C++ métier dédiée, compilée et liée",336,40d6e492fbc481ac8bf9bd5c3ddc3c87af94b48a146b76b619cc52e69226b815
src/elit21/shopify/services/ShopifyBulkOperationService.cpp,🟦,72,domain-aware-adapter,adaptateur compilable utilisant le moteur métier partagé et ses invariants de domaine,723,74ddb8230739fce2e3fc477f880b0c9c925e7f7c96e7b6ebd41284eea3f704ca
src/elit21/shopify/services/ShopifyCatalogService.cpp,🟦,72,domain-aware-adapter,adaptateur compilable utilisant le moteur métier partagé et ses invariants de domaine,693,a4ee73fdfcf33884bffa4684079391fedbec1e283ede97f3dedb28feaf3ee90a
src/elit21/shopify/services/ShopifyCollectionService.cpp,🟦,72,domain-aware-adapter,adaptateur compilable utilisant le moteur métier partagé et ses invariants de domaine,708,f97a281f0a09cdeef46b09de4b30c2152f59575e1f1c05c2e16c5712aaacfd41
src/elit21/shopify/services/ShopifyCustomerService.cpp,🟦,72,domain-aware-adapter,adaptateur compilable utilisant le moteur métier partagé et ses invariants de domaine,698,e709427a16f2e543d392b3b0e9defc8b9ba1c28709e7880a61c6bd220e12a458
src/elit21/shopify/services/ShopifyDiscountService.cpp,🟦,72,domain-aware-adapter,adaptateur compilable utilisant le moteur métier partagé et ses invariants de domaine,698,a61d724b82d2a8ed4bfd225d9a72f4bd7aa2900e3f12df7d3cca5f7f5971fdda
src/elit21/shopify/services/ShopifyDraftOrderService.cpp,🟦,72,domain-aware-adapter,adaptateur compilable utilisant le moteur métier partagé et ses invariants de domaine,708,39ae83e7bad639cd77b6f727ad9d0f220cd3a64be536ed4d109b8191db911fe6
src/elit21/shopify/services/ShopifyFileService.cpp,🟦,72,domain-aware-adapter,adaptateur compilable utilisant le moteur métier partagé et ses invariants de domaine,678,5525f2fdc422e19e29f042c17aedee505bf65470afab05a8a98ef3541b1cafba
src/elit21/shopify/services/ShopifyFulfillmentOrderService.cpp,🟦,72,domain-aware-adapter,adaptateur compilable utilisant le moteur métier partagé et ses invariants de domaine,738,a7db9b6b3aa1e06381fb3683371dcc0ecdef08302bf155228b412cecd55a1752
src/elit21/shopify/services/ShopifyFulfillmentService.cpp,🟦,72,domain-aware-adapter,adaptateur compilable utilisant le moteur métier partagé et ses invariants de domaine,713,bfd433e16c7f675b051e4d4fd6962052f3e01810e74ee3c8077cdce6a8af5d10
src/elit21/shopify/services/ShopifyInventoryService.cpp,🟦,72,domain-aware-adapter,adaptateur compilable utilisant le moteur métier partagé et ses invariants de domaine,703,dfa32972518103833618b91a13b8e4892b456b657e9365c00f4ba71b386a3f81
src/elit21/shopify/services/ShopifyLocationService.cpp,🟦,72,domain-aware-adapter,adaptateur compilable utilisant le moteur métier partagé et ses invariants de domaine,698,4c735f54887fa48a4a2876d4c9d62dd877f8c90545d4fbbacc41807e5e72fe98
src/elit21/shopify/services/ShopifyMarketService.cpp,🟦,72,domain-aware-adapter,adaptateur compilable utilisant le moteur métier partagé et ses invariants de domaine,688,2d8d7831aa7ac1ef5b1640699da0f3d418e2dc71ae4cd8f68db605ce9aa32239
src/elit21/shopify/services/ShopifyMediaService.cpp,🟦,72,domain-aware-adapter,adaptateur compilable utilisant le moteur métier partagé et ses invariants de domaine,683,7cd161d22112ffd8a83c9c864cb91a45e97a3f3050da4ba2c1ffebe932744fbc
src/elit21/shopify/services/ShopifyMetafieldService.cpp,🟦,72,domain-aware-adapter,adaptateur compilable utilisant le moteur métier partagé et ses invariants de domaine,703,d9baea547b4b726c554e8f52152da1c8db1687d044aa6abf99e6baac921d2494
src/elit21/shopify/services/ShopifyOrderService.cpp,🟦,72,domain-aware-adapter,adaptateur compilable utilisant le moteur métier partagé et ses invariants de domaine,683,99f87c47c4e5ba7ebfe73becf6942a1561f67fa863f2eac2c354e85bee4349b8
src/elit21/shopify/services/ShopifyProductService.cpp,🟦,72,domain-aware-adapter,adaptateur compilable utilisant le moteur métier partagé et ses invariants de domaine,693,6a0bbdedc6539d96745375f2a51e56330d7abc6cddf5aa9a21f1c6015df1d0fa
src/elit21/shopify/services/ShopifyPublicationService.cpp,🟦,72,domain-aware-adapter,adaptateur compilable utilisant le moteur métier partagé et ses invariants de domaine,713,344be9c2874a9afde24c36722716f6b3013709870dd37cb31e8a62ed4a1a6681
src/elit21/shopify/services/ShopifyRefundService.cpp,🟦,72,domain-aware-adapter,adaptateur compilable utilisant le moteur métier partagé et ses invariants de domaine,694,56bf60c6c2388c3745ffe383a56ab12697c05a5194e4ed600eec26e2b8624859
src/elit21/shopify/services/ShopifyReturnService.cpp,🟦,72,domain-aware-adapter,adaptateur compilable utilisant le moteur métier partagé et ses invariants de domaine,694,299bc95ad421197b8685f780fc392827ff7f8a4f74e0fe2205cfe9ded67ae8f3
src/elit21/shopify/services/ShopifyShopService.cpp,🟦,72,domain-aware-adapter,adaptateur compilable utilisant le moteur métier partagé et ses invariants de domaine,678,f12af32d93b9bb7b08a2cd33e9ac483e7043a7b417c863cc65a97c49dd72928c
src/elit21/shopify/services/ShopifyVariantService.cpp,🟦,72,domain-aware-adapter,adaptateur compilable utilisant le moteur métier partagé et ses invariants de domaine,693,a53f914b8a4488e12f9b2a0fdb7b8706c19635391e38f82a72007ce1ab4bc43a
src/elit21/shopify/services/ShopifyWebhookService.cpp,🟦,72,domain-aware-adapter,adaptateur compilable utilisant le moteur métier partagé et ses invariants de domaine,693,171e8cfe2ce19cd585b5c3fbb0f7627cf4d8be4e49b421a13c58329e974a7246
src/elit21/shopify/ShopifyApiVersion.cpp,✅,92,dedicated-implementation,"implémentation C++ métier dédiée, compilée et liée",654,5428e914b3f9269f168b0c1cc6ff0b48a0fb8af2ef6ab9a7bfe183619b621ad6
src/elit21/shopify/ShopifyClient.cpp,✅,92,dedicated-implementation,"implémentation C++ métier dédiée, compilée et liée",20199,7f11075da065df888e8efb2ecf3cf76eb7a9cf0a3c3fbcadcdffc484cbf766dd
src/elit21/shopify/ShopifyConfig.cpp,🟦,72,domain-aware-adapter,adaptateur compilable utilisant le moteur métier partagé et ses invariants de domaine,619,55ace807b422255be030cc196d3b9cc037b49c61b3c4021db2817787e41b5a56
src/elit21/shopify/ShopifyEndpoints.cpp,✅,92,dedicated-implementation,"implémentation C++ métier dédiée, compilée et liée",1002,87863e864408198082646a31b6be95590cb3d107f934c785b9ef47c099920889
src/elit21/shopify/ShopifyError.cpp,🟦,72,domain-aware-adapter,adaptateur compilable utilisant le moteur métier partagé et ses invariants de domaine,614,181166215ed0360dd07abb1505065bc69e888aa16e4121d64d6b3e3612725d7a
src/elit21/shopify/ShopifyErrorMapper.cpp,🟦,72,domain-aware-adapter,adaptateur compilable utilisant le moteur métier partagé et ses invariants de domaine,647,0e69b3c6d66817fe65b10379a91e8bafe9adce140b93e055fa2b53216c946f9b
src/elit21/shopify/ShopifyModels.cpp,✅,92,dedicated-implementation,"implémentation C++ métier dédiée, compilée et liée",654,84196e205c3a18fc3708a00ee881287ebed934fc2810ba44cc18ca73f70c6803
src/elit21/shopify/ShopifyRateLimitState.cpp,🟦,72,domain-aware-adapter,adaptateur compilable utilisant le moteur métier partagé et ses invariants de domaine,659,849a5edd047ec3903c005cf2652a09afa670d40dd916b37a1ba68409cefe5f32
src/elit21/shopify/ShopifyScopes.cpp,✅,92,dedicated-implementation,"implémentation C++ métier dédiée, compilée et liée",906,fc09657dc40f1ffdc34c1cac55bf984ce7b6ef9f92b8429d6c80030df7ffbf42
src/elit21/shopify/ShopifyServiceFactory.cpp,🟦,72,domain-aware-adapter,adaptateur compilable utilisant le moteur métier partagé et ses invariants de domaine,653,b835f86ab9fa5e2245cf19297f28e469569dfbde2ae1589905c27a6f3abed328
src/elit21/shopify/ShopifyWebhook.cpp,✅,92,dedicated-implementation,"implémentation C++ métier dédiée, compilée et liée",6775,1fbae1ad61968b8f92058ac3327855526f3350ee02b023a8e8be997adb3f7ec2
src/elit21/shopify/webhooks/AppUninstalledWebhookHandler.cpp,🟦,72,domain-aware-adapter,adaptateur compilable utilisant le moteur métier partagé et ses invariants de domaine,734,254d9cfeff739eb854ca89549214e5b07345442d47803d4b7a7d3e309c553d78
src/elit21/shopify/webhooks/CustomerWebhookHandler.cpp,🟦,72,domain-aware-adapter,adaptateur compilable utilisant le moteur métier partagé et ses invariants de domaine,704,51f104c641891ae5d30f0517ac4ab0b2a6ad5606fe18ce350210d51b8e6bbc58
src/elit21/shopify/webhooks/FulfillmentWebhookHandler.cpp,🟦,72,domain-aware-adapter,adaptateur compilable utilisant le moteur métier partagé et ses invariants de domaine,719,fa5bd7706749312b5d47c039a578a8cafa37718b97d3db55905d9a2385fcbb0a
src/elit21/shopify/webhooks/InventoryWebhookHandler.cpp,🟦,72,domain-aware-adapter,adaptateur compilable utilisant le moteur métier partagé et ses invariants de domaine,709,21101af77d2d23df943fb501e55738317e6a686b36336f86016f594306428f08
src/elit21/shopify/webhooks/OrderWebhookHandler.cpp,🟦,72,domain-aware-adapter,adaptateur compilable utilisant le moteur métier partagé et ses invariants de domaine,689,7a576f120ebc7bbb02eebe0827862d36a64fbb72a0372f74fa2167634562ef9c
src/elit21/shopify/webhooks/ProductWebhookHandler.cpp,🟦,72,domain-aware-adapter,adaptateur compilable utilisant le moteur métier partagé et ses invariants de domaine,699,1026bc5761fae972eb667575be2b97c8b0e434cb53a47cfebaf64c15abdc1d72
src/elit21/shopify/webhooks/RefundWebhookHandler.cpp,🟦,72,domain-aware-adapter,adaptateur compilable utilisant le moteur métier partagé et ses invariants de domaine,694,f3ece2a6694aa5c843bf017d167d0c11aafacb70bcba4e7c9298c148734318d6
src/elit21/shopify/webhooks/ShopifyWebhook.cpp,🟦,72,domain-aware-adapter,adaptateur compilable utilisant le moteur métier partagé et ses invariants de domaine,664,b10be66af62ee8bf4024c5641ec4978aba51a7dee8b93a37f834e5b38c4dc605
src/elit21/shopify/webhooks/ShopifyWebhookDispatcher.cpp,🟦,72,domain-aware-adapter,adaptateur compilable utilisant le moteur métier partagé et ses invariants de domaine,711,abbf8f4db48ef34cfb33b3a4724b9f05a1d0ac4f0d42b3922f40d9d62fd3f99d
src/elit21/shopify/webhooks/ShopifyWebhookParser.cpp,🟦,72,domain-aware-adapter,adaptateur compilable utilisant le moteur métier partagé et ses invariants de domaine,704,e9b8296d17f7b893e96e4bbad83d8b44e27a3e44624c13587088240082de4c9c
src/elit21/shopify/webhooks/ShopifyWebhookReceiver.cpp,🟦,72,domain-aware-adapter,adaptateur compilable utilisant le moteur métier partagé et ses invariants de domaine,704,a85d946c9cf594720ab1acfaa48ba36bfc1eb97f4a676110f1b1cf382a0b62b3
src/elit21/shopify/webhooks/ShopifyWebhookRegistrar.cpp,🟦,72,domain-aware-adapter,adaptateur compilable utilisant le moteur métier partagé et ses invariants de domaine,709,b772a9472f6c201d3d2c14ddb93bd5000958e0edbb537ae37cee366c14af113c
src/elit21/shopify/webhooks/ShopifyWebhookSignatureVerifier.cpp,🟦,72,domain-aware-adapter,adaptateur compilable utilisant le moteur métier partagé et ses invariants de domaine,749,e36e1ce48736dfdc57a8dfcaa904e139a3a028f5eb6ceb7d1648c3683bc10f00
src/elit21/shopify/webhooks/ShopifyWebhookTopic.cpp,🟦,72,domain-aware-adapter,adaptateur compilable utilisant le moteur métier partagé et ses invariants de domaine,689,19a952cc6dff09b47570fd280a05670d16cd522e28ff07a91342fda5ba9c7dc1
src/elit21/shopify/webhooks/ShopWebhookHandler.cpp,🟦,72,domain-aware-adapter,adaptateur compilable utilisant le moteur métier partagé et ses invariants de domaine,684,5b7726d1cb87a7666ba9eee2dc7e45d0529d4c2bd224970088ea17a110a1b4ef
src/elit21/sourcing/CanadaProductEligibilityChecker.cpp,🟦,72,domain-aware-adapter,adaptateur compilable utilisant le moteur métier partagé et ses invariants de domaine,717,b6147a9aede7d5a45105aa662e303efb17ce61fcda0b077459c3d6d88f0406f3
src/elit21/sourcing/CandidateProduct.cpp,🟦,72,domain-aware-adapter,adaptateur compilable utilisant le moteur métier partagé et ses invariants de domaine,627,a986d2bde371d1f0432193959ea2d65b033963ffc0bd6a8756ed2446c78a244b
src/elit21/sourcing/CandidateProductRepository.cpp,🟦,72,domain-aware-adapter,adaptateur compilable utilisant le moteur métier partagé et ses invariants de domaine,677,ab376ea2c8626f5ade4a15becf8f12bf444093a994400a48e3720a7d956d2ae7
src/elit21/sourcing/CatalogDiscoveryEngine.cpp,🟦,72,domain-aware-adapter,adaptateur compilable utilisant le moteur métier partagé et ses invariants de domaine,652,cb105b6f84c837a079ac3ffb3541e779d1ededd07d1ad8b7519dfe56a6f1e4e5
src/elit21/sourcing/CompetitionAnalyzer.cpp,🟦,72,domain-aware-adapter,adaptateur compilable utilisant le moteur métier partagé et ses invariants de domaine,632,61d7c5d490d4cfd03aeaec6a6202d7a18addde8f78abf598d5656b3ee777b41f
src/elit21/sourcing/DuplicateProductDetector.cpp,🟦,72,domain-aware-adapter,adaptateur compilable utilisant le moteur métier partagé et ses invariants de domaine,657,b4b71a7e99d70b72fe338f20f01fac5ac9bfe944e5694eea5400aaf29cf12e02
src/elit21/sourcing/ImageSearchDiscovery.cpp,🟦,72,domain-aware-adapter,adaptateur compilable utilisant le moteur métier partagé et ses invariants de domaine,637,66a44b03079079e8041f73bfbccd03c8781543331fbf122123fe1c64e0f804a4
src/elit21/sourcing/MarginOpportunityAnalyzer.cpp,🟦,72,domain-aware-adapter,adaptateur compilable utilisant le moteur métier partagé et ses invariants de domaine,662,731634b6053f95426c6d1ff3776e9acc46b65eb2f8ec4b666636a16feb859cf1
src/elit21/sourcing/ProductCandidatePipeline.cpp,🟦,72,domain-aware-adapter,adaptateur compilable utilisant le moteur métier partagé et ses invariants de domaine,662,8a1f69e5e11dc66c8b17fe53bf8269fcf00c7cb653dd0155462493692f7374c1
src/elit21/sourcing/ProductEligibilityChecker.cpp,🟦,72,domain-aware-adapter,adaptateur compilable utilisant le moteur métier partagé et ses invariants de domaine,687,5abe3b9d4adea4a4d058ca56bc949c84669b089c6695d5caa8550bdec668d559
src/elit21/sourcing/ProductQualityAnalyzer.cpp,🟦,72,domain-aware-adapter,adaptateur compilable utilisant le moteur métier partagé et ses invariants de domaine,647,1fb9eb732d343e690ea85f258f081c016817aebb9f8a6b87363d4c4380e410e6
src/elit21/sourcing/ProductRecommendationDiscovery.cpp,🟦,72,domain-aware-adapter,adaptateur compilable utilisant le moteur métier partagé et ses invariants de domaine,697,19225f0b2bc878c59cd49693ee7d64c825401298ea8b657605a62d1e9f335e19
src/elit21/sourcing/ProductRiskAnalyzer.cpp,🟦,72,domain-aware-adapter,adaptateur compilable utilisant le moteur métier partagé et ses invariants de domaine,632,e664080ef3b5a8984c40b4e434e57b0d78286735389c5c16b249b02d8fd1ae48
src/elit21/sourcing/ProductScorer.cpp,🟦,72,domain-aware-adapter,adaptateur compilable utilisant le moteur métier partagé et ses invariants de domaine,627,293aed9c072f396e5c3cb45a6ec781230d9be5fcf73f543fcf1c4214bbf30aa3
src/elit21/sourcing/ProductSelectionPolicy.cpp,🟦,72,domain-aware-adapter,adaptateur compilable utilisant le moteur métier partagé et ses invariants de domaine,672,ba78b3d52fdafe8829a5355b37e8b79a451ce20d68d8f23e37543eb625acef46
src/elit21/sourcing/ProhibitedProductDetector.cpp,🟦,72,domain-aware-adapter,adaptateur compilable utilisant le moteur métier partagé et ses invariants de domaine,662,fc24f12af283f9eaef5ce621f9f45ee3e2e728d2c34ad234089a7f006851ff28
src/elit21/sourcing/ReviewScoreAnalyzer.cpp,🟦,72,domain-aware-adapter,adaptateur compilable utilisant le moteur métier partagé et ses invariants de domaine,632,7c03c6b43350c0060627649fe1cccc729f3dcd7f76a0270adc65f3477f24403e
src/elit21/sourcing/SellerReliabilityAnalyzer.cpp,🟦,72,domain-aware-adapter,adaptateur compilable utilisant le moteur métier partagé et ses invariants de domaine,662,0cf10b08e41ced620e960cf77fc752b7db4d5434c2b63cbd29cae3e2b3e2b4b4
src/elit21/sourcing/SellerScorer.cpp,🟦,72,domain-aware-adapter,adaptateur compilable utilisant le moteur métier partagé et ses invariants de domaine,610,af8c54bfda111dbe096f04a01b0c15c8b1104daf744df4b8ec97523081ee0670
src/elit21/sourcing/ShippingEligibilityAnalyzer.cpp,🟦,72,domain-aware-adapter,adaptateur compilable utilisant le moteur métier partagé et ses invariants de domaine,672,f50451965e1948aa1c38fcec030c7001ccd6f1bdf1976e7553561d4988e7151b
src/elit21/sourcing/SourcingCoordinator.cpp,🟦,72,domain-aware-adapter,adaptateur compilable utilisant le moteur métier partagé et ses invariants de domaine,637,b6eb172a8f1c600c24dfb25eb5a5aa567891611f70355dae9ba3861f3b0687ff
src/elit21/sourcing/SourcingDecision.cpp,🟦,72,domain-aware-adapter,adaptateur compilable utilisant le moteur métier partagé et ses invariants de domaine,627,70f6179a0b2c98dc62f43563e93595fc599384a6f0472063df5dbfa50c1fec52
src/elit21/sourcing/SourcingEngine.cpp,✅,92,dedicated-implementation,"implémentation C++ métier dédiée, compilée et liée",506,f387df4cea66c872f46daf0145113419b28308414dc45787e3570ea1f83369db
src/elit21/sourcing/SourcingPolicy.cpp,🟦,72,domain-aware-adapter,adaptateur compilable utilisant le moteur métier partagé et ses invariants de domaine,620,7f4e6fe0b169613f07c4320d1817e9130d7657cb891a247343d9d3e7b8531535
src/elit21/sourcing/TrendAnalyzer.cpp,🟦,72,domain-aware-adapter,adaptateur compilable utilisant le moteur métier partagé et ses invariants de domaine,602,9bcc454538b71259ac0fb90228d52ead5eade7aff712ca9838e327a50ae9aa60
src/elit21/storage/BackupManager.cpp,🟦,72,domain-aware-adapter,adaptateur compilable utilisant le moteur métier partagé et ses invariants de domaine,603,1a60d26aa32780e3fa2f741724068cf8d4c9246da20dbd3fab65cbc7df3927e1
src/elit21/storage/Cache.cpp,🟦,72,domain-aware-adapter,adaptateur compilable utilisant le moteur métier partagé et ses invariants de domaine,572,b9afbb7987ea41e05fa48a19bff80a851093f038ac58a4eb941198e1fbfbc672
src/elit21/storage/CacheEntry.cpp,🟦,72,domain-aware-adapter,adaptateur compilable utilisant le moteur métier partagé et ses invariants de domaine,597,bbc8732d9c72532f682f5280f37cf59b209f61098dbc292dc8ad5de9489953c8
src/elit21/storage/Database.cpp,✅,92,dedicated-implementation,"implémentation C++ métier dédiée, compilée et liée",40532,25283b033581e22aacc89e4d8ada9bb8fcaeaf76ef9ffd0ce25838b561c67270
src/elit21/storage/DatabaseConnection.cpp,🟦,72,domain-aware-adapter,adaptateur compilable utilisant le moteur métier partagé et ses invariants de domaine,637,b8414c27702c68444d6a6673d81960a91c29018d9de0b80794ba013ae2300295
src/elit21/storage/DatabaseMigrator.cpp,🟦,72,domain-aware-adapter,adaptateur compilable utilisant le moteur métier partagé et ses invariants de domaine,627,1febe0e0fa8ddcea82026792058c5a3a8e454b4c88bf541f71f2c49ea399259d
src/elit21/storage/DatabaseTransaction.cpp,🟦,72,domain-aware-adapter,adaptateur compilable utilisant le moteur métier partagé et ses invariants de domaine,633,ae41062761e3b279a7b4cbdcea38e0091451a288700c720a85cdd2b71f788337
src/elit21/storage/Entity.cpp,🟦,72,domain-aware-adapter,adaptateur compilable utilisant le moteur métier partagé et ses invariants de domaine,577,23e9368782ab50d8601185b7e8216f44eb4b213c8fa1d0d7f70720b2a6be146c
src/elit21/storage/Migration.cpp,🟦,72,domain-aware-adapter,adaptateur compilable utilisant le moteur métier partagé et ses invariants de domaine,592,3e86fa66fdac096cd8bbbc7de1a7bc802b8ebd0f894c248aa99d2d750351e69c
src/elit21/storage/MigrationRepository.cpp,🟦,72,domain-aware-adapter,adaptateur compilable utilisant le moteur métier partagé et ses invariants de domaine,642,0acfa8af14c4fc978e8ceb8850ba290fb4434a432fc7b2ff32639b4109976084
src/elit21/storage/QueryBuilder.cpp,🟦,72,domain-aware-adapter,adaptateur compilable utilisant le moteur métier partagé et ses invariants de domaine,610,1707c67f8e6a6fb2d0af691da698f942fc26b433e4db7f0da2306f79a4278d67
src/elit21/storage/Repository.cpp,🟦,72,domain-aware-adapter,adaptateur compilable utilisant le moteur métier partagé et ses invariants de domaine,597,a61a107c1eacb490e225b069022cc6fccb756c02fee43b567cbbe91e4dcbce14
src/elit21/storage/Row.cpp,🟦,72,domain-aware-adapter,adaptateur compilable utilisant le moteur métier partagé et ses invariants de domaine,562,386cfbc285786f9f47f424e59f0ea150ff7b77b3dc859560e2211e091292b535
src/elit21/storage/SqliteConnection.cpp,🟦,72,domain-aware-adapter,adaptateur compilable utilisant le moteur métier partagé et ses invariants de domaine,627,20eedabb6d9509165c64d743ec9744d1c81bb446ee56b69237c791ebaf12a094
src/elit21/storage/SqliteDatabase.cpp,🟦,72,domain-aware-adapter,adaptateur compilable utilisant le moteur métier partagé et ses invariants de domaine,617,1e8f5bd2626b86ad5c935658bc73cc5c929086377ddf116f27f9d3ab96475c61
src/elit21/storage/SqliteStatement.cpp,🟦,72,domain-aware-adapter,adaptateur compilable utilisant le moteur métier partagé et ses invariants de domaine,622,6dc14f7ca1605b7eaf414b6fd7978a281a7a9799afb2b9fdebdf301136f6d82c
src/elit21/storage/StorageHealthCheck.cpp,🟦,72,domain-aware-adapter,adaptateur compilable utilisant le moteur métier partagé et ses invariants de domaine,627,602aa4ee65f5b5a32261caef1da90d1dee49f6e81d377c221130270f8d60d2bb
src/elit21/storage/UnitOfWork.cpp,🟦,72,domain-aware-adapter,adaptateur compilable utilisant le moteur métier partagé et ses invariants de domaine,597,d09cc8ac91079838801130f302805e7dc335f1e02a59cb7406966d1b990d4836
src/elit21/terminal/AnsiTerminal.cpp,🟦,72,domain-aware-adapter,adaptateur compilable utilisant le moteur métier partagé et ses invariants de domaine,621,d1567521045ccbbc311db2565bc2c777633fb67978f2eb9ba9c81dcbf4dd7673
src/elit21/terminal/CommandHistory.cpp,🟦,72,domain-aware-adapter,adaptateur compilable utilisant le moteur métier partagé et ses invariants de domaine,631,4668399992320bf25281e80720afbdd26c7691fa6c3611cc82bb127a6efe6b14
src/elit21/terminal/CommandLine.cpp,🟦,72,domain-aware-adapter,adaptateur compilable utilisant le moteur métier partagé et ses invariants de domaine,616,04cff333e03290a9cccf0432d5cebf176158850dd4a6fd077e6eeb6413e9f54e
src/elit21/terminal/CommandParser.cpp,🟦,72,domain-aware-adapter,adaptateur compilable utilisant le moteur métier partagé et ses invariants de domaine,629,57034bae761951bc90fe9a603abd87d384c565b11cc50eeb252d33ced6525bb2
src/elit21/terminal/CommandRegistry.cpp,🟦,72,domain-aware-adapter,adaptateur compilable utilisant le moteur métier partagé et ses invariants de domaine,636,60c2f1db4ce96056f7f899ae2e2f6dd93aae83ea7f0451a65f98ba0b187a1623
src/elit21/terminal/commands/ApproveCommand.cpp,🟦,72,domain-aware-adapter,adaptateur compilable utilisant le moteur métier partagé et ses invariants de domaine,671,63b5efcb9c2c28a3e3b7343a98bcca18b45332ef24344447838d66b27b8f7b76
src/elit21/terminal/commands/BackupCommand.cpp,🟦,72,domain-aware-adapter,adaptateur compilable utilisant le moteur métier partagé et ses invariants de domaine,657,2e67593dd2aa8097637cf3515f208015e2d1432fedf64819d001fedc3479ae40
src/elit21/terminal/commands/CatalogCommand.cpp,🟦,72,domain-aware-adapter,adaptateur compilable utilisant le moteur métier partagé et ses invariants de domaine,671,d2779a593be5948fc2ae27fec0826c70024c5b246a762a74ffae4e3e0c22fda4
src/elit21/terminal/commands/ConfigCommand.cpp,🟦,72,domain-aware-adapter,adaptateur compilable utilisant le moteur métier partagé et ses invariants de domaine,666,fa621d7c7f6991fab665f3e107d3f69edb0b1857483a1ebd60a067b64e6acc3c
src/elit21/terminal/commands/DiagnosticsCommand.cpp,🟦,72,domain-aware-adapter,adaptateur compilable utilisant le moteur métier partagé et ses invariants de domaine,691,dae53d2819893ac21fbd07edc58d9fb0a5b8b72f1140e779d04c02687f05e461
src/elit21/terminal/commands/FulfillmentCommand.cpp,🟦,72,domain-aware-adapter,adaptateur compilable utilisant le moteur métier partagé et ses invariants de domaine,691,8e5d7f61c79aa90290ddfba7b541cc6ed9ba8e9931706d2369674b71171d5881
src/elit21/terminal/commands/HealthCommand.cpp,🟦,72,domain-aware-adapter,adaptateur compilable utilisant le moteur métier partagé et ses invariants de domaine,656,1090a6c0a8012c62449ff31c36f8d90618e36a619530164ce537868e6a83e9d8
src/elit21/terminal/commands/HelpCommand.cpp,🟦,72,domain-aware-adapter,adaptateur compilable utilisant le moteur métier partagé et ses invariants de domaine,656,e4ed3fe7f8a4454fcb30c8eb60042fde75b193c58b0e7021f2907e98492fe637
src/elit21/terminal/commands/InventoryCommand.cpp,🟦,72,domain-aware-adapter,adaptateur compilable utilisant le moteur métier partagé et ses invariants de domaine,681,b8d06cfb8e48cbbc883d3a6aea0ab1561ace9d3c66326fee319720deb4f4d647
src/elit21/terminal/commands/OrderCommand.cpp,🟦,72,domain-aware-adapter,adaptateur compilable utilisant le moteur métier partagé et ses invariants de domaine,661,cdd9a9e78f361ccf1b2225b97396c29ebb6a042584644cf9c83be0f2613742bf
src/elit21/terminal/commands/PauseCommand.cpp,🟦,72,domain-aware-adapter,adaptateur compilable utilisant le moteur métier partagé et ses invariants de domaine,661,c830a5fdacec445999466f745031290859c4d15971aea656d40e48bb39d4c464
src/elit21/terminal/commands/PricingCommand.cpp,🟦,72,domain-aware-adapter,adaptateur compilable utilisant le moteur métier partagé et ses invariants de domaine,671,a99c59a792d4785fd699fb7d85ea3423571daa8f46fb40f891c81c885ae5144d
src/elit21/terminal/commands/RejectCommand.cpp,🟦,72,domain-aware-adapter,adaptateur compilable utilisant le moteur métier partagé et ses invariants de domaine,666,076577afcba61a2e9b453d42e2b4bc5fb96d2d348734a35a62fb4e805362a463
src/elit21/terminal/commands/ReportCommand.cpp,🟦,72,domain-aware-adapter,adaptateur compilable utilisant le moteur métier partagé et ses invariants de domaine,666,8bfabaea21d7451ac93bbbe18b0ea04f2cf57a4280ea69c6d08171af921d1cae
src/elit21/terminal/commands/ResumeCommand.cpp,🟦,72,domain-aware-adapter,adaptateur compilable utilisant le moteur métier partagé et ses invariants de domaine,666,cfce19850c547bf9f37d31816ea44d2b7b32ec59eaf800105cee797eb749f042
src/elit21/terminal/commands/SourcingCommand.cpp,🟦,72,domain-aware-adapter,adaptateur compilable utilisant le moteur métier partagé et ses invariants de domaine,676,299ef1350994539db2d391f05de31b58c56d6fa93511563c0f4bb35e38519018
src/elit21/terminal/commands/StartCommand.cpp,🟦,72,domain-aware-adapter,adaptateur compilable utilisant le moteur métier partagé et ses invariants de domaine,661,4030f82ddb2eec5614a6910639d8bded041fc89cb700c12d596e4f56bdaf57c1
src/elit21/terminal/commands/StatusCommand.cpp,🟦,72,domain-aware-adapter,adaptateur compilable utilisant le moteur métier partagé et ses invariants de domaine,666,4549abdd0948c27a8e786dc96b6e7f8f59b8b7dd031cd3dd38c7b9ce391c13da
src/elit21/terminal/commands/StopCommand.cpp,🟦,72,domain-aware-adapter,adaptateur compilable utilisant le moteur métier partagé et ses invariants de domaine,656,7cfb84f5947eb6bad67054613c13762ffd0fc9a776eca0f96892b726cfc47c81
src/elit21/terminal/commands/SyncCommand.cpp,🟦,72,domain-aware-adapter,adaptateur compilable utilisant le moteur métier partagé et ses invariants de domaine,647,896a8321b7a35561621bc356144e040f4da99a71cc8719603341b4a516acbd54
src/elit21/terminal/ConsoleInput.cpp,🟦,72,domain-aware-adapter,adaptateur compilable utilisant le moteur métier partagé et ses invariants de domaine,621,e6bcc6cb1b89466f5452ae26669390cf2540000deb2ad364bd570697c8ef7b64
src/elit21/terminal/ConsoleOutput.cpp,🟦,72,domain-aware-adapter,adaptateur compilable utilisant le moteur métier partagé et ses invariants de domaine,626,a0580b3cc8e69a0579d7d40b747d6d6b3a01df70ba0e97837ff6378c4973a29b
src/elit21/terminal/Dashboard.cpp,✅,92,dedicated-implementation,"implémentation C++ métier dédiée, compilée et liée",3888,534e32ef81d5b185440b2659d8b08b9c080565e4c202efbd281a7ca794a244a0
src/elit21/terminal/DashboardController.cpp,🟦,72,domain-aware-adapter,adaptateur compilable utilisant le moteur métier partagé et ses invariants de domaine,656,9bea80fff9cc84c4d927f056102e5bee65adee9faa44d650475f5b578547d7c2
src/elit21/terminal/FixedPositionRenderer.cpp,🟦,72,domain-aware-adapter,adaptateur compilable utilisant le moteur métier partagé et ses invariants de domaine,666,4600f3cdb494da45f31cfd4676440d1e3b6ac79f2958d68f6eeea00c7ba40e56
src/elit21/terminal/KeyboardHandler.cpp,🟦,72,domain-aware-adapter,adaptateur compilable utilisant le moteur métier partagé et ses invariants de domaine,636,c47d4b449dc9301055c39c805a52a737f98636a5cd7eaf76e790018a8fb985ae
src/elit21/terminal/Layout.cpp,🟦,72,domain-aware-adapter,adaptateur compilable utilisant le moteur métier partagé et ses invariants de domaine,591,4b3bf1f6b6e78b5ac05b01a476005a9206f1c3b3320925aedac7233537640c3c
src/elit21/terminal/panels/AlertsPanel.cpp,🟦,72,domain-aware-adapter,adaptateur compilable utilisant le moteur métier partagé et ses invariants de domaine,648,bcd8b9a212c35ad62a42087ee5502a2eb0de96d9fdf70017ae8be0fe477e1351
src/elit21/terminal/panels/AliExpressPanel.cpp,🟦,72,domain-aware-adapter,adaptateur compilable utilisant le moteur métier partagé et ses invariants de domaine,668,e64e28c0ec9163f8fbcd5f5d0781ae31b4d98d051d57636f1fe340eb59a128e2
src/elit21/terminal/panels/AutomationPanel.cpp,🟦,72,domain-aware-adapter,adaptateur compilable utilisant le moteur métier partagé et ses invariants de domaine,668,b0b886bb18bf305663bc7203912e00c8b00a40ea174e0def2fdca47de52d8c91
src/elit21/terminal/panels/CatalogPanel.cpp,🟦,72,domain-aware-adapter,adaptateur compilable utilisant le moteur métier partagé et ses invariants de domaine,653,815ac7385072317c4bb6b86e0ebd1f175bcbecdc521b45be1109736332d37c48
src/elit21/terminal/panels/CustomerPanel.cpp,🟦,72,domain-aware-adapter,adaptateur compilable utilisant le moteur métier partagé et ses invariants de domaine,658,9c0fbf988c071c0bb5aff4867d2cea49d9873e31a217e27b6c1f778a24bd5cff
src/elit21/terminal/panels/FinancialPanel.cpp,🟦,72,domain-aware-adapter,adaptateur compilable utilisant le moteur métier partagé et ses invariants de domaine,663,d5a13c635982ac5df95f05a3b9751da912837bbfcd1533452379a29b6eb33060
src/elit21/terminal/panels/FulfillmentPanel.cpp,🟦,72,domain-aware-adapter,adaptateur compilable utilisant le moteur métier partagé et ses invariants de domaine,673,8a3330fd8565097cf6f68e6c3ab0e4f448ebda4221f41c0ac2e7667a76ccceea
src/elit21/terminal/panels/HealthPanel.cpp,🟦,72,domain-aware-adapter,adaptateur compilable utilisant le moteur métier partagé et ses invariants de domaine,638,4b853cc333a8b1ac510878529449a629cccee0de1ea9357eaf8482d8a053acca
src/elit21/terminal/panels/InventoryPanel.cpp,🟦,72,domain-aware-adapter,adaptateur compilable utilisant le moteur métier partagé et ses invariants de domaine,663,e36be4370d4f26c197f312b2cd711ec9b565305ed573bef4649138662acce787
src/elit21/terminal/panels/LogPanel.cpp,🟦,72,domain-aware-adapter,adaptateur compilable utilisant le moteur métier partagé et ses invariants de domaine,633,63babd41ec838aaebcf229ed53095200e30b3217174d82b0d21af0ba82b91496
src/elit21/terminal/panels/OrderPanel.cpp,🟦,72,domain-aware-adapter,adaptateur compilable utilisant le moteur métier partagé et ses invariants de domaine,643,14c7bcbec57d494bacc91c910e4ee9a8f6fae40050182d23d852fd6ee7d4f7b2
src/elit21/terminal/panels/ShopifyPanel.cpp,🟦,72,domain-aware-adapter,adaptateur compilable utilisant le moteur métier partagé et ses invariants de domaine,653,20e1b5bcad9d8b30602f3b23367af3a2be71b7e141d6bbd30828704f35923532
src/elit21/terminal/panels/SourcingPanel.cpp,🟦,72,domain-aware-adapter,adaptateur compilable utilisant le moteur métier partagé et ses invariants de domaine,658,7a83cc914a31ad0716fdf8f951f232b589c5cbda0b7fc76ca1898dc846f62e09
src/elit21/terminal/panels/StatusPanel.cpp,🟦,72,domain-aware-adapter,adaptateur compilable utilisant le moteur métier partagé et ses invariants de domaine,648,8f3fe958d307342fa81ca64010decfb2db5108981c16e3b3ddae84417f89061f
src/elit21/terminal/panels/SystemPanel.cpp,🟦,72,domain-aware-adapter,adaptateur compilable utilisant le moteur métier partagé et ses invariants de domaine,648,50e0b844170c884087dca1f319d270448ebb82416e4046623c366840a8c96564
src/elit21/terminal/ProgressBar.cpp,🟦,72,domain-aware-adapter,adaptateur compilable utilisant le moteur métier partagé et ses invariants de domaine,616,906cd6c668c8ebc10dc116ccf7c0a03afe7de45a42c542d459a092816f583824
src/elit21/terminal/ScreenBuffer.cpp,🟦,72,domain-aware-adapter,adaptateur compilable utilisant le moteur métier partagé et ses invariants de domaine,621,62952de43e07f0c44eef1c6de2081d58f0e75d9f95b9d5d72b306d8fa01d0a0b
src/elit21/terminal/StatusCounter.cpp,🟦,72,domain-aware-adapter,adaptateur compilable utilisant le moteur métier partagé et ses invariants de domaine,626,9154a7c1b1def4dd50fc1ff57bc443811c8cfed3f2146ae4b382ceeb8b3bbff1
src/elit21/terminal/TableRenderer.cpp,🟦,72,domain-aware-adapter,adaptateur compilable utilisant le moteur métier partagé et ses invariants de domaine,626,b38e3ed2dd4b4f870e169a273ad1f1c27c1274879c9932f5d29e53a08369576d
src/elit21/terminal/TerminalApplication.cpp,🟦,72,domain-aware-adapter,adaptateur compilable utilisant le moteur métier partagé et ses invariants de domaine,656,f5d39060acd7ebc15b9735b49838db63f3515c520d821912b29fd8f6a5b43580
src/elit21/terminal/TerminalColor.cpp,🟦,72,domain-aware-adapter,adaptateur compilable utilisant le moteur métier partagé et ses invariants de domaine,626,26e9eaf9e2306ea6194e276b237979a16b151378b2bf973ad8df432a16c8f03d
src/elit21/terminal/TerminalCommand.cpp,🟦,72,domain-aware-adapter,adaptateur compilable utilisant le moteur métier partagé et ses invariants de domaine,636,d2546f1a069c9aa91538a5c77226ca6186e016a68e2531b8590ae32d4405da5b
src/elit21/terminal/TerminalDimensions.cpp,🟦,72,domain-aware-adapter,adaptateur compilable utilisant le moteur métier partagé et ses invariants de domaine,651,8ca7321c33b0c647b1e7bcde526f4dbfa273721915d4b1297fe8f0ceedd4d9ed
src/elit21/terminal/TerminalEvent.cpp,🟦,72,domain-aware-adapter,adaptateur compilable utilisant le moteur métier partagé et ses invariants de domaine,626,7b55eebb1140e76237055e647cfdbd6bfc88477c5dba43135a0eb8745353f2cf
src/elit21/terminal/TerminalPanel.cpp,🟦,72,domain-aware-adapter,adaptateur compilable utilisant le moteur métier partagé et ses invariants de domaine,626,6581d52ac20110c67546227219fdec7e78fa207963bf0dec3b33478b739017e5
src/elit21/terminal/TerminalRenderer.cpp,🟦,72,domain-aware-adapter,adaptateur compilable utilisant le moteur métier partagé et ses invariants de domaine,641,91f1a1456d8fa41cf77710e5ecafb0f1e5b2a66d4d1a9ec29fdf884162026732
src/elit21/terminal/UnicodeSanitizer.cpp,🟦,72,domain-aware-adapter,adaptateur compilable utilisant le moteur métier partagé et ses invariants de domaine,644,859a9517a5830f0db8679ff6658ca2b800750cd11b06d575af32957a2f423a08
src/elit21/util/StringUtil.cpp,✅,92,dedicated-implementation,"implémentation C++ métier dédiée, compilée et liée",1604,1b1f5d1e4cb84898063d8fa778c6ebf06e3b5ce7f88f2d870120baea5e08f86a
src/elit21/util/TimeUtil.cpp,✅,92,dedicated-implementation,"implémentation C++ métier dédiée, compilée et liée",1525,6757c16c51ba89043a7dda87dea062d4f1d050c9e038cef081e18c87ba939712
src/elit21/workflow/Activity.cpp,🟦,72,domain-aware-adapter,adaptateur compilable utilisant le moteur métier partagé et ses invariants de domaine,593,55ca365550c3bedd0f4909a295293d1a18b43c6fd1e0bb421eb72188e3cb85ce
src/elit21/workflow/ActivityContext.cpp,🟦,72,domain-aware-adapter,adaptateur compilable utilisant le moteur métier partagé et ses invariants de domaine,628,e269f4d9882943e8fc5f7e2c42045f729210c0f995d12ebc37dc5a3b21b40479
src/elit21/workflow/ActivityResult.cpp,🟦,72,domain-aware-adapter,adaptateur compilable utilisant le moteur métier partagé et ses invariants de domaine,623,cbcd42a80ea0b370ab397c6c723a8e0df89f54bd19e9436f1e0a954abbca5ef0
src/elit21/workflow/CompensationAction.cpp,🟦,72,domain-aware-adapter,adaptateur compilable utilisant le moteur métier partagé et ses invariants de domaine,643,c80729ba0b702b4f1fcafb52da38944cae45907fad61cc2a19aa0091b8be46f8
src/elit21/workflow/Saga.cpp,🟦,72,domain-aware-adapter,adaptateur compilable utilisant le moteur métier partagé et ses invariants de domaine,568,053a97822c95897d070e1ea562cd13e0fc19fd17f8960ae5efb90bd82db88276
src/elit21/workflow/SagaCoordinator.cpp,🟦,72,domain-aware-adapter,adaptateur compilable utilisant le moteur métier partagé et ses invariants de domaine,623,f2ec54f26e2d582172228cae59eb5fddeb27691fbc5150a2dc7f3548612b2ea3
src/elit21/workflow/StateMachine.cpp,🟦,72,domain-aware-adapter,adaptateur compilable utilisant le moteur métier partagé et ses invariants de domaine,613,ac6c1aa5bc5683ee84bc01352bc3f93db3eb989f725b82156b635e8df1cc4bbf
src/elit21/workflow/StateTransition.cpp,🟦,72,domain-aware-adapter,adaptateur compilable utilisant le moteur métier partagé et ses invariants de domaine,628,6a0d748281788241942cf9fd23203298473c32ef93bdbafaf421dfcca3ba30c2
src/elit21/workflow/Workflow.cpp,🟦,72,domain-aware-adapter,adaptateur compilable utilisant le moteur métier partagé et ses invariants de domaine,588,35d13648b37949cf255a6ff3185bdc14818407a4283ff30239495cb580ae2a13
src/elit21/workflow/WorkflowCheckpoint.cpp,🟦,72,domain-aware-adapter,adaptateur compilable utilisant le moteur métier partagé et ses invariants de domaine,638,ac716a810188647001a7fa2221ea7399bc603882d38645258599c6978ad489f5
src/elit21/workflow/WorkflowContext.cpp,🟦,72,domain-aware-adapter,adaptateur compilable utilisant le moteur métier partagé et ses invariants de domaine,623,b0ce6b845c7fad359ccba85a629a6742c06b8ead1f150998f58d570f79f285f0
src/elit21/workflow/WorkflowDefinition.cpp,🟦,72,domain-aware-adapter,adaptateur compilable utilisant le moteur métier partagé et ses invariants de domaine,638,0c01c0e120152bb971a0da37964c6c5b39e422013482f84b5ab4e2191deff660
src/elit21/workflow/WorkflowEngine.cpp,🟦,72,domain-aware-adapter,adaptateur compilable utilisant le moteur métier partagé et ses invariants de domaine,618,43a0f62dd00bfb78e41b4c0b9db3daa7c105bd0291110121b80d9b8cabdc74ed
src/elit21/workflow/WorkflowInstance.cpp,🟦,72,domain-aware-adapter,adaptateur compilable utilisant le moteur métier partagé et ses invariants de domaine,628,7bca12663da0443ad33ee0c0aa76c9a2e39fb70e1d40256c2249a7cfcde01898
src/elit21/workflow/WorkflowRepository.cpp,🟦,72,domain-aware-adapter,adaptateur compilable utilisant le moteur métier partagé et ses invariants de domaine,638,5dec961d1faca56d4d18cdbe757a453686e5e17ea0cadfa42d0003fe19535926
src/elit21/workflow/WorkflowScheduler.cpp,🟦,72,domain-aware-adapter,adaptateur compilable utilisant le moteur métier partagé et ses invariants de domaine,629,a743707401396dfe8155690e072299beea3a5290d0a25ea61d260ef27bf62214
src/elit21/workflow/WorkflowState.cpp,🟦,72,domain-aware-adapter,adaptateur compilable utilisant le moteur métier partagé et ses invariants de domaine,613,30c00d3ff69476e71ec6c5550310143e22bfae16a2825c9f518295f8541791cd
TARGET_TREE_COMPLIANCE.json,📊✅,92,project-report,rapport ou manifeste généré et cohérent avec la version 3,424,GENERATED-REPORT-SEE-PROJECT_MANIFEST_SHA256
tests/CMakeLists.txt,🛠️✅,92,build-tooling,"construction, script ou emballage validé par compilation Release",787,a4a7dba4422dc9c11725b2015a85aa4c8074ed41027a6b8b097ef15b269628e6
tests/contract/AliExpressIopContractTests.cpp,🧪✅,88,substantive-test,"scénario métier, base, sécurité ou intégration locale exécuté",134,180f3223ff81dc7c34d488f22c9079e8396dd1b1aa75f470f378fa3961b4a1fa
tests/contract/AliExpressTopContractTests.cpp,🧪✅,88,substantive-test,"scénario métier, base, sécurité ou intégration locale exécuté",134,b91815d404a646df6db046a995ce0b568bc16f7ef74c0523d8959722218625fc
tests/contract/MappingContractTests.cpp,🧪✅,88,substantive-test,"scénario métier, base, sécurité ou intégration locale exécuté",128,21a9eade6e2a3bb3d5cbb9f68b268085d32711fdf1baee5e9f69dffe7a853d55
tests/contract/ShopifyGraphqlContractTests.cpp,🧪✅,88,substantive-test,"scénario métier, base, sécurité ou intégration locale exécuté",132,e547f7949b18e899c1b037d868399de6e8fd4411ffcb2045c52cdefb9b5273f1
tests/contract/ShopifyWebhookContractTests.cpp,🧪✅,88,substantive-test,"scénario métier, base, sécurité ou intégration locale exécuté",132,6742e21ebc6b6ffa95d7201770fe7a1e46f706affa139b25312a6b75d8b513e8
tests/end_to_end/CustomerOrderEndToEndTests.cpp,🧪✅,88,substantive-test,"scénario métier, base, sécurité ou intégration locale exécuté",136,6b212b2373e1b8d33957a794b8ba5c524efc858dc2bf406b0068619dbae416db
tests/end_to_end/FulfillmentEndToEndTests.cpp,🧪✅,88,substantive-test,"scénario métier, base, sécurité ou intégration locale exécuté",134,c6489d063d231387c072248155d33d6819bb170464187752ebae817e82b0cc1e
tests/end_to_end/InventorySyncEndToEndTests.cpp,🧪✅,88,substantive-test,"scénario métier, base, sécurité ou intégration locale exécuté",135,22b12db57d188b5cf62116af3127eeef1261e7f055288a3b334b8ffcac9c5045
tests/end_to_end/ProductImportEndToEndTests.cpp,🧪✅,88,substantive-test,"scénario métier, base, sécurité ou intégration locale exécuté",133,58bf93afd6d44571088026379a13cf8430c88287d58cf25385dd99cff5656c55
tests/end_to_end/RecoveryEndToEndTests.cpp,🧪✅,88,substantive-test,"scénario métier, base, sécurité ou intégration locale exécuté",129,a7e9f590328a0303911e6c566e8ff5cf956732e760188b824719f0bc01720d22
tests/end_to_end/RefundEndToEndTests.cpp,🧪✅,88,substantive-test,"scénario métier, base, sécurité ou intégration locale exécuté",129,508b82a38d3417e8a187448cdf51df65b4af8f1784ebc12002982d22a63a306d
tests/end_to_end/SupplierOrderEndToEndTests.cpp,🧪✅,88,substantive-test,"scénario métier, base, sécurité ou intégration locale exécuté",136,67dc4e8aad2bc2f410d9df26ac5849cb97c73d15547048351daedaa6d004b5ee
tests/extended_test_main.cpp,🧪✅,88,substantive-test,"scénario métier, base, sécurité ou intégration locale exécuté",10886,595d838d6c8152e4afb0e08520ed8f086dd36b4abf706dfa6bf1190a74f06ff2
tests/fault_injection/AliExpressTimeoutTests.cpp,🧪✅,88,substantive-test,"scénario métier, base, sécurité ou intégration locale exécuté",137,3177b9c317c32119ef890f64b3ea9d78c6c444b722dcbadb74fb4a784b87986b
tests/fault_injection/DatabaseFailureTests.cpp,🧪✅,88,substantive-test,"scénario métier, base, sécurité ou intégration locale exécuté",133,80ad92fcb0be13408e93bd955d15e79f748d3ee7d89925204c986e889c6b794a
tests/fault_injection/DuplicateWebhookTests.cpp,🧪✅,88,substantive-test,"scénario métier, base, sécurité ou intégration locale exécuté",134,79af88fe49038bb6f9c7662ac2fb5c557f8df9ffa02c3d66cd62a9cb06f2d4aa
tests/fault_injection/NetworkFailureTests.cpp,🧪✅,88,substantive-test,"scénario métier, base, sécurité ou intégration locale exécuté",134,2572e017d90c0c5c629c3187798500bd8fabc7f7a1a9996c6ce08d1894a4166e
tests/fault_injection/ProcessCrashRecoveryTests.cpp,🧪✅,88,substantive-test,"scénario métier, base, sécurité ou intégration locale exécuté",138,d9daabeec9f48cee453594428c797db769cafcb9f7ad0b622604c768550ad2df
tests/fault_injection/ShopifyThrottleTests.cpp,🧪✅,88,substantive-test,"scénario métier, base, sécurité ou intégration locale exécuté",132,76978b647ecb53b49448286cf9aebd3e94d454041e9630902bff0c3f74f35db8
tests/fault_injection/TokenExpirationTests.cpp,🧪✅,88,substantive-test,"scénario métier, base, sécurité ou intégration locale exécuté",135,2db5a6712fdfcc042a4b8674525c40012463cc55055e77436063115b0a88b23f
tests/integration/AliExpressFreightIntegrationTests.cpp,🧪✅,88,substantive-test,"scénario métier, base, sécurité ou intégration locale exécuté",144,dc8a7e8c5e7f50064a2a26842933819acf0685e2dd2ba3852b5697b7ff0f72f5
tests/integration/AliExpressOrderIntegrationTests.cpp,🧪✅,88,substantive-test,"scénario métier, base, sécurité ou intégration locale exécuté",142,ec00dfe0bdc4e967d9d6d6985095eeda7c5a28633bf21a51d8e82a616040aa9b
tests/integration/AliExpressProductIntegrationTests.cpp,🧪✅,88,substantive-test,"scénario métier, base, sécurité ou intégration locale exécuté",144,2d9c8534456387e02a38f4b914635061758f6bbc872c8892aa8db9f0e7e2037d
tests/integration/AliExpressTrackingIntegrationTests.cpp,🧪✅,88,substantive-test,"scénario métier, base, sécurité ou intégration locale exécuté",145,b8fccc42b76b23a9edff71c3077294d9a8ec078057df083b3e678715e25b143c
tests/integration/AliExpressTransportIntegrationTests.cpp,🧪✅,88,substantive-test,"scénario métier, base, sécurité ou intégration locale exécuté",146,62968982b71987b4cfd478281fcfdab72698d35c4f2edab14e2838224b5606d3
tests/integration/DatabaseIntegrationTests.cpp,🧪✅,88,substantive-test,"scénario métier, base, sécurité ou intégration locale exécuté",133,c830126441ce388baaa272b304a215b08a0c5854e4df9f43522d38b9fd9a1501
tests/integration/ShopifyBulkOperationIntegrationTests.cpp,🧪✅,88,substantive-test,"scénario métier, base, sécurité ou intégration locale exécuté",144,d5e22378051074cab6f28a0893eecc27c8c08d95f322d276bbd8e50d6fff9346
tests/integration/ShopifyGraphqlIntegrationTests.cpp,🧪✅,88,substantive-test,"scénario métier, base, sécurité ou intégration locale exécuté",138,264a6adeaa32b73345bbe6ca016e5662f428d4cd48eed02fc1671332cfc8af48
tests/integration/ShopifyWebhookIntegrationTests.cpp,🧪✅,88,substantive-test,"scénario métier, base, sécurité ou intégration locale exécuté",138,05c83b870cb327f669455379869e4fe3dd749d525a6557af8f0ae647d8d36581
tests/integration/WorkflowIntegrationTests.cpp,🧪✅,88,substantive-test,"scénario métier, base, sécurité ou intégration locale exécuté",135,dc0eb896e135bbc2bff51a7355c97335b41c2d29d97017cb42921fc2f36c1892
tests/mocks/MockAliExpressClient.cpp,🧪🟦,65,test-double,double de test compilable; couverture spécialisée limitée,119,76f694f8660edf4c97e08999593ff85a63e3efef586e3a5a45c760e7d7e9466a
tests/mocks/MockAliExpressClient.h,🧪🟦,65,test-double,double de test compilable; couverture spécialisée limitée,455,8fb21b280b2e7adb3c9aad323cd1a403adebcfd28f94f116b30a77bdea7a8a5b
tests/mocks/MockClock.cpp,🧪🟦,65,test-double,double de test compilable; couverture spécialisée limitée,97,44183b597ef9e3a0df814f29b4a18a3a8b71a72d5762bf91129a358b76f193aa
tests/mocks/MockClock.h,🧪🟦,65,test-double,double de test compilable; couverture spécialisée limitée,444,12de6ee64a3e804ecf4d6b93c7d8272e64b3eb79a91f0827c50322f15d18e0af
tests/mocks/MockDatabase.cpp,🧪🟦,65,test-double,double de test compilable; couverture spécialisée limitée,103,2cb8b6237bb272d0703dcbedc0adad0caf76296daa048a0f62912e25e9a82b5a
tests/mocks/MockDatabase.h,🧪🟦,65,test-double,double de test compilable; couverture spécialisée limitée,447,34d0364f0dcf59fa911f8f3ea05256cfcc3aa592ead15272ae72e8f8fe84bef9
tests/mocks/MockHttpClient.cpp,🧪🟦,65,test-double,double de test compilable; couverture spécialisée limitée,107,edc44af9e620942ee67f7008eb76d5e00cc72781894e021a6f504164b455150c
tests/mocks/MockHttpClient.h,🧪🟦,65,test-double,double de test compilable; couverture spécialisée limitée,449,f0ced6c28eeb8b9f6c93b23dfbf658960e7c21bfa12ad62bd1b669af8239875f
tests/mocks/MockShopifyClient.cpp,🧪🟦,65,test-double,double de test compilable; couverture spécialisée limitée,113,60fbcf1470af2c4c5f9758909366f54dc2719f750f30d95a2ccebe24736701b7
tests/mocks/MockShopifyClient.h,🧪🟦,65,test-double,double de test compilable; couverture spécialisée limitée,452,ad1360f138b5a218b8179fd4fd08055e63eb553005340f4c04c62e57bb5845d9
tests/mocks/MockTaskQueue.cpp,🧪🟦,65,test-double,double de test compilable; couverture spécialisée limitée,105,01b0bb99de5e3fb1a7e215220f2944b2b2d6980e87f66104560d8bb7270ea6e0
tests/mocks/MockTaskQueue.h,🧪🟦,65,test-double,double de test compilable; couverture spécialisée limitée,448,4522a81a7a1b773cda75dba0043df9c26127a4dcf17bd5622b1429bf227f8ff4
tests/performance/CatalogSyncBenchmark.cpp,🧪✅,88,substantive-test,"scénario métier, base, sécurité ou intégration locale exécuté",128,11ce528e500f407958b348ba9340ed0822b9e7e68fa2481809d7be3f223a1a32
tests/performance/DatabaseBenchmark.cpp,🧪✅,88,substantive-test,"scénario métier, base, sécurité ou intégration locale exécuté",126,5e2c69d1bc45889b002004ef774678ec07107517c30751884edd000fcb9514e9
tests/performance/InventorySyncBenchmark.cpp,🧪✅,88,substantive-test,"scénario métier, base, sécurité ou intégration locale exécuté",132,df5b15abd83572d872559b06ca2297f2e5228c8602846ee1d78bef9aa71fc9b8
tests/performance/OrderProcessingBenchmark.cpp,🧪✅,88,substantive-test,"scénario métier, base, sécurité ou intégration locale exécuté",135,889b7f310dbc7f9a1eb18284b6fbb33cb105bbfdd9712a5165cf0ec42a22e453
tests/performance/WebhookThroughputBenchmark.cpp,🧪✅,88,substantive-test,"scénario métier, base, sécurité ou intégration locale exécuté",134,94b758b9d2c475bbf89fe5fe0b02628534c73dc96f46b7e2f0bb267f3d79b38c
tests/security/CredentialEncryptionTests.cpp,🧪✅,88,substantive-test,"scénario métier, base, sécurité ou intégration locale exécuté",133,842fdf5443b194b0c1f64feeb34fc780cf353a014ebd6d4d84a6d2978d47526c
tests/security/HmacVerificationTests.cpp,🧪✅,88,substantive-test,"scénario métier, base, sécurité ou intégration locale exécuté",126,10f5ca9ab8daec4a91829225fbc62fd188cc0a0f70755b8783fe49106b61b1b4
tests/security/ReplayProtectionTests.cpp,🧪✅,88,substantive-test,"scénario métier, base, sécurité ou intégration locale exécuté",126,2298e39ec9c4da2ccd63bc580e6fe446937775908a34c47a78bd087434d75041
tests/security/RequestSigningTests.cpp,🧪✅,88,substantive-test,"scénario métier, base, sécurité ou intégration locale exécuté",127,0a153ebe5f1bc9dfe5b9f0c8e18efb52a26310406a60512b7c7e28b3ff88dacf
tests/security/SecretRedactionTests.cpp,🧪✅,88,substantive-test,"scénario métier, base, sécurité ou intégration locale exécuté",128,cfcac5b2c46587e362c47c4d3af656b7354da43836fa96e2922dd6ff818c5703
tests/security/SqlInjectionResistanceTests.cpp,🧪✅,88,substantive-test,"scénario métier, base, sécurité ou intégration locale exécuté",133,82620bcade281e74c380f23ab340a5622f3aaa27d325f78300b609ae8e84bba9
tests/TestScenarios.h,🧪✅,86,test-support,infrastructure de scénarios et doubles de test,18445,a0190cfa35855a4a1f51792f876e207c9e55c3802a5545bfda1e2ff5a9297a31
tests/unit/aliexpress/AliexpressModuleTests.cpp,🧪✅,88,substantive-test,"scénario métier, base, sécurité ou intégration locale exécuté",136,3e258f55c695168cdd5fcc34dd98b38f27ddf25dce922e50ecf0e76a092ff836
tests/unit/automation/AutomationModuleTests.cpp,🧪✅,88,substantive-test,"scénario métier, base, sécurité ou intégration locale exécuté",136,43775ecdda1ce0fa34d17ae07318001fcd5205c85eff3aafc5b426fe41b46f82
tests/unit/catalog/CatalogModuleTests.cpp,🧪✅,88,substantive-test,"scénario métier, base, sécurité ou intégration locale exécuté",130,4f2edf713c6400a74aefd10707eb2e684629252edce6b7119f00e0b78d94fb27
tests/unit/compliance/ComplianceModuleTests.cpp,🧪✅,88,substantive-test,"scénario métier, base, sécurité ou intégration locale exécuté",136,a35321279381b2b56ba4a366e211a3581ec28f025b48c62168eab58f8a96d665
tests/unit/configuration/ConfigurationModuleTests.cpp,🧪✅,88,substantive-test,"scénario métier, base, sécurité ou intégration locale exécuté",142,908e0404ac71e8de3ddefdc2d528f0a2c5bc93bd9fff8038a3a6cbde791cbd9e
tests/unit/core/CoreModuleTests.cpp,🧪✅,88,substantive-test,"scénario métier, base, sécurité ou intégration locale exécuté",124,ea430b48fd0ef9d79a13c932b355b1c3656cca1dcb633f6e0bbab0e1cb603a7a
tests/unit/finance/FinanceModuleTests.cpp,🧪✅,88,substantive-test,"scénario métier, base, sécurité ou intégration locale exécuté",130,f200a9d3de67717c3eba71c62f2a6e69e09c5d5d15b9062d05b0fd622d51f005
tests/unit/fulfillment/FulfillmentModuleTests.cpp,🧪✅,88,substantive-test,"scénario métier, base, sécurité ou intégration locale exécuté",138,1b7787fdcdecbc5adc21ca29623db991155c8f825b184d86162d865bf55f0ecb
tests/unit/inventory/InventoryModuleTests.cpp,🧪✅,88,substantive-test,"scénario métier, base, sécurité ou intégration locale exécuté",133,3b079e0cd7f877b8e74d060574ae80308e57b6c26f404be5357710ff5dbddce5
tests/unit/mapping/MappingModuleTests.cpp,🧪✅,88,substantive-test,"scénario métier, base, sécurité ou intégration locale exécuté",130,dd976ab78a553d5f9e49826b17f7bb77eb53dada6f7f62f03eb161e1afc7f045
tests/unit/orders/OrdersModuleTests.cpp,🧪✅,88,substantive-test,"scénario métier, base, sécurité ou intégration locale exécuté",128,7dca1899325190ff61ece66da864ff9e8438f5796613678c62c0aec35995a9f6
tests/unit/pricing/PricingModuleTests.cpp,🧪✅,88,substantive-test,"scénario métier, base, sécurité ou intégration locale exécuté",127,fa47bc91a69d9b2309ba5fa10800a545de7d5216f79ec0bd666f719173aee28a
tests/unit/returns/ReturnsModuleTests.cpp,🧪✅,88,substantive-test,"scénario métier, base, sécurité ou intégration locale exécuté",130,5bc538b1e8549b3f6a9ad08dd444b3f4aeb3467b5476076cea130c605d334581
tests/unit/risk/RiskModuleTests.cpp,🧪✅,88,substantive-test,"scénario métier, base, sécurité ou intégration locale exécuté",124,229c417870b936174442376e8b6625770ee5bc43c11ff670df75a79ffde6d658
tests/unit/security/SecurityModuleTests.cpp,🧪✅,88,substantive-test,"scénario métier, base, sécurité ou intégration locale exécuté",132,02d54e37ac3a8ffc70fb132025d2e35bb70a1138c8f51646343916a12498d626
tests/unit/shopify/ShopifyModuleTests.cpp,🧪✅,88,substantive-test,"scénario métier, base, sécurité ou intégration locale exécuté",127,d482f00f9216541f273259d13936ee9be68c1cd09f0ad32bae51332a461190db
tests/unit/sourcing/SourcingModuleTests.cpp,🧪✅,88,substantive-test,"scénario métier, base, sécurité ou intégration locale exécuté",132,4fa16b2377120c22d90fdb393d6d87d4d36ff2b7aea7fb834c7bfd9f543a75c1
tests/unit/storage/StorageModuleTests.cpp,🧪✅,88,substantive-test,"scénario métier, base, sécurité ou intégration locale exécuté",128,07becf0328e6ab1bb94198db70905dc62be2b7deeac332fbf12258bc3dc9c0b5
tests/unit/terminal/TerminalModuleTests.cpp,🧪✅,88,substantive-test,"scénario métier, base, sécurité ou intégration locale exécuté",132,f56a14c8227661786a601b15c71516fdd78bf0d3e65fd20415b9d2d85494b881
tests/unit_tests.cpp,🧪✅,88,substantive-test,"scénario métier, base, sécurité ou intégration locale exécuté",1435,42616700224492c18a50919f7bfcdab27a36e6e1409a3548daf63adb2a5e992c
tools/aliexpress_request_tester/main.cpp,✅,90,operational-entrypoint,exécutable terminal opérationnel compilé et lié,820,7df64f3a72af343e2d07be4862d605d13d6b02fccae6b5d8d7f3e7d69f40ceb1
tools/database_inspector/main.cpp,✅,90,operational-entrypoint,exécutable terminal opérationnel compilé et lié,1041,d938cfc00645b9d547de115884e4906d31ca16ef41e3e9e4db25dcf9a9b5b231
tools/graphql_query_tester/main.cpp,✅,90,operational-entrypoint,exécutable terminal opérationnel compilé et lié,1497,08a9db182889e359611b1eca6c94dc2920e911fda49937f5129745305b32836b
tools/inventory_reconciler/main.cpp,✅,90,operational-entrypoint,exécutable terminal opérationnel compilé et lié,804,5c6dd688bd5fb4c4787913b46810c788a3e702493bb2460b3fdf2d4824ec02a2
tools/log_analyzer/main.cpp,✅,90,operational-entrypoint,exécutable terminal opérationnel compilé et lié,561,26fe904c5d7301700cf4d0f1a11be5327fae4e60734a669489c38894875bdd37
tools/order_reconciler/main.cpp,✅,90,operational-entrypoint,exécutable terminal opérationnel compilé et lié,680,82e2c83a81b703a3859e243f4fe73740f39784e8826eb5c912c007c7e36e7bbd
tools/product_mapping_editor/main.cpp,✅,90,operational-entrypoint,exécutable terminal opérationnel compilé et lié,1084,e0b9209483ca07da02912f408a97e20b1d2c42c555fe460943cecb8aeca353cf
tools/secret_generator/main.cpp,✅,90,operational-entrypoint,exécutable terminal opérationnel compilé et lié,252,8c24e7dc08f1f29aaa748c0946994e74e58926e96606e1f9736bdf9a4cd4bc46
tools/webhook_replayer/main.cpp,✅,90,operational-entrypoint,exécutable terminal opérationnel compilé et lié,963,7df8ffb29106fb270e3ad9aab9b872c693632a29139c71dca87253d366fc56c3
VALIDATION_REPORT.txt,📊✅,92,project-report,rapport ou manifeste généré et cohérent avec la version 3,1962,GENERATED-REPORT-SEE-PROJECT_MANIFEST_SHA256
VALIDATION_REPORT_V3.txt,📊✅,92,project-report,rapport ou manifeste généré et cohérent avec la version 3,1962,GENERATED-REPORT-SEE-PROJECT_MANIFEST_SHA256
VERSION,✅,85,project-file,fichier de projet présent et non vide,6,2985be8b28d3ade858e8d8fb4bc22f565b1bf6020dff982dce141f7721b9999c
