path,score,emoji,state,detail,category,bytes,lines,change_from_v3
.editorconfig,85,🟢,INTÉGRÉ,ressource intégrée,resources,141,0,UNCHANGED
.env.example,85,🟢,INTÉGRÉ,ressource intégrée,resources,241,0,UNCHANGED
.gitignore,85,🟢,INTÉGRÉ,ressource intégrée,resources,87,0,UNCHANGED
CHANGELOG.md,88,📘,DOCUMENTÉ,documentation ou rapport,documentation,2910,45,MODIFIED
CMakeLists.txt,88,📘,DOCUMENTÉ,documentation ou rapport,build,2901,67,MODIFIED
CMakePresets.json,92,⚙️✅,CONFIGURATION,configuration valide,configuration,1686,75,UNCHANGED
CONTRIBUTING.md,88,📘,DOCUMENTÉ,documentation ou rapport,documentation,193,4,UNCHANGED
LICENSE.txt,88,📘,DOCUMENTÉ,documentation ou rapport,resources,255,4,UNCHANGED
PROJECT_DEEP_ANALYSIS_V3.md,88,📘,DOCUMENTÉ,documentation ou rapport,documentation,2557,44,UNCHANGED
PROJECT_DEEP_ANALYSIS_V4.md,88,📘,DOCUMENTÉ,documentation ou rapport,documentation,2017,42,NEW
PROJECT_FILE_STATUS_CURRENT.csv,92,📊,RAPPORT,rapport de validation ou progression,reports,252408,0,NEW
PROJECT_FILE_STATUS_V3.csv,92,📊,RAPPORT,rapport de validation ou progression,reports,411290,0,UNCHANGED
PROJECT_FILE_STATUS_V4.csv,92,📊,RAPPORT,rapport de validation ou progression,reports,286854,0,NEW
PROJECT_MANIFEST.txt,88,📘,DOCUMENTÉ,documentation ou rapport,reports,152411,1923,UNCHANGED
PROJECT_MANIFEST_SHA256.txt,88,📘,DOCUMENTÉ,documentation ou rapport,reports,211512,1924,UNCHANGED
PROJECT_MANIFEST_SHA256_V3.txt,88,📘,DOCUMENTÉ,documentation ou rapport,reports,211512,1924,UNCHANGED
PROJECT_MANIFEST_SHA256_V4.txt,88,📘,DOCUMENTÉ,documentation ou rapport,reports,213626,1945,NEW
PROJECT_STATUS.json,92,⚙️✅,CONFIGURATION,configuration valide,configuration,2339,73,UNCHANGED
PROJECT_STATUS_CURRENT.json,92,⚙️✅,CONFIGURATION,configuration valide,configuration,495593,17508,NEW
PROJECT_STATUS_V3.json,92,⚙️✅,CONFIGURATION,configuration valide,configuration,2339,73,UNCHANGED
PROJECT_STATUS_V4.json,92,⚙️✅,CONFIGURATION,configuration valide,configuration,1364,49,NEW
PROJECT_TREE_CMD_EMOJI_V3.txt,88,📘,DOCUMENTÉ,documentation ou rapport,reports,271693,2181,UNCHANGED
PROJECT_TREE_CMD_EMOJI_V4.txt,88,📘,DOCUMENTÉ,documentation ou rapport,reports,281341,2184,NEW
PROJECT_TREE_CMD_EMOJI_V4_CPP.txt,88,📘,DOCUMENTÉ,documentation ou rapport,reports,257025,1952,NEW
PROJECT_TREE_EMOJI.txt,88,📘,DOCUMENTÉ,documentation ou rapport,reports,271693,2181,UNCHANGED
README.md,88,📘,DOCUMENTÉ,documentation ou rapport,documentation,5284,113,MODIFIED
SECURITY.md,88,📘,DOCUMENTÉ,documentation ou rapport,documentation,1528,35,UNCHANGED
TARGET_TREE_COMPLIANCE.json,92,⚙️✅,CONFIGURATION,configuration valide,configuration,424,11,UNCHANGED
TARGET_TREE_COMPLIANCE_V4.json,92,⚙️✅,CONFIGURATION,configuration valide,configuration,164,9,NEW
VALIDATION_REPORT.txt,88,📘,DOCUMENTÉ,documentation ou rapport,reports,1962,72,UNCHANGED
VALIDATION_REPORT_V3.txt,88,📘,DOCUMENTÉ,documentation ou rapport,reports,1962,72,UNCHANGED
VALIDATION_REPORT_V4.txt,88,📘,DOCUMENTÉ,documentation ou rapport,reports,1902,47,NEW
VERSION,85,🟢,INTÉGRÉ,ressource intégrée,resources,6,0,MODIFIED
apps/aliexpress_oauth_helper/main.cpp,73,🟡,PARTIEL,module court mais utilisable,executables,1655,39,UNCHANGED
apps/autonomous_manager/main.cpp,64,🟡,MINIMAL,interface ou implémentation minimale,executables,808,10,UNCHANGED
apps/backup_manager/main.cpp,64,🟡,MINIMAL,interface ou implémentation minimale,executables,799,6,UNCHANGED
apps/configuration_validator/main.cpp,64,🟡,MINIMAL,interface ou implémentation minimale,executables,310,4,UNCHANGED
apps/database_migrator/main.cpp,95,✅,MÉTIER AVANCÉ,logique métier dédiée: migrateDirectory,executables,681,6,UNCHANGED
apps/diagnostics/main.cpp,64,🟡,MINIMAL,interface ou implémentation minimale,executables,1171,7,UNCHANGED
apps/emergency_recovery/main.cpp,95,✅,MÉTIER AVANCÉ,logique métier dédiée: migrateDirectory,executables,737,5,UNCHANGED
apps/manager/main.cpp,64,🟡,MINIMAL,interface ou implémentation minimale,executables,992,12,UNCHANGED
apps/replay_tool/main.cpp,64,🟡,MINIMAL,interface ou implémentation minimale,executables,687,7,UNCHANGED
apps/sandbox_simulator/main.cpp,64,🟡,MINIMAL,interface ou implémentation minimale,executables,646,5,UNCHANGED
apps/scheduler_service/main.cpp,96,✅,MÉTIER AVANCÉ,"logique métier dédiée: enqueueUniqueTask, migrateDirectory",executables,2616,81,UNCHANGED
apps/shopify_oauth_helper/main.cpp,73,🟡,PARTIEL,module court mais utilisable,executables,1630,39,UNCHANGED
apps/webhook_server/main.cpp,96,✅,MÉTIER AVANCÉ,"logique métier dédiée: ShopifyWebhookProcessor, migrateDirectory",executables,2932,76,MODIFIED
apps/worker_service/main.cpp,96,✅,MÉTIER AVANCÉ,"logique métier dédiée: enqueueUniqueTask, migrateDirectory",executables,14515,296,MODIFIED
cmake/CompilerOptions.cmake,94,🛠️✅,OUTILLAGE,"construction, déploiement ou emballage",build,93,4,UNCHANGED
cmake/CompilerWarnings.cmake,94,🛠️✅,OUTILLAGE,"construction, déploiement ou emballage",build,119,6,UNCHANGED
cmake/Dependencies.cmake,94,🛠️✅,OUTILLAGE,"construction, déploiement ou emballage",build,212,6,UNCHANGED
cmake/InstallLayout.cmake,94,🛠️✅,OUTILLAGE,"construction, déploiement ou emballage",build,24,2,UNCHANGED
cmake/LinuxToolchain.cmake,94,🛠️✅,OUTILLAGE,"construction, déploiement ou emballage",build,29,2,UNCHANGED
cmake/MingwToolchain.cmake,94,🛠️✅,OUTILLAGE,"construction, déploiement ou emballage",build,78,3,UNCHANGED
cmake/Packaging.cmake,94,🛠️✅,OUTILLAGE,"construction, déploiement ou emballage",build,134,4,UNCHANGED
cmake/Sanitizers.cmake,94,🛠️✅,OUTILLAGE,"construction, déploiement ou emballage",build,249,6,UNCHANGED
cmake/StaticAnalysis.cmake,94,🛠️✅,OUTILLAGE,"construction, déploiement ou emballage",build,233,8,UNCHANGED
cmake/TestConfiguration.cmake,94,🛠️✅,OUTILLAGE,"construction, déploiement ou emballage",build,32,3,UNCHANGED
cmake/VersionInfo.cmake,94,🛠️✅,OUTILLAGE,"construction, déploiement ou emballage",build,83,2,UNCHANGED
cmake/WindowsToolchain.cmake,94,🛠️✅,OUTILLAGE,"construction, déploiement ou emballage",build,31,2,UNCHANGED
config/aliexpress.example.json,82,🔐⚙️,CONFIG À ACTIVER,identifiants réels requis,configuration,306,11,UNCHANGED
config/app.example.json,92,⚙️✅,CONFIGURATION,configuration valide,configuration,1830,76,UNCHANGED
config/app.json,92,⚙️✅,CONFIGURATION,configuration valide,configuration,1830,76,UNCHANGED
config/application.example.json,92,⚙️✅,CONFIGURATION,configuration valide,configuration,175,9,UNCHANGED
config/automation.example.json,92,⚙️✅,CONFIGURATION,configuration valide,configuration,191,10,UNCHANGED
config/canada_compliance.example.json,92,⚙️✅,CONFIGURATION,configuration valide,configuration,172,8,UNCHANGED
config/customer_service.example.json,92,⚙️✅,CONFIGURATION,configuration valide,configuration,157,10,UNCHANGED
config/database.example.json,92,⚙️✅,CONFIGURATION,configuration valide,configuration,159,9,UNCHANGED
config/development.example.json,92,⚙️✅,CONFIGURATION,configuration valide,configuration,104,7,UNCHANGED
config/fulfillment.example.json,92,⚙️✅,CONFIGURATION,configuration valide,configuration,149,8,UNCHANGED
config/inventory.example.json,92,⚙️✅,CONFIGURATION,configuration valide,configuration,143,8,UNCHANGED
config/logging.example.json,92,⚙️✅,CONFIGURATION,configuration valide,configuration,132,8,UNCHANGED
config/notifications.example.json,92,⚙️✅,CONFIGURATION,configuration valide,configuration,127,8,UNCHANGED
config/pricing.example.json,92,⚙️✅,CONFIGURATION,configuration valide,configuration,208,9,UNCHANGED
config/production.example.json,82,🔐⚙️,CONFIG À ACTIVER,identifiants réels requis,configuration,139,8,UNCHANGED
config/secrets.example.env,82,🔐⚙️,CONFIG À ACTIVER,identifiants réels requis,configuration,133,7,UNCHANGED
config/security.example.json,92,⚙️✅,CONFIGURATION,configuration valide,configuration,158,8,UNCHANGED
config/shopify.example.json,82,🔐⚙️,CONFIG À ACTIVER,identifiants réels requis,configuration,262,9,UNCHANGED
config/sourcing.example.json,92,⚙️✅,CONFIGURATION,configuration valide,configuration,169,9,UNCHANGED
config/terminal_ui.example.json,92,⚙️✅,CONFIGURATION,configuration valide,configuration,132,8,UNCHANGED
data/audit/.gitkeep,100,💤,RUNTIME,dossier réservé à l’exécution,runtime,44,0,UNCHANGED
data/backups/.gitkeep,100,💤,RUNTIME,dossier réservé à l’exécution,runtime,44,0,UNCHANGED
data/cache/.gitkeep,100,💤,RUNTIME,dossier réservé à l’exécution,runtime,44,0,UNCHANGED
data/database/.gitkeep,100,💤,RUNTIME,dossier réservé à l’exécution,runtime,44,0,UNCHANGED
data/exports/.gitkeep,100,💤,RUNTIME,dossier réservé à l’exécution,runtime,44,0,UNCHANGED
data/exports/accounting/.gitkeep,100,💤,RUNTIME,dossier réservé à l’exécution,runtime,44,0,UNCHANGED
data/exports/analytics/.gitkeep,100,💤,RUNTIME,dossier réservé à l’exécution,runtime,44,0,UNCHANGED
data/exports/catalog/.gitkeep,100,💤,RUNTIME,dossier réservé à l’exécution,runtime,44,0,UNCHANGED
data/exports/customers/.gitkeep,100,💤,RUNTIME,dossier réservé à l’exécution,runtime,44,0,UNCHANGED
data/exports/inventory/.gitkeep,100,💤,RUNTIME,dossier réservé à l’exécution,runtime,44,0,UNCHANGED
data/exports/orders/.gitkeep,100,💤,RUNTIME,dossier réservé à l’exécution,runtime,44,0,UNCHANGED
data/exports/taxes/.gitkeep,100,💤,RUNTIME,dossier réservé à l’exécution,runtime,44,0,UNCHANGED
data/imports/.gitkeep,100,💤,RUNTIME,dossier réservé à l’exécution,runtime,44,0,UNCHANGED
data/logs/.gitkeep,100,💤,RUNTIME,dossier réservé à l’exécution,runtime,44,0,UNCHANGED
data/queue/.gitkeep,100,💤,RUNTIME,dossier réservé à l’exécution,runtime,44,0,UNCHANGED
data/queue/completed/.gitkeep,100,💤,RUNTIME,dossier réservé à l’exécution,runtime,44,0,UNCHANGED
data/queue/dead_letter/.gitkeep,100,💤,RUNTIME,dossier réservé à l’exécution,runtime,44,0,UNCHANGED
data/queue/failed/.gitkeep,100,💤,RUNTIME,dossier réservé à l’exécution,runtime,44,0,UNCHANGED
data/queue/pending/.gitkeep,100,💤,RUNTIME,dossier réservé à l’exécution,runtime,44,0,UNCHANGED
data/queue/processing/.gitkeep,100,💤,RUNTIME,dossier réservé à l’exécution,runtime,44,0,UNCHANGED
data/reports/.gitkeep,100,💤,RUNTIME,dossier réservé à l’exécution,runtime,44,0,UNCHANGED
data/runtime/.gitkeep,100,💤,RUNTIME,dossier réservé à l’exécution,runtime,44,0,UNCHANGED
data/temporary/.gitkeep,100,💤,RUNTIME,dossier réservé à l’exécution,runtime,44,0,UNCHANGED
docs/ALIEXPRESS_INTEGRATION.md,88,📘,DOCUMENTÉ,documentation ou rapport,documentation,281,4,UNCHANGED
docs/API_ENDPOINTS.md,88,📘,DOCUMENTÉ,documentation ou rapport,documentation,713,15,UNCHANGED
docs/ARCHITECTURE.md,88,📘,DOCUMENTÉ,documentation ou rapport,documentation,235,4,UNCHANGED
docs/AUTONOMOUS_WORKFLOWS.md,88,📘,DOCUMENTÉ,documentation ou rapport,documentation,364,4,UNCHANGED
docs/BUILD_LINUX.md,88,📘,DOCUMENTÉ,documentation ou rapport,documentation,180,8,UNCHANGED
docs/BUILD_WINDOWS_MSVC.md,88,📘,DOCUMENTÉ,documentation ou rapport,documentation,168,8,UNCHANGED
docs/BUILD_WINDOWS_MSYS2.md,88,📘,DOCUMENTÉ,documentation ou rapport,documentation,183,8,UNCHANGED
docs/CANADA.md,88,📘,DOCUMENTÉ,documentation ou rapport,documentation,322,4,UNCHANGED
docs/CANADA_CONFIGURATION.md,88,📘,DOCUMENTÉ,documentation ou rapport,documentation,219,4,UNCHANGED
docs/CONFIGURATION.md,88,📘,DOCUMENTÉ,documentation ou rapport,documentation,182,4,UNCHANGED
docs/DATABASE_SCHEMA.md,88,📘,DOCUMENTÉ,documentation ou rapport,documentation,231,4,UNCHANGED
docs/DEPLOYMENT.md,88,📘,DOCUMENTÉ,documentation ou rapport,documentation,209,4,UNCHANGED
docs/DISASTER_RECOVERY.md,88,📘,DOCUMENTÉ,documentation ou rapport,documentation,202,4,UNCHANGED
docs/IMPROVEMENTS_V3.md,88,📘,DOCUMENTÉ,documentation ou rapport,documentation,1343,20,UNCHANGED
docs/PRODUCTION_READINESS.md,88,📘,DOCUMENTÉ,documentation ou rapport,documentation,1389,28,UNCHANGED
docs/README_V2_ARCHIVE.md,88,📘,DOCUMENTÉ,documentation ou rapport,documentation,4446,105,UNCHANGED
docs/SECURITY.md,88,📘,DOCUMENTÉ,documentation ou rapport,documentation,302,4,UNCHANGED
docs/SECURITY_MODEL.md,88,📘,DOCUMENTÉ,documentation ou rapport,documentation,182,4,UNCHANGED
docs/SHOPIFY_ADVANCED_V4.md,88,📘,DOCUMENTÉ,documentation ou rapport,documentation,1684,29,NEW
docs/SHOPIFY_INTEGRATION.md,88,📘,DOCUMENTÉ,documentation ou rapport,documentation,232,4,UNCHANGED
docs/TERMINAL_COMMANDS.md,88,📘,DOCUMENTÉ,documentation ou rapport,documentation,216,4,UNCHANGED
docs/TESTING.md,88,📘,DOCUMENTÉ,documentation ou rapport,documentation,236,4,UNCHANGED
docs/TROUBLESHOOTING.md,88,📘,DOCUMENTÉ,documentation ou rapport,documentation,226,4,UNCHANGED
docs/WORKER_WEBHOOK_PIPELINE.md,88,📘,DOCUMENTÉ,documentation ou rapport,documentation,734,22,UNCHANGED
include/elit21/aliexpress/AliExpressClient.h,86,🟢,FONCTIONNEL,code dédié compilable,source,1967,50,UNCHANGED
include/elit21/aliexpress/AliExpressConfig.h,76,🟡,ADAPTATEUR PARTAGÉ,invariants communs; spécialisation métier encore limitée,source,323,14,UNCHANGED
include/elit21/aliexpress/AliExpressEndpoints.h,64,🟡,MINIMAL,interface ou implémentation minimale,source,679,6,UNCHANGED
include/elit21/aliexpress/AliExpressError.h,76,🟡,ADAPTATEUR PARTAGÉ,invariants communs; spécialisation métier encore limitée,source,321,14,UNCHANGED
include/elit21/aliexpress/AliExpressErrorMapper.h,76,🟡,ADAPTATEUR PARTAGÉ,invariants communs; spécialisation métier encore limitée,source,333,14,UNCHANGED
include/elit21/aliexpress/AliExpressMethodNames.h,64,🟡,MINIMAL,interface ou implémentation minimale,source,617,7,UNCHANGED
include/elit21/aliexpress/AliExpressModels.h,86,🟢,FONCTIONNEL,code dédié compilable,source,1153,53,UNCHANGED
include/elit21/aliexpress/AliExpressServiceFactory.h,76,🟡,ADAPTATEUR PARTAGÉ,invariants communs; spécialisation métier encore limitée,source,339,14,UNCHANGED
include/elit21/aliexpress/AliExpressSession.h,76,🟡,ADAPTATEUR PARTAGÉ,invariants communs; spécialisation métier encore limitée,source,325,14,UNCHANGED
include/elit21/aliexpress/auth/AliExpressAuthorizationUrlBuilder.h,64,🟡,MINIMAL,interface ou implémentation minimale,source,248,4,UNCHANGED
include/elit21/aliexpress/auth/AliExpressOAuthClient.h,64,🟡,MINIMAL,interface ou implémentation minimale,source,607,7,UNCHANGED
include/elit21/aliexpress/auth/AliExpressOAuthStateStore.h,64,🟡,MINIMAL,interface ou implémentation minimale,source,380,7,UNCHANGED
include/elit21/aliexpress/auth/AliExpressToken.h,64,🟡,MINIMAL,interface ou implémentation minimale,source,311,5,UNCHANGED
include/elit21/aliexpress/auth/AliExpressTokenManager.h,64,🟡,MINIMAL,interface ou implémentation minimale,source,575,7,UNCHANGED
include/elit21/aliexpress/auth/AliExpressTokenRefreshPolicy.h,64,🟡,MINIMAL,interface ou implémentation minimale,source,267,5,UNCHANGED
include/elit21/aliexpress/models/AliExpressCommissionOrder.h,64,🟡,MINIMAL,interface ou implémentation minimale,source,171,4,UNCHANGED
include/elit21/aliexpress/models/AliExpressDropshippingMember.h,64,🟡,MINIMAL,interface ou implémentation minimale,source,180,4,UNCHANGED
include/elit21/aliexpress/models/AliExpressFreightQuote.h,64,🟡,MINIMAL,interface ou implémentation minimale,source,206,4,UNCHANGED
include/elit21/aliexpress/models/AliExpressOrder.h,64,🟡,MINIMAL,interface ou implémentation minimale,source,197,5,UNCHANGED
include/elit21/aliexpress/models/AliExpressOrderLine.h,64,🟡,MINIMAL,interface ou implémentation minimale,source,176,4,UNCHANGED
include/elit21/aliexpress/models/AliExpressOrderStatus.h,64,🟡,MINIMAL,interface ou implémentation minimale,source,152,4,UNCHANGED
include/elit21/aliexpress/models/AliExpressProduct.h,64,🟡,MINIMAL,interface ou implémentation minimale,source,301,5,UNCHANGED
include/elit21/aliexpress/models/AliExpressProductDescription.h,64,🟡,MINIMAL,interface ou implémentation minimale,source,152,4,UNCHANGED
include/elit21/aliexpress/models/AliExpressProductImage.h,64,🟡,MINIMAL,interface ou implémentation minimale,source,146,4,UNCHANGED
include/elit21/aliexpress/models/AliExpressProductProperty.h,64,🟡,MINIMAL,interface ou implémentation minimale,source,129,4,UNCHANGED
include/elit21/aliexpress/models/AliExpressProductSku.h,64,🟡,MINIMAL,interface ou implémentation minimale,source,222,5,UNCHANGED
include/elit21/aliexpress/models/AliExpressSeller.h,64,🟡,MINIMAL,interface ou implémentation minimale,source,176,4,UNCHANGED
include/elit21/aliexpress/models/AliExpressShippingMethod.h,64,🟡,MINIMAL,interface ou implémentation minimale,source,208,4,UNCHANGED
include/elit21/aliexpress/models/AliExpressTrackingEvent.h,64,🟡,MINIMAL,interface ou implémentation minimale,source,156,4,UNCHANGED
include/elit21/aliexpress/requests/CommissionOrderListRequest.h,64,🟡,MINIMAL,interface ou implémentation minimale,source,278,6,UNCHANGED
include/elit21/aliexpress/requests/DsAddInfoRequest.h,64,🟡,MINIMAL,interface ou implémentation minimale,source,268,6,UNCHANGED
include/elit21/aliexpress/requests/DsImageSearchRequest.h,64,🟡,MINIMAL,interface ou implémentation minimale,source,272,6,UNCHANGED
include/elit21/aliexpress/requests/DsProductGetRequest.h,64,🟡,MINIMAL,interface ou implémentation minimale,source,271,6,UNCHANGED
include/elit21/aliexpress/requests/DsRecommendFeedGetRequest.h,64,🟡,MINIMAL,interface ou implémentation minimale,source,277,6,UNCHANGED
include/elit21/aliexpress/requests/DsTradeOrderGetRequest.h,64,🟡,MINIMAL,interface ou implémentation minimale,source,274,6,UNCHANGED
include/elit21/aliexpress/requests/FindProductByIdForDropshipperRequest.h,64,🟡,MINIMAL,interface ou implémentation minimale,source,288,6,UNCHANGED
include/elit21/aliexpress/requests/FreightCalculateRequest.h,64,🟡,MINIMAL,interface ou implémentation minimale,source,275,6,UNCHANGED
include/elit21/aliexpress/requests/MemberOrderDataSubmitRequest.h,64,🟡,MINIMAL,interface ou implémentation minimale,source,280,6,UNCHANGED
include/elit21/aliexpress/requests/PlaceOrderRequest.h,64,🟡,MINIMAL,interface ou implémentation minimale,source,269,6,UNCHANGED
include/elit21/aliexpress/requests/SimpleProductQueryRequest.h,64,🟡,MINIMAL,interface ou implémentation minimale,source,277,6,UNCHANGED
include/elit21/aliexpress/requests/TrackingInfoQueryRequest.h,64,🟡,MINIMAL,interface ou implémentation minimale,source,276,6,UNCHANGED
include/elit21/aliexpress/requests/TradeDsOrderGetRequest.h,64,🟡,MINIMAL,interface ou implémentation minimale,source,274,6,UNCHANGED
include/elit21/aliexpress/responses/CommissionOrderListResponse.h,76,🟡,ADAPTATEUR PARTAGÉ,invariants communs; spécialisation métier encore limitée,source,367,14,UNCHANGED
include/elit21/aliexpress/responses/DsAddInfoResponse.h,76,🟡,ADAPTATEUR PARTAGÉ,invariants communs; spécialisation métier encore limitée,source,347,14,UNCHANGED
include/elit21/aliexpress/responses/DsImageSearchResponse.h,76,🟡,ADAPTATEUR PARTAGÉ,invariants communs; spécialisation métier encore limitée,source,355,14,UNCHANGED
include/elit21/aliexpress/responses/DsProductGetResponse.h,76,🟡,ADAPTATEUR PARTAGÉ,invariants communs; spécialisation métier encore limitée,source,353,14,UNCHANGED
include/elit21/aliexpress/responses/DsRecommendFeedGetResponse.h,76,🟡,ADAPTATEUR PARTAGÉ,invariants communs; spécialisation métier encore limitée,source,365,14,UNCHANGED
include/elit21/aliexpress/responses/DsTradeOrderGetResponse.h,76,🟡,ADAPTATEUR PARTAGÉ,invariants communs; spécialisation métier encore limitée,source,359,14,UNCHANGED
include/elit21/aliexpress/responses/FindProductByIdForDropshipperResponse.h,76,🟡,ADAPTATEUR PARTAGÉ,invariants communs; spécialisation métier encore limitée,source,387,14,UNCHANGED
include/elit21/aliexpress/responses/FreightCalculateResponse.h,76,🟡,ADAPTATEUR PARTAGÉ,invariants communs; spécialisation métier encore limitée,source,361,14,UNCHANGED
include/elit21/aliexpress/responses/MemberOrderDataSubmitResponse.h,76,🟡,ADAPTATEUR PARTAGÉ,invariants communs; spécialisation métier encore limitée,source,371,14,UNCHANGED
include/elit21/aliexpress/responses/PlaceOrderResponse.h,76,🟡,ADAPTATEUR PARTAGÉ,invariants communs; spécialisation métier encore limitée,source,349,14,UNCHANGED
include/elit21/aliexpress/responses/SimpleProductQueryResponse.h,76,🟡,ADAPTATEUR PARTAGÉ,invariants communs; spécialisation métier encore limitée,source,365,14,UNCHANGED
include/elit21/aliexpress/responses/TrackingInfoQueryResponse.h,76,🟡,ADAPTATEUR PARTAGÉ,invariants communs; spécialisation métier encore limitée,source,363,14,UNCHANGED
include/elit21/aliexpress/responses/TradeDsOrderGetResponse.h,76,🟡,ADAPTATEUR PARTAGÉ,invariants communs; spécialisation métier encore limitée,source,359,14,UNCHANGED
include/elit21/aliexpress/services/AliExpressCapabilityService.h,76,🟡,ADAPTATEUR PARTAGÉ,invariants communs; spécialisation métier encore limitée,source,365,14,UNCHANGED
include/elit21/aliexpress/services/AliExpressCatalogService.h,76,🟡,ADAPTATEUR PARTAGÉ,invariants communs; spécialisation métier encore limitée,source,359,14,UNCHANGED
include/elit21/aliexpress/services/AliExpressCommissionService.h,76,🟡,ADAPTATEUR PARTAGÉ,invariants communs; spécialisation métier encore limitée,source,365,14,UNCHANGED
include/elit21/aliexpress/services/AliExpressFreightService.h,76,🟡,ADAPTATEUR PARTAGÉ,invariants communs; spécialisation métier encore limitée,source,359,14,UNCHANGED
include/elit21/aliexpress/services/AliExpressImageSearchService.h,76,🟡,ADAPTATEUR PARTAGÉ,invariants communs; spécialisation métier encore limitée,source,367,14,UNCHANGED
include/elit21/aliexpress/services/AliExpressMemberReportingService.h,76,🟡,ADAPTATEUR PARTAGÉ,invariants communs; spécialisation métier encore limitée,source,375,14,UNCHANGED
include/elit21/aliexpress/services/AliExpressOrderService.h,76,🟡,ADAPTATEUR PARTAGÉ,invariants communs; spécialisation métier encore limitée,source,355,14,UNCHANGED
include/elit21/aliexpress/services/AliExpressProductService.h,76,🟡,ADAPTATEUR PARTAGÉ,invariants communs; spécialisation métier encore limitée,source,359,14,UNCHANGED
include/elit21/aliexpress/services/AliExpressRecommendationService.h,76,🟡,ADAPTATEUR PARTAGÉ,invariants communs; spécialisation métier encore limitée,source,373,14,UNCHANGED
include/elit21/aliexpress/services/AliExpressSupplierAccountService.h,76,🟡,ADAPTATEUR PARTAGÉ,invariants communs; spécialisation métier encore limitée,source,375,14,UNCHANGED
include/elit21/aliexpress/services/AliExpressTrackingService.h,76,🟡,ADAPTATEUR PARTAGÉ,invariants communs; spécialisation métier encore limitée,source,361,14,UNCHANGED
include/elit21/aliexpress/transport/AliExpressApiTransport.h,76,🟡,ADAPTATEUR PARTAGÉ,invariants communs; spécialisation métier encore limitée,source,357,14,UNCHANGED
include/elit21/aliexpress/transport/AliExpressIopClient.h,76,🟡,ADAPTATEUR PARTAGÉ,invariants communs; spécialisation métier encore limitée,source,351,14,UNCHANGED
include/elit21/aliexpress/transport/AliExpressRateLimiter.h,76,🟡,ADAPTATEUR PARTAGÉ,invariants communs; spécialisation métier encore limitée,source,355,14,UNCHANGED
include/elit21/aliexpress/transport/AliExpressRequest.h,64,🟡,MINIMAL,interface ou implémentation minimale,source,772,9,UNCHANGED
include/elit21/aliexpress/transport/AliExpressTopClient.h,76,🟡,ADAPTATEUR PARTAGÉ,invariants communs; spécialisation métier encore limitée,source,351,14,UNCHANGED
include/elit21/aliexpress/transport/AliExpressTransportSelector.h,76,🟡,ADAPTATEUR PARTAGÉ,invariants communs; spécialisation métier encore limitée,source,367,14,UNCHANGED
include/elit21/aliexpress/transport/IopRequest.h,76,🟡,ADAPTATEUR PARTAGÉ,invariants communs; spécialisation métier encore limitée,source,333,14,UNCHANGED
include/elit21/aliexpress/transport/IopResponse.h,76,🟡,ADAPTATEUR PARTAGÉ,invariants communs; spécialisation métier encore limitée,source,335,14,UNCHANGED
include/elit21/aliexpress/transport/TopCommonParameters.h,64,🟡,MINIMAL,interface ou implémentation minimale,source,284,5,UNCHANGED
include/elit21/aliexpress/transport/TopRequest.h,76,🟡,ADAPTATEUR PARTAGÉ,invariants communs; spécialisation métier encore limitée,source,333,14,UNCHANGED
include/elit21/aliexpress/transport/TopRequestSigner.h,64,🟡,MINIMAL,interface ou implémentation minimale,source,337,5,UNCHANGED
include/elit21/aliexpress/transport/TopResponse.h,76,🟡,ADAPTATEUR PARTAGÉ,invariants communs; spécialisation métier encore limitée,source,335,14,UNCHANGED
include/elit21/aliexpress/transport/TopResponseParser.h,76,🟡,ADAPTATEUR PARTAGÉ,invariants communs; spécialisation métier encore limitée,source,347,14,UNCHANGED
include/elit21/analytics/Analytics.h,64,🟡,MINIMAL,interface ou implémentation minimale,source,163,5,UNCHANGED
include/elit21/analytics/AnalyticsCoordinator.h,76,🟡,ADAPTATEUR PARTAGÉ,invariants communs; spécialisation métier encore limitée,source,329,14,UNCHANGED
include/elit21/analytics/CatalogAnalytics.h,76,🟡,ADAPTATEUR PARTAGÉ,invariants communs; spécialisation métier encore limitée,source,321,14,UNCHANGED
include/elit21/analytics/ConversionAnalytics.h,76,🟡,ADAPTATEUR PARTAGÉ,invariants communs; spécialisation métier encore limitée,source,327,14,UNCHANGED
include/elit21/analytics/CustomerAnalytics.h,76,🟡,ADAPTATEUR PARTAGÉ,invariants communs; spécialisation métier encore limitée,source,323,14,UNCHANGED
include/elit21/analytics/DashboardSnapshot.h,76,🟡,ADAPTATEUR PARTAGÉ,invariants communs; spécialisation métier encore limitée,source,323,14,UNCHANGED
include/elit21/analytics/FulfillmentAnalytics.h,76,🟡,ADAPTATEUR PARTAGÉ,invariants communs; spécialisation métier encore limitée,source,329,14,UNCHANGED
include/elit21/analytics/InventoryAnalytics.h,76,🟡,ADAPTATEUR PARTAGÉ,invariants communs; spécialisation métier encore limitée,source,325,14,UNCHANGED
include/elit21/analytics/MarginAnalytics.h,76,🟡,ADAPTATEUR PARTAGÉ,invariants communs; spécialisation métier encore limitée,source,319,14,UNCHANGED
include/elit21/analytics/OrderAnalytics.h,76,🟡,ADAPTATEUR PARTAGÉ,invariants communs; spécialisation métier encore limitée,source,317,14,UNCHANGED
include/elit21/analytics/PerformanceIndicator.h,76,🟡,ADAPTATEUR PARTAGÉ,invariants communs; spécialisation métier encore limitée,source,329,14,UNCHANGED
include/elit21/analytics/ProductPerformanceAnalyzer.h,76,🟡,ADAPTATEUR PARTAGÉ,invariants communs; spécialisation métier encore limitée,source,341,14,UNCHANGED
include/elit21/analytics/ProfitabilityAnalytics.h,76,🟡,ADAPTATEUR PARTAGÉ,invariants communs; spécialisation métier encore limitée,source,333,14,UNCHANGED
include/elit21/analytics/RevenueAnalytics.h,76,🟡,ADAPTATEUR PARTAGÉ,invariants communs; spécialisation métier encore limitée,source,321,14,UNCHANGED
include/elit21/analytics/SalesForecastEngine.h,76,🟡,ADAPTATEUR PARTAGÉ,invariants communs; spécialisation métier encore limitée,source,327,14,UNCHANGED
include/elit21/analytics/ShippingAnalytics.h,76,🟡,ADAPTATEUR PARTAGÉ,invariants communs; spécialisation métier encore limitée,source,323,14,UNCHANGED
include/elit21/analytics/SupplierPerformanceAnalyzer.h,76,🟡,ADAPTATEUR PARTAGÉ,invariants communs; spécialisation métier encore limitée,source,343,14,UNCHANGED
include/elit21/app/Application.h,95,✅,MÉTIER AVANCÉ,logique métier dédiée: ShopifyWebhookProcessor,source,1675,59,MODIFIED
include/elit21/application/Application.h,76,🟡,ADAPTATEUR PARTAGÉ,invariants communs; spécialisation métier encore limitée,source,315,14,UNCHANGED
include/elit21/application/ApplicationBootstrap.h,76,🟡,ADAPTATEUR PARTAGÉ,invariants communs; spécialisation métier encore limitée,source,333,14,UNCHANGED
include/elit21/application/ApplicationContext.h,76,🟡,ADAPTATEUR PARTAGÉ,invariants communs; spécialisation métier encore limitée,source,329,14,UNCHANGED
include/elit21/application/ApplicationLifecycle.h,76,🟡,ADAPTATEUR PARTAGÉ,invariants communs; spécialisation métier encore limitée,source,333,14,UNCHANGED
include/elit21/application/ApplicationMode.h,76,🟡,ADAPTATEUR PARTAGÉ,invariants communs; spécialisation métier encore limitée,source,323,14,UNCHANGED
include/elit21/application/ComponentRegistry.h,76,🟡,ADAPTATEUR PARTAGÉ,invariants communs; spécialisation métier encore limitée,source,327,14,UNCHANGED
include/elit21/application/DependencyContainer.h,76,🟡,ADAPTATEUR PARTAGÉ,invariants communs; spécialisation métier encore limitée,source,331,14,UNCHANGED
include/elit21/application/RuntimeCoordinator.h,76,🟡,ADAPTATEUR PARTAGÉ,invariants communs; spécialisation métier encore limitée,source,329,14,UNCHANGED
include/elit21/application/RuntimeState.h,76,🟡,ADAPTATEUR PARTAGÉ,invariants communs; spécialisation métier encore limitée,source,317,14,UNCHANGED
include/elit21/application/ServiceRegistry.h,76,🟡,ADAPTATEUR PARTAGÉ,invariants communs; spécialisation métier encore limitée,source,323,14,UNCHANGED
include/elit21/application/ShutdownCoordinator.h,76,🟡,ADAPTATEUR PARTAGÉ,invariants communs; spécialisation métier encore limitée,source,331,14,UNCHANGED
include/elit21/application/StartupSequence.h,76,🟡,ADAPTATEUR PARTAGÉ,invariants communs; spécialisation métier encore limitée,source,323,14,UNCHANGED
include/elit21/application/VersionInformation.h,76,🟡,ADAPTATEUR PARTAGÉ,invariants communs; spécialisation métier encore limitée,source,329,14,UNCHANGED
include/elit21/automation/ApprovalGate.h,76,🟡,ADAPTATEUR PARTAGÉ,invariants communs; spécialisation métier encore limitée,source,315,14,UNCHANGED
include/elit21/automation/AutomationAction.h,76,🟡,ADAPTATEUR PARTAGÉ,invariants communs; spécialisation métier encore limitée,source,323,14,UNCHANGED
include/elit21/automation/AutomationCoordinator.h,76,🟡,ADAPTATEUR PARTAGÉ,invariants communs; spécialisation métier encore limitée,source,333,14,UNCHANGED
include/elit21/automation/AutomationEngine.h,64,🟡,MINIMAL,interface ou implémentation minimale,source,908,11,UNCHANGED
include/elit21/automation/AutomationEvent.h,76,🟡,ADAPTATEUR PARTAGÉ,invariants communs; spécialisation métier encore limitée,source,321,14,UNCHANGED
include/elit21/automation/AutomationRule.h,76,🟡,ADAPTATEUR PARTAGÉ,invariants communs; spécialisation métier encore limitée,source,319,14,UNCHANGED
include/elit21/automation/AutomationRuleEngine.h,76,🟡,ADAPTATEUR PARTAGÉ,invariants communs; spécialisation métier encore limitée,source,331,14,UNCHANGED
include/elit21/automation/AutomationState.h,76,🟡,ADAPTATEUR PARTAGÉ,invariants communs; spécialisation métier encore limitée,source,321,14,UNCHANGED
include/elit21/automation/AutomationTrigger.h,76,🟡,ADAPTATEUR PARTAGÉ,invariants communs; spécialisation métier encore limitée,source,325,14,UNCHANGED
include/elit21/automation/AutonomousDecision.h,76,🟡,ADAPTATEUR PARTAGÉ,invariants communs; spécialisation métier encore limitée,source,327,14,UNCHANGED
include/elit21/automation/AutonomousManager.h,76,🟡,ADAPTATEUR PARTAGÉ,invariants communs; spécialisation métier encore limitée,source,325,14,UNCHANGED
include/elit21/automation/AutonomousPolicy.h,76,🟡,ADAPTATEUR PARTAGÉ,invariants communs; spécialisation métier encore limitée,source,323,14,UNCHANGED
include/elit21/automation/DecisionContext.h,76,🟡,ADAPTATEUR PARTAGÉ,invariants communs; spécialisation métier encore limitée,source,321,14,UNCHANGED
include/elit21/automation/DecisionEngine.h,76,🟡,ADAPTATEUR PARTAGÉ,invariants communs; spécialisation métier encore limitée,source,319,14,UNCHANGED
include/elit21/automation/DryRunExecutor.h,76,🟡,ADAPTATEUR PARTAGÉ,invariants communs; spécialisation métier encore limitée,source,319,14,UNCHANGED
include/elit21/automation/EmergencyKillSwitch.h,76,🟡,ADAPTATEUR PARTAGÉ,invariants communs; spécialisation métier encore limitée,source,329,14,UNCHANGED
include/elit21/automation/ExceptionEscalationService.h,76,🟡,ADAPTATEUR PARTAGÉ,invariants communs; spécialisation métier encore limitée,source,343,14,UNCHANGED
include/elit21/automation/HumanApprovalQueue.h,76,🟡,ADAPTATEUR PARTAGÉ,invariants communs; spécialisation métier encore limitée,source,327,14,UNCHANGED
include/elit21/automation/PolicyEngine.h,76,🟡,ADAPTATEUR PARTAGÉ,invariants communs; spécialisation métier encore limitée,source,315,14,UNCHANGED
include/elit21/automation/RuleEvaluator.h,76,🟡,ADAPTATEUR PARTAGÉ,invariants communs; spécialisation métier encore limitée,source,317,14,UNCHANGED
include/elit21/automation/SelfHealingCoordinator.h,76,🟡,ADAPTATEUR PARTAGÉ,invariants communs; spécialisation métier encore limitée,source,335,14,UNCHANGED
include/elit21/automation/SelfTestManager.h,76,🟡,ADAPTATEUR PARTAGÉ,invariants communs; spécialisation métier encore limitée,source,321,14,UNCHANGED
include/elit21/automation/SimulationMode.h,76,🟡,ADAPTATEUR PARTAGÉ,invariants communs; spécialisation métier encore limitée,source,319,14,UNCHANGED
include/elit21/automation/SystemOptimizer.h,76,🟡,ADAPTATEUR PARTAGÉ,invariants communs; spécialisation métier encore limitée,source,321,14,UNCHANGED
include/elit21/automation/TaskOrchestrator.h,76,🟡,ADAPTATEUR PARTAGÉ,invariants communs; spécialisation métier encore limitée,source,323,14,UNCHANGED
include/elit21/catalog/CatalogImportCoordinator.h,76,🟡,ADAPTATEUR PARTAGÉ,invariants communs; spécialisation métier encore limitée,source,333,14,UNCHANGED
include/elit21/catalog/CatalogManager.h,64,🟡,MINIMAL,interface ou implémentation minimale,source,837,11,UNCHANGED
include/elit21/catalog/CatalogReconciliationService.h,76,🟡,ADAPTATEUR PARTAGÉ,invariants communs; spécialisation métier encore limitée,source,341,14,UNCHANGED
include/elit21/catalog/CollectionAssignmentEngine.h,76,🟡,ADAPTATEUR PARTAGÉ,invariants communs; spécialisation métier encore limitée,source,337,14,UNCHANGED
include/elit21/catalog/DescriptionCleaner.h,76,🟡,ADAPTATEUR PARTAGÉ,invariants communs; spécialisation métier encore limitée,source,321,14,UNCHANGED
include/elit21/catalog/DescriptionGenerator.h,76,🟡,ADAPTATEUR PARTAGÉ,invariants communs; spécialisation métier encore limitée,source,325,14,UNCHANGED
include/elit21/catalog/ImageImportPipeline.h,76,🟡,ADAPTATEUR PARTAGÉ,invariants communs; spécialisation métier encore limitée,source,323,14,UNCHANGED
include/elit21/catalog/ImagePolicyValidator.h,76,🟡,ADAPTATEUR PARTAGÉ,invariants communs; spécialisation métier encore limitée,source,325,14,UNCHANGED
include/elit21/catalog/MetafieldBuilder.h,76,🟡,ADAPTATEUR PARTAGÉ,invariants communs; spécialisation métier encore limitée,source,317,14,UNCHANGED
include/elit21/catalog/ProductArchiveService.h,76,🟡,ADAPTATEUR PARTAGÉ,invariants communs; spécialisation métier encore limitée,source,327,14,UNCHANGED
include/elit21/catalog/ProductContentNormalizer.h,76,🟡,ADAPTATEUR PARTAGÉ,invariants communs; spécialisation métier encore limitée,source,333,14,UNCHANGED
include/elit21/catalog/ProductCreationPlan.h,76,🟡,ADAPTATEUR PARTAGÉ,invariants communs; spécialisation métier encore limitée,source,323,14,UNCHANGED
include/elit21/catalog/ProductImportService.h,76,🟡,ADAPTATEUR PARTAGÉ,invariants communs; spécialisation métier encore limitée,source,325,14,UNCHANGED
include/elit21/catalog/ProductPublicationService.h,76,🟡,ADAPTATEUR PARTAGÉ,invariants communs; spécialisation métier encore limitée,source,335,14,UNCHANGED
include/elit21/catalog/ProductSeoBuilder.h,76,🟡,ADAPTATEUR PARTAGÉ,invariants communs; spécialisation métier encore limitée,source,319,14,UNCHANGED
include/elit21/catalog/ProductTagGenerator.h,76,🟡,ADAPTATEUR PARTAGÉ,invariants communs; spécialisation métier encore limitée,source,323,14,UNCHANGED
include/elit21/catalog/ProductTitleBuilder.h,76,🟡,ADAPTATEUR PARTAGÉ,invariants communs; spécialisation métier encore limitée,source,323,14,UNCHANGED
include/elit21/catalog/ProductTranslationService.h,76,🟡,ADAPTATEUR PARTAGÉ,invariants communs; spécialisation métier encore limitée,source,335,14,UNCHANGED
include/elit21/catalog/ProductUpdateService.h,76,🟡,ADAPTATEUR PARTAGÉ,invariants communs; spécialisation métier encore limitée,source,325,14,UNCHANGED
include/elit21/catalog/VariantBuilder.h,76,🟡,ADAPTATEUR PARTAGÉ,invariants communs; spécialisation métier encore limitée,source,313,14,UNCHANGED
include/elit21/catalog/VariantOptionNormalizer.h,76,🟡,ADAPTATEUR PARTAGÉ,invariants communs; spécialisation métier encore limitée,source,331,14,UNCHANGED
include/elit21/catalog/VendorAttributionPolicy.h,76,🟡,ADAPTATEUR PARTAGÉ,invariants communs; spécialisation métier encore limitée,source,331,14,UNCHANGED
include/elit21/compliance/CanadaAddressValidator.h,76,🟡,ADAPTATEUR PARTAGÉ,invariants communs; spécialisation métier encore limitée,source,335,14,UNCHANGED
include/elit21/compliance/CanadaCompliance.h,64,🟡,MINIMAL,interface ou implémentation minimale,source,571,9,UNCHANGED
include/elit21/compliance/CanadaComplianceCoordinator.h,76,🟡,ADAPTATEUR PARTAGÉ,invariants communs; spécialisation métier encore limitée,source,345,14,UNCHANGED
include/elit21/compliance/CanadaPostalCodeValidator.h,76,🟡,ADAPTATEUR PARTAGÉ,invariants communs; spécialisation métier encore limitée,source,341,14,UNCHANGED
include/elit21/compliance/ConsumerDisclosureValidator.h,76,🟡,ADAPTATEUR PARTAGÉ,invariants communs; spécialisation métier encore limitée,source,345,14,UNCHANGED
include/elit21/compliance/CustomsInformationBuilder.h,76,🟡,ADAPTATEUR PARTAGÉ,invariants communs; spécialisation métier encore limitée,source,341,14,UNCHANGED
include/elit21/compliance/DataRetentionPolicy.h,76,🟡,ADAPTATEUR PARTAGÉ,invariants communs; spécialisation métier encore limitée,source,329,14,UNCHANGED
include/elit21/compliance/LanguageComplianceChecker.h,76,🟡,ADAPTATEUR PARTAGÉ,invariants communs; spécialisation métier encore limitée,source,341,14,UNCHANGED
include/elit21/compliance/PrivacyRequestProcessor.h,76,🟡,ADAPTATEUR PARTAGÉ,invariants communs; spécialisation métier encore limitée,source,337,14,UNCHANGED
include/elit21/compliance/ProductComplianceDecision.h,76,🟡,ADAPTATEUR PARTAGÉ,invariants communs; spécialisation métier encore limitée,source,341,14,UNCHANGED
include/elit21/compliance/ProductRestrictionDatabase.h,76,🟡,ADAPTATEUR PARTAGÉ,invariants communs; spécialisation métier encore limitée,source,343,14,UNCHANGED
include/elit21/compliance/ProductRestrictionScanner.h,76,🟡,ADAPTATEUR PARTAGÉ,invariants communs; spécialisation métier encore limitée,source,341,14,UNCHANGED
include/elit21/compliance/ProvinceResolver.h,76,🟡,ADAPTATEUR PARTAGÉ,invariants communs; spécialisation métier encore limitée,source,323,14,UNCHANGED
include/elit21/compliance/RegulatoryExceptionQueue.h,76,🟡,ADAPTATEUR PARTAGÉ,invariants communs; spécialisation métier encore limitée,source,339,14,UNCHANGED
include/elit21/compliance/TaxJurisdictionResolver.h,76,🟡,ADAPTATEUR PARTAGÉ,invariants communs; spécialisation métier encore limitée,source,337,14,UNCHANGED
include/elit21/concurrency/AsyncExecutor.h,76,🟡,ADAPTATEUR PARTAGÉ,invariants communs; spécialisation métier encore limitée,source,319,14,UNCHANGED
include/elit21/concurrency/CancellationSource.h,76,🟡,ADAPTATEUR PARTAGÉ,invariants communs; spécialisation métier encore limitée,source,329,14,UNCHANGED
include/elit21/concurrency/CancellationToken.h,76,🟡,ADAPTATEUR PARTAGÉ,invariants communs; spécialisation métier encore limitée,source,327,14,UNCHANGED
include/elit21/concurrency/ConcurrentMap.h,76,🟡,ADAPTATEUR PARTAGÉ,invariants communs; spécialisation métier encore limitée,source,319,14,UNCHANGED
include/elit21/concurrency/ConcurrentQueue.h,76,🟡,ADAPTATEUR PARTAGÉ,invariants communs; spécialisation métier encore limitée,source,323,14,UNCHANGED
include/elit21/concurrency/FutureUtils.h,76,🟡,ADAPTATEUR PARTAGÉ,invariants communs; spécialisation métier encore limitée,source,315,14,UNCHANGED
include/elit21/concurrency/JobHandle.h,76,🟡,ADAPTATEUR PARTAGÉ,invariants communs; spécialisation métier encore limitée,source,311,14,UNCHANGED
include/elit21/concurrency/ProcessLock.h,76,🟡,ADAPTATEUR PARTAGÉ,invariants communs; spécialisation métier encore limitée,source,315,14,UNCHANGED
include/elit21/concurrency/ReadWriteLock.h,76,🟡,ADAPTATEUR PARTAGÉ,invariants communs; spécialisation métier encore limitée,source,319,14,UNCHANGED
include/elit21/concurrency/Semaphore.h,76,🟡,ADAPTATEUR PARTAGÉ,invariants communs; spécialisation métier encore limitée,source,311,14,UNCHANGED
include/elit21/concurrency/Task.h,76,🟡,ADAPTATEUR PARTAGÉ,invariants communs; spécialisation métier encore limitée,source,301,14,UNCHANGED
include/elit21/concurrency/ThreadPool.h,76,🟡,ADAPTATEUR PARTAGÉ,invariants communs; spécialisation métier encore limitée,source,313,14,UNCHANGED
include/elit21/concurrency/ThreadSafeValue.h,76,🟡,ADAPTATEUR PARTAGÉ,invariants communs; spécialisation métier encore limitée,source,323,14,UNCHANGED
include/elit21/concurrency/TimedMutex.h,76,🟡,ADAPTATEUR PARTAGÉ,invariants communs; spécialisation métier encore limitée,source,313,14,UNCHANGED
include/elit21/concurrency/WorkerThread.h,76,🟡,ADAPTATEUR PARTAGÉ,invariants communs; spécialisation métier encore limitée,source,317,14,UNCHANGED
include/elit21/config/Config.h,86,🟢,FONCTIONNEL,code dédié compilable,source,2170,84,UNCHANGED
include/elit21/configuration/ApplicationConfig.h,76,🟡,ADAPTATEUR PARTAGÉ,invariants communs; spécialisation métier encore limitée,source,331,14,UNCHANGED
include/elit21/configuration/AutomationConfig.h,76,🟡,ADAPTATEUR PARTAGÉ,invariants communs; spécialisation métier encore limitée,source,329,14,UNCHANGED
include/elit21/configuration/ConfigurationLoader.h,76,🟡,ADAPTATEUR PARTAGÉ,invariants communs; spécialisation métier encore limitée,source,335,14,UNCHANGED
include/elit21/configuration/ConfigurationMerger.h,76,🟡,ADAPTATEUR PARTAGÉ,invariants communs; spécialisation métier encore limitée,source,335,14,UNCHANGED
include/elit21/configuration/ConfigurationPaths.h,76,🟡,ADAPTATEUR PARTAGÉ,invariants communs; spécialisation métier encore limitée,source,333,14,UNCHANGED
include/elit21/configuration/ConfigurationSchema.h,76,🟡,ADAPTATEUR PARTAGÉ,invariants communs; spécialisation métier encore limitée,source,335,14,UNCHANGED
include/elit21/configuration/ConfigurationValidator.h,76,🟡,ADAPTATEUR PARTAGÉ,invariants communs; spécialisation métier encore limitée,source,341,14,UNCHANGED
include/elit21/configuration/ConfigurationWatcher.h,76,🟡,ADAPTATEUR PARTAGÉ,invariants communs; spécialisation métier encore limitée,source,337,14,UNCHANGED
include/elit21/configuration/DatabaseConfig.h,76,🟡,ADAPTATEUR PARTAGÉ,invariants communs; spécialisation métier encore limitée,source,325,14,UNCHANGED
include/elit21/configuration/EnvironmentLoader.h,76,🟡,ADAPTATEUR PARTAGÉ,invariants communs; spécialisation métier encore limitée,source,331,14,UNCHANGED
include/elit21/configuration/FeatureFlagConfig.h,76,🟡,ADAPTATEUR PARTAGÉ,invariants communs; spécialisation métier encore limitée,source,331,14,UNCHANGED
include/elit21/configuration/FulfillmentConfig.h,76,🟡,ADAPTATEUR PARTAGÉ,invariants communs; spécialisation métier encore limitée,source,331,14,UNCHANGED
include/elit21/configuration/InventoryConfig.h,76,🟡,ADAPTATEUR PARTAGÉ,invariants communs; spécialisation métier encore limitée,source,327,14,UNCHANGED
include/elit21/configuration/LoggingConfig.h,76,🟡,ADAPTATEUR PARTAGÉ,invariants communs; spécialisation métier encore limitée,source,323,14,UNCHANGED
include/elit21/configuration/NotificationConfig.h,76,🟡,ADAPTATEUR PARTAGÉ,invariants communs; spécialisation métier encore limitée,source,333,14,UNCHANGED
include/elit21/configuration/PricingConfig.h,76,🟡,ADAPTATEUR PARTAGÉ,invariants communs; spécialisation métier encore limitée,source,323,14,UNCHANGED
include/elit21/configuration/SecurityConfig.h,76,🟡,ADAPTATEUR PARTAGÉ,invariants communs; spécialisation métier encore limitée,source,325,14,UNCHANGED
include/elit21/configuration/SourcingConfig.h,76,🟡,ADAPTATEUR PARTAGÉ,invariants communs; spécialisation métier encore limitée,source,325,14,UNCHANGED
include/elit21/configuration/TerminalConfig.h,76,🟡,ADAPTATEUR PARTAGÉ,invariants communs; spécialisation métier encore limitée,source,325,14,UNCHANGED
include/elit21/core/AtomicCounter.h,76,🟡,ADAPTATEUR PARTAGÉ,invariants communs; spécialisation métier encore limitée,source,305,14,UNCHANGED
include/elit21/core/Clock.h,76,🟡,ADAPTATEUR PARTAGÉ,invariants communs; spécialisation métier encore limitée,source,289,14,UNCHANGED
include/elit21/core/DateTime.h,76,🟡,ADAPTATEUR PARTAGÉ,invariants communs; spécialisation métier encore limitée,source,295,14,UNCHANGED
include/elit21/core/Duration.h,76,🟡,ADAPTATEUR PARTAGÉ,invariants communs; spécialisation métier encore limitée,source,295,14,UNCHANGED
include/elit21/core/Error.h,76,🟡,ADAPTATEUR PARTAGÉ,invariants communs; spécialisation métier encore limitée,source,289,14,UNCHANGED
include/elit21/core/ErrorCode.h,76,🟡,ADAPTATEUR PARTAGÉ,invariants communs; spécialisation métier encore limitée,source,297,14,UNCHANGED
include/elit21/core/Expected.h,76,🟡,ADAPTATEUR PARTAGÉ,invariants communs; spécialisation métier encore limitée,source,295,14,UNCHANGED
include/elit21/core/Identifier.h,76,🟡,ADAPTATEUR PARTAGÉ,invariants communs; spécialisation métier encore limitée,source,299,14,UNCHANGED
include/elit21/core/NonCopyable.h,76,🟡,ADAPTATEUR PARTAGÉ,invariants communs; spécialisation métier encore limitée,source,301,14,UNCHANGED
include/elit21/core/Optional.h,76,🟡,ADAPTATEUR PARTAGÉ,invariants communs; spécialisation métier encore limitée,source,295,14,UNCHANGED
include/elit21/core/Result.h,73,🟡,PARTIEL,module court mais utilisable,source,1296,38,UNCHANGED
include/elit21/core/ScopeGuard.h,76,🟡,ADAPTATEUR PARTAGÉ,invariants communs; spécialisation métier encore limitée,source,299,14,UNCHANGED
include/elit21/core/Status.h,76,🟡,ADAPTATEUR PARTAGÉ,invariants communs; spécialisation métier encore limitée,source,291,14,UNCHANGED
include/elit21/core/Stopwatch.h,76,🟡,ADAPTATEUR PARTAGÉ,invariants communs; spécialisation métier encore limitée,source,297,14,UNCHANGED
include/elit21/core/StringUtils.h,76,🟡,ADAPTATEUR PARTAGÉ,invariants communs; spécialisation métier encore limitée,source,301,14,UNCHANGED
include/elit21/core/TimeUtils.h,76,🟡,ADAPTATEUR PARTAGÉ,invariants communs; spécialisation métier encore limitée,source,297,14,UNCHANGED
include/elit21/core/Timestamp.h,76,🟡,ADAPTATEUR PARTAGÉ,invariants communs; spécialisation métier encore limitée,source,297,14,UNCHANGED
include/elit21/core/TypeId.h,76,🟡,ADAPTATEUR PARTAGÉ,invariants communs; spécialisation métier encore limitée,source,291,14,UNCHANGED
include/elit21/core/Types.h,86,🟢,FONCTIONNEL,code dédié compilable,source,1552,51,UNCHANGED
include/elit21/core/Uuid.h,76,🟡,ADAPTATEUR PARTAGÉ,invariants communs; spécialisation métier encore limitée,source,287,14,UNCHANGED
include/elit21/core/ValidationResult.h,76,🟡,ADAPTATEUR PARTAGÉ,invariants communs; spécialisation métier encore limitée,source,311,14,UNCHANGED
include/elit21/customer_service/BilingualMessageBuilder.h,76,🟡,ADAPTATEUR PARTAGÉ,invariants communs; spécialisation métier encore limitée,source,349,14,UNCHANGED
include/elit21/customer_service/CustomerMessage.h,76,🟡,ADAPTATEUR PARTAGÉ,invariants communs; spécialisation métier encore limitée,source,333,14,UNCHANGED
include/elit21/customer_service/CustomerMessageDispatcher.h,76,🟡,ADAPTATEUR PARTAGÉ,invariants communs; spécialisation métier encore limitée,source,353,14,UNCHANGED
include/elit21/customer_service/CustomerServiceCoordinator.h,76,🟡,ADAPTATEUR PARTAGÉ,invariants communs; spécialisation métier encore limitée,source,355,14,UNCHANGED
include/elit21/customer_service/DelayNotificationService.h,76,🟡,ADAPTATEUR PARTAGÉ,invariants communs; spécialisation métier encore limitée,source,351,14,UNCHANGED
include/elit21/customer_service/DeliveryNotificationService.h,76,🟡,ADAPTATEUR PARTAGÉ,invariants communs; spécialisation métier encore limitée,source,357,14,UNCHANGED
include/elit21/customer_service/EmailNotificationClient.h,76,🟡,ADAPTATEUR PARTAGÉ,invariants communs; spécialisation métier encore limitée,source,349,14,UNCHANGED
include/elit21/customer_service/MessageTemplateEngine.h,76,🟡,ADAPTATEUR PARTAGÉ,invariants communs; spécialisation métier encore limitée,source,345,14,UNCHANGED
include/elit21/customer_service/OrderConfirmationService.h,76,🟡,ADAPTATEUR PARTAGÉ,invariants communs; spécialisation métier encore limitée,source,351,14,UNCHANGED
include/elit21/customer_service/RefundNotificationService.h,76,🟡,ADAPTATEUR PARTAGÉ,invariants communs; spécialisation métier encore limitée,source,353,14,UNCHANGED
include/elit21/customer_service/SupportCase.h,76,🟡,ADAPTATEUR PARTAGÉ,invariants communs; spécialisation métier encore limitée,source,325,14,UNCHANGED
include/elit21/customer_service/SupportCaseClassifier.h,76,🟡,ADAPTATEUR PARTAGÉ,invariants communs; spécialisation métier encore limitée,source,345,14,UNCHANGED
include/elit21/customer_service/SupportCaseRepository.h,76,🟡,ADAPTATEUR PARTAGÉ,invariants communs; spécialisation métier encore limitée,source,345,14,UNCHANGED
include/elit21/customer_service/TrackingNotificationService.h,76,🟡,ADAPTATEUR PARTAGÉ,invariants communs; spécialisation métier encore limitée,source,357,14,UNCHANGED
include/elit21/customers/Customer.h,76,🟡,ADAPTATEUR PARTAGÉ,invariants communs; spécialisation métier encore limitée,source,305,14,UNCHANGED
include/elit21/customers/CustomerAnonymizationService.h,76,🟡,ADAPTATEUR PARTAGÉ,invariants communs; spécialisation métier encore limitée,source,345,14,UNCHANGED
include/elit21/customers/CustomerConsentService.h,76,🟡,ADAPTATEUR PARTAGÉ,invariants communs; spécialisation métier encore limitée,source,333,14,UNCHANGED
include/elit21/customers/CustomerDataExporter.h,76,🟡,ADAPTATEUR PARTAGÉ,invariants communs; spécialisation métier encore limitée,source,329,14,UNCHANGED
include/elit21/customers/CustomerDataSynchronizer.h,76,🟡,ADAPTATEUR PARTAGÉ,invariants communs; spécialisation métier encore limitée,source,337,14,UNCHANGED
include/elit21/customers/CustomerDeletionService.h,76,🟡,ADAPTATEUR PARTAGÉ,invariants communs; spécialisation métier encore limitée,source,335,14,UNCHANGED
include/elit21/customers/CustomerIdentityResolver.h,76,🟡,ADAPTATEUR PARTAGÉ,invariants communs; spécialisation métier encore limitée,source,337,14,UNCHANGED
include/elit21/customers/CustomerProfileService.h,76,🟡,ADAPTATEUR PARTAGÉ,invariants communs; spécialisation métier encore limitée,source,333,14,UNCHANGED
include/elit21/customers/CustomerRiskProfile.h,76,🟡,ADAPTATEUR PARTAGÉ,invariants communs; spécialisation métier encore limitée,source,327,14,UNCHANGED
include/elit21/domain/Address.h,76,🟡,ADAPTATEUR PARTAGÉ,invariants communs; spécialisation métier encore limitée,source,297,14,UNCHANGED
include/elit21/domain/Amount.h,76,🟡,ADAPTATEUR PARTAGÉ,invariants communs; spécialisation métier encore limitée,source,295,14,UNCHANGED
include/elit21/domain/CountryCode.h,76,🟡,ADAPTATEUR PARTAGÉ,invariants communs; spécialisation métier encore limitée,source,305,14,UNCHANGED
include/elit21/domain/Currency.h,76,🟡,ADAPTATEUR PARTAGÉ,invariants communs; spécialisation métier encore limitée,source,299,14,UNCHANGED
include/elit21/domain/CustomerId.h,76,🟡,ADAPTATEUR PARTAGÉ,invariants communs; spécialisation métier encore limitée,source,303,14,UNCHANGED
include/elit21/domain/EmailAddress.h,76,🟡,ADAPTATEUR PARTAGÉ,invariants communs; spécialisation métier encore limitée,source,307,14,UNCHANGED
include/elit21/domain/LanguageCode.h,76,🟡,ADAPTATEUR PARTAGÉ,invariants communs; spécialisation métier encore limitée,source,307,14,UNCHANGED
include/elit21/domain/Money.h,76,🟡,ADAPTATEUR PARTAGÉ,invariants communs; spécialisation métier encore limitée,source,293,14,UNCHANGED
include/elit21/domain/OrderId.h,76,🟡,ADAPTATEUR PARTAGÉ,invariants communs; spécialisation métier encore limitée,source,297,14,UNCHANGED
include/elit21/domain/Percentage.h,76,🟡,ADAPTATEUR PARTAGÉ,invariants communs; spécialisation métier encore limitée,source,303,14,UNCHANGED
include/elit21/domain/PhoneNumber.h,76,🟡,ADAPTATEUR PARTAGÉ,invariants communs; spécialisation métier encore limitée,source,305,14,UNCHANGED
include/elit21/domain/PostalCode.h,76,🟡,ADAPTATEUR PARTAGÉ,invariants communs; spécialisation métier encore limitée,source,303,14,UNCHANGED
include/elit21/domain/ProductId.h,76,🟡,ADAPTATEUR PARTAGÉ,invariants communs; spécialisation métier encore limitée,source,301,14,UNCHANGED
include/elit21/domain/ProvinceCode.h,76,🟡,ADAPTATEUR PARTAGÉ,invariants communs; spécialisation métier encore limitée,source,307,14,UNCHANGED
include/elit21/domain/Quantity.h,76,🟡,ADAPTATEUR PARTAGÉ,invariants communs; spécialisation métier encore limitée,source,299,14,UNCHANGED
include/elit21/domain/ShipmentId.h,76,🟡,ADAPTATEUR PARTAGÉ,invariants communs; spécialisation métier encore limitée,source,303,14,UNCHANGED
include/elit21/domain/Sku.h,76,🟡,ADAPTATEUR PARTAGÉ,invariants communs; spécialisation métier encore limitée,source,289,14,UNCHANGED
include/elit21/domain/SupplierId.h,76,🟡,ADAPTATEUR PARTAGÉ,invariants communs; spécialisation métier encore limitée,source,303,14,UNCHANGED
include/elit21/domain/TaxRate.h,76,🟡,ADAPTATEUR PARTAGÉ,invariants communs; spécialisation métier encore limitée,source,297,14,UNCHANGED
include/elit21/domain/TrackingNumber.h,76,🟡,ADAPTATEUR PARTAGÉ,invariants communs; spécialisation métier encore limitée,source,311,14,UNCHANGED
include/elit21/domain/VariantId.h,76,🟡,ADAPTATEUR PARTAGÉ,invariants communs; spécialisation métier encore limitée,source,301,14,UNCHANGED
include/elit21/finance/AccountingEntry.h,76,🟡,ADAPTATEUR PARTAGÉ,invariants communs; spécialisation métier encore limitée,source,315,14,UNCHANGED
include/elit21/finance/AccountingExporter.h,76,🟡,ADAPTATEUR PARTAGÉ,invariants communs; spécialisation métier encore limitée,source,321,14,UNCHANGED
include/elit21/finance/CostOfGoodsCalculator.h,76,🟡,ADAPTATEUR PARTAGÉ,invariants communs; spécialisation métier encore limitée,source,327,14,UNCHANGED
include/elit21/finance/ExpenseTracker.h,76,🟡,ADAPTATEUR PARTAGÉ,invariants communs; spécialisation métier encore limitée,source,313,14,UNCHANGED
include/elit21/finance/FinancialLedger.h,76,🟡,ADAPTATEUR PARTAGÉ,invariants communs; spécialisation métier encore limitée,source,315,14,UNCHANGED
include/elit21/finance/FinancialReconciliationService.h,76,🟡,ADAPTATEUR PARTAGÉ,invariants communs; spécialisation métier encore limitée,source,345,14,UNCHANGED
include/elit21/finance/GrossProfitCalculator.h,76,🟡,ADAPTATEUR PARTAGÉ,invariants communs; spécialisation métier encore limitée,source,327,14,UNCHANGED
include/elit21/finance/NetProfitCalculator.h,76,🟡,ADAPTATEUR PARTAGÉ,invariants communs; spécialisation métier encore limitée,source,323,14,UNCHANGED
include/elit21/finance/OrderProfitabilityCalculator.h,76,🟡,ADAPTATEUR PARTAGÉ,invariants communs; spécialisation métier encore limitée,source,341,14,UNCHANGED
include/elit21/finance/PaymentFeeReconciler.h,76,🟡,ADAPTATEUR PARTAGÉ,invariants communs; spécialisation métier encore limitée,source,325,14,UNCHANGED
include/elit21/finance/PayoutReconciliationService.h,76,🟡,ADAPTATEUR PARTAGÉ,invariants communs; spécialisation métier encore limitée,source,339,14,UNCHANGED
include/elit21/finance/RevenueTracker.h,76,🟡,ADAPTATEUR PARTAGÉ,invariants communs; spécialisation métier encore limitée,source,313,14,UNCHANGED
include/elit21/finance/TaxReportExporter.h,76,🟡,ADAPTATEUR PARTAGÉ,invariants communs; spécialisation métier encore limitée,source,319,14,UNCHANGED
include/elit21/finance/TransactionRecord.h,76,🟡,ADAPTATEUR PARTAGÉ,invariants communs; spécialisation métier encore limitée,source,319,14,UNCHANGED
include/elit21/fulfillment/CarrierDetectionService.h,76,🟡,ADAPTATEUR PARTAGÉ,invariants communs; spécialisation métier encore limitée,source,339,14,UNCHANGED
include/elit21/fulfillment/DeliveryConfirmationService.h,76,🟡,ADAPTATEUR PARTAGÉ,invariants communs; spécialisation métier encore limitée,source,347,14,UNCHANGED
include/elit21/fulfillment/DeliveryEstimateCalculator.h,76,🟡,ADAPTATEUR PARTAGÉ,invariants communs; spécialisation métier encore limitée,source,345,14,UNCHANGED
include/elit21/fulfillment/FulfillmentCoordinator.h,76,🟡,ADAPTATEUR PARTAGÉ,invariants communs; spécialisation métier encore limitée,source,337,14,UNCHANGED
include/elit21/fulfillment/FulfillmentCreationService.h,76,🟡,ADAPTATEUR PARTAGÉ,invariants communs; spécialisation métier encore limitée,source,345,14,UNCHANGED
include/elit21/fulfillment/FulfillmentManager.h,64,🟡,MINIMAL,interface ou implémentation minimale,source,519,8,UNCHANGED
include/elit21/fulfillment/FulfillmentReconciliationService.h,76,🟡,ADAPTATEUR PARTAGÉ,invariants communs; spécialisation métier encore limitée,source,357,14,UNCHANGED
include/elit21/fulfillment/LateShipmentDetector.h,76,🟡,ADAPTATEUR PARTAGÉ,invariants communs; spécialisation métier encore limitée,source,333,14,UNCHANGED
include/elit21/fulfillment/LostShipmentDetector.h,76,🟡,ADAPTATEUR PARTAGÉ,invariants communs; spécialisation métier encore limitée,source,333,14,UNCHANGED
include/elit21/fulfillment/PartialFulfillmentCoordinator.h,76,🟡,ADAPTATEUR PARTAGÉ,invariants communs; spécialisation métier encore limitée,source,351,14,UNCHANGED
include/elit21/fulfillment/Shipment.h,76,🟡,ADAPTATEUR PARTAGÉ,invariants communs; spécialisation métier encore limitée,source,309,14,UNCHANGED
include/elit21/fulfillment/ShipmentMonitor.h,76,🟡,ADAPTATEUR PARTAGÉ,invariants communs; spécialisation métier encore limitée,source,323,14,UNCHANGED
include/elit21/fulfillment/ShipmentStateMachine.h,76,🟡,ADAPTATEUR PARTAGÉ,invariants communs; spécialisation métier encore limitée,source,333,14,UNCHANGED
include/elit21/fulfillment/ShippingMethodSelector.h,76,🟡,ADAPTATEUR PARTAGÉ,invariants communs; spécialisation métier encore limitée,source,337,14,UNCHANGED
include/elit21/fulfillment/TrackingEvent.h,76,🟡,ADAPTATEUR PARTAGÉ,invariants communs; spécialisation métier encore limitée,source,319,14,UNCHANGED
include/elit21/fulfillment/TrackingEventNormalizer.h,76,🟡,ADAPTATEUR PARTAGÉ,invariants communs; spécialisation métier encore limitée,source,339,14,UNCHANGED
include/elit21/fulfillment/TrackingPollingPolicy.h,76,🟡,ADAPTATEUR PARTAGÉ,invariants communs; spécialisation métier encore limitée,source,335,14,UNCHANGED
include/elit21/fulfillment/TrackingSynchronizationService.h,76,🟡,ADAPTATEUR PARTAGÉ,invariants communs; spécialisation métier encore limitée,source,353,14,UNCHANGED
include/elit21/fulfillment/UntrackedShipmentHandler.h,76,🟡,ADAPTATEUR PARTAGÉ,invariants communs; spécialisation métier encore limitée,source,341,14,UNCHANGED
include/elit21/inventory/AvailabilityDecision.h,76,🟡,ADAPTATEUR PARTAGÉ,invariants communs; spécialisation métier encore limitée,source,329,14,UNCHANGED
include/elit21/inventory/InventoryCoordinator.h,76,🟡,ADAPTATEUR PARTAGÉ,invariants communs; spécialisation métier encore limitée,source,329,14,UNCHANGED
include/elit21/inventory/InventoryLevel.h,76,🟡,ADAPTATEUR PARTAGÉ,invariants communs; spécialisation métier encore limitée,source,317,14,UNCHANGED
include/elit21/inventory/InventoryManager.h,73,🟡,PARTIEL,module court mais utilisable,source,1016,37,UNCHANGED
include/elit21/inventory/InventoryPoller.h,76,🟡,ADAPTATEUR PARTAGÉ,invariants communs; spécialisation métier encore limitée,source,319,14,UNCHANGED
include/elit21/inventory/InventoryReconciliationService.h,76,🟡,ADAPTATEUR PARTAGÉ,invariants communs; spécialisation métier encore limitée,source,349,14,UNCHANGED
include/elit21/inventory/InventoryReservation.h,76,🟡,ADAPTATEUR PARTAGÉ,invariants communs; spécialisation métier encore limitée,source,329,14,UNCHANGED
include/elit21/inventory/InventorySafetyBuffer.h,76,🟡,ADAPTATEUR PARTAGÉ,invariants communs; spécialisation métier encore limitée,source,331,14,UNCHANGED
include/elit21/inventory/InventorySnapshot.h,76,🟡,ADAPTATEUR PARTAGÉ,invariants communs; spécialisation métier encore limitée,source,323,14,UNCHANGED
include/elit21/inventory/InventoryStalenessDetector.h,76,🟡,ADAPTATEUR PARTAGÉ,invariants communs; spécialisation métier encore limitée,source,341,14,UNCHANGED
include/elit21/inventory/InventorySynchronizationService.h,76,🟡,ADAPTATEUR PARTAGÉ,invariants communs; spécialisation métier encore limitée,source,351,14,UNCHANGED
include/elit21/inventory/OutOfStockHandler.h,76,🟡,ADAPTATEUR PARTAGÉ,invariants communs; spécialisation métier encore limitée,source,323,14,UNCHANGED
include/elit21/inventory/OversellPreventionGuard.h,76,🟡,ADAPTATEUR PARTAGÉ,invariants communs; spécialisation métier encore limitée,source,335,14,UNCHANGED
include/elit21/inventory/ProductAvailabilityService.h,76,🟡,ADAPTATEUR PARTAGÉ,invariants communs; spécialisation métier encore limitée,source,341,14,UNCHANGED
include/elit21/inventory/RestockDetector.h,76,🟡,ADAPTATEUR PARTAGÉ,invariants communs; spécialisation métier encore limitée,source,319,14,UNCHANGED
include/elit21/inventory/SafetyStockPolicy.h,76,🟡,ADAPTATEUR PARTAGÉ,invariants communs; spécialisation métier encore limitée,source,323,14,UNCHANGED
include/elit21/inventory/StockChangeAnalyzer.h,76,🟡,ADAPTATEUR PARTAGÉ,invariants communs; spécialisation métier encore limitée,source,327,14,UNCHANGED
include/elit21/inventory/StockPollingPolicy.h,76,🟡,ADAPTATEUR PARTAGÉ,invariants communs; spécialisation métier encore limitée,source,325,14,UNCHANGED
include/elit21/inventory/VariantAvailabilityService.h,76,🟡,ADAPTATEUR PARTAGÉ,invariants communs; spécialisation métier encore limitée,source,341,14,UNCHANGED
include/elit21/json/Json.h,86,🟢,FONCTIONNEL,code dédié compilable,source,2250,54,UNCHANGED
include/elit21/logging/Logger.h,64,🟡,MINIMAL,interface ou implémentation minimale,source,934,17,UNCHANGED
include/elit21/mapping/AddressMapper.h,76,🟡,ADAPTATEUR PARTAGÉ,invariants communs; spécialisation métier encore limitée,source,311,14,UNCHANGED
include/elit21/mapping/CarrierMapper.h,76,🟡,ADAPTATEUR PARTAGÉ,invariants communs; spécialisation métier encore limitée,source,311,14,UNCHANGED
include/elit21/mapping/CategoryMapper.h,76,🟡,ADAPTATEUR PARTAGÉ,invariants communs; spécialisation métier encore limitée,source,313,14,UNCHANGED
include/elit21/mapping/CollectionMapper.h,76,🟡,ADAPTATEUR PARTAGÉ,invariants communs; spécialisation métier encore limitée,source,317,14,UNCHANGED
include/elit21/mapping/CurrencyMapper.h,76,🟡,ADAPTATEUR PARTAGÉ,invariants communs; spécialisation métier encore limitée,source,313,14,UNCHANGED
include/elit21/mapping/CustomerMapper.h,76,🟡,ADAPTATEUR PARTAGÉ,invariants communs; spécialisation métier encore limitée,source,313,14,UNCHANGED
include/elit21/mapping/FulfillmentStatusMapper.h,76,🟡,ADAPTATEUR PARTAGÉ,invariants communs; spécialisation métier encore limitée,source,331,14,UNCHANGED
include/elit21/mapping/InventoryMapper.h,76,🟡,ADAPTATEUR PARTAGÉ,invariants communs; spécialisation métier encore limitée,source,315,14,UNCHANGED
include/elit21/mapping/LanguageMapper.h,76,🟡,ADAPTATEUR PARTAGÉ,invariants communs; spécialisation métier encore limitée,source,313,14,UNCHANGED
include/elit21/mapping/OrderMapper.h,76,🟡,ADAPTATEUR PARTAGÉ,invariants communs; spécialisation métier encore limitée,source,307,14,UNCHANGED
include/elit21/mapping/OrderStatusMapper.h,76,🟡,ADAPTATEUR PARTAGÉ,invariants communs; spécialisation métier encore limitée,source,319,14,UNCHANGED
include/elit21/mapping/ProductMapper.h,76,🟡,ADAPTATEUR PARTAGÉ,invariants communs; spécialisation métier encore limitée,source,311,14,UNCHANGED
include/elit21/mapping/ProductMapping.h,76,🟡,ADAPTATEUR PARTAGÉ,invariants communs; spécialisation métier encore limitée,source,313,14,UNCHANGED
include/elit21/mapping/ProductMappingService.h,76,🟡,ADAPTATEUR PARTAGÉ,invariants communs; spécialisation métier encore limitée,source,327,14,UNCHANGED
include/elit21/mapping/ShippingMethodMapper.h,76,🟡,ADAPTATEUR PARTAGÉ,invariants communs; spécialisation métier encore limitée,source,325,14,UNCHANGED
include/elit21/mapping/SkuMapper.h,76,🟡,ADAPTATEUR PARTAGÉ,invariants communs; spécialisation métier encore limitée,source,303,14,UNCHANGED
include/elit21/mapping/TrackingStatusMapper.h,76,🟡,ADAPTATEUR PARTAGÉ,invariants communs; spécialisation métier encore limitée,source,325,14,UNCHANGED
include/elit21/mapping/VariantMapper.h,76,🟡,ADAPTATEUR PARTAGÉ,invariants communs; spécialisation métier encore limitée,source,311,14,UNCHANGED
include/elit21/mapping/VariantMapping.h,76,🟡,ADAPTATEUR PARTAGÉ,invariants communs; spécialisation métier encore limitée,source,313,14,UNCHANGED
include/elit21/messaging/Command.h,76,🟡,ADAPTATEUR PARTAGÉ,invariants communs; spécialisation métier encore limitée,source,303,14,UNCHANGED
include/elit21/messaging/CommandBus.h,76,🟡,ADAPTATEUR PARTAGÉ,invariants communs; spécialisation métier encore limitée,source,309,14,UNCHANGED
include/elit21/messaging/CommandHandler.h,76,🟡,ADAPTATEUR PARTAGÉ,invariants communs; spécialisation métier encore limitée,source,317,14,UNCHANGED
include/elit21/messaging/DomainEvent.h,76,🟡,ADAPTATEUR PARTAGÉ,invariants communs; spécialisation métier encore limitée,source,311,14,UNCHANGED
include/elit21/messaging/EventBus.h,76,🟡,ADAPTATEUR PARTAGÉ,invariants communs; spécialisation métier encore limitée,source,305,14,UNCHANGED
include/elit21/messaging/EventEnvelope.h,76,🟡,ADAPTATEUR PARTAGÉ,invariants communs; spécialisation métier encore limitée,source,315,14,UNCHANGED
include/elit21/messaging/EventHandler.h,76,🟡,ADAPTATEUR PARTAGÉ,invariants communs; spécialisation métier encore limitée,source,313,14,UNCHANGED
include/elit21/messaging/EventSerializer.h,76,🟡,ADAPTATEUR PARTAGÉ,invariants communs; spécialisation métier encore limitée,source,319,14,UNCHANGED
include/elit21/messaging/Message.h,76,🟡,ADAPTATEUR PARTAGÉ,invariants communs; spécialisation métier encore limitée,source,303,14,UNCHANGED
include/elit21/messaging/MessageDispatcher.h,76,🟡,ADAPTATEUR PARTAGÉ,invariants communs; spécialisation métier encore limitée,source,323,14,UNCHANGED
include/elit21/messaging/MessageHeaders.h,76,🟡,ADAPTATEUR PARTAGÉ,invariants communs; spécialisation métier encore limitée,source,317,14,UNCHANGED
include/elit21/messaging/MessageRouter.h,76,🟡,ADAPTATEUR PARTAGÉ,invariants communs; spécialisation métier encore limitée,source,315,14,UNCHANGED
include/elit21/messaging/Query.h,76,🟡,ADAPTATEUR PARTAGÉ,invariants communs; spécialisation métier encore limitée,source,299,14,UNCHANGED
include/elit21/messaging/QueryBus.h,76,🟡,ADAPTATEUR PARTAGÉ,invariants communs; spécialisation métier encore limitée,source,305,14,UNCHANGED
include/elit21/messaging/QueryHandler.h,76,🟡,ADAPTATEUR PARTAGÉ,invariants communs; spécialisation métier encore limitée,source,313,14,UNCHANGED
include/elit21/net/HttpClient.h,86,🟢,FONCTIONNEL,code dédié compilable,source,1893,57,MODIFIED
include/elit21/net/HttpServer.h,86,🟢,FONCTIONNEL,code dédié compilable,source,1029,47,UNCHANGED
include/elit21/network/CurlGlobalContext.h,76,🟡,ADAPTATEUR PARTAGÉ,invariants communs; spécialisation métier encore limitée,source,319,14,UNCHANGED
include/elit21/network/FormEncoder.h,76,🟡,ADAPTATEUR PARTAGÉ,invariants communs; spécialisation métier encore limitée,source,307,14,UNCHANGED
include/elit21/network/HeaderCollection.h,76,🟡,ADAPTATEUR PARTAGÉ,invariants communs; spécialisation métier encore limitée,source,317,14,UNCHANGED
include/elit21/network/HttpClient.h,76,🟡,ADAPTATEUR PARTAGÉ,invariants communs; spécialisation métier encore limitée,source,305,14,UNCHANGED
include/elit21/network/HttpClientPool.h,76,🟡,ADAPTATEUR PARTAGÉ,invariants communs; spécialisation métier encore limitée,source,313,14,UNCHANGED
include/elit21/network/HttpMethod.h,76,🟡,ADAPTATEUR PARTAGÉ,invariants communs; spécialisation métier encore limitée,source,305,14,UNCHANGED
include/elit21/network/HttpRequest.h,76,🟡,ADAPTATEUR PARTAGÉ,invariants communs; spécialisation métier encore limitée,source,307,14,UNCHANGED
include/elit21/network/HttpResponse.h,76,🟡,ADAPTATEUR PARTAGÉ,invariants communs; spécialisation métier encore limitée,source,309,14,UNCHANGED
include/elit21/network/HttpServer.h,76,🟡,ADAPTATEUR PARTAGÉ,invariants communs; spécialisation métier encore limitée,source,305,14,UNCHANGED
include/elit21/network/HttpStatus.h,76,🟡,ADAPTATEUR PARTAGÉ,invariants communs; spécialisation métier encore limitée,source,305,14,UNCHANGED
include/elit21/network/JsonHttpClient.h,76,🟡,ADAPTATEUR PARTAGÉ,invariants communs; spécialisation métier encore limitée,source,313,14,UNCHANGED
include/elit21/network/MultipartBuilder.h,76,🟡,ADAPTATEUR PARTAGÉ,invariants communs; spécialisation métier encore limitée,source,317,14,UNCHANGED
include/elit21/network/NetworkDiagnostics.h,76,🟡,ADAPTATEUR PARTAGÉ,invariants communs; spécialisation métier encore limitée,source,321,14,UNCHANGED
include/elit21/network/NetworkError.h,76,🟡,ADAPTATEUR PARTAGÉ,invariants communs; spécialisation métier encore limitée,source,309,14,UNCHANGED
include/elit21/network/ProxyConfiguration.h,76,🟡,ADAPTATEUR PARTAGÉ,invariants communs; spécialisation métier encore limitée,source,321,14,UNCHANGED
include/elit21/network/RequestInterceptor.h,76,🟡,ADAPTATEUR PARTAGÉ,invariants communs; spécialisation métier encore limitée,source,321,14,UNCHANGED
include/elit21/network/ResponseInterceptor.h,76,🟡,ADAPTATEUR PARTAGÉ,invariants communs; spécialisation métier encore limitée,source,323,14,UNCHANGED
include/elit21/network/Route.h,76,🟡,ADAPTATEUR PARTAGÉ,invariants communs; spécialisation métier encore limitée,source,295,14,UNCHANGED
include/elit21/network/Router.h,76,🟡,ADAPTATEUR PARTAGÉ,invariants communs; spécialisation métier encore limitée,source,297,14,UNCHANGED
include/elit21/network/TlsConfiguration.h,76,🟡,ADAPTATEUR PARTAGÉ,invariants communs; spécialisation métier encore limitée,source,317,14,UNCHANGED
include/elit21/network/Url.h,76,🟡,ADAPTATEUR PARTAGÉ,invariants communs; spécialisation métier encore limitée,source,291,14,UNCHANGED
include/elit21/network/UrlBuilder.h,76,🟡,ADAPTATEUR PARTAGÉ,invariants communs; spécialisation métier encore limitée,source,305,14,UNCHANGED
include/elit21/network/WebhookHttpServer.h,76,🟡,ADAPTATEUR PARTAGÉ,invariants communs; spécialisation métier encore limitée,source,319,14,UNCHANGED
include/elit21/observability/Alert.h,76,🟡,ADAPTATEUR PARTAGÉ,invariants communs; spécialisation métier encore limitée,source,307,14,UNCHANGED
include/elit21/observability/AlertDispatcher.h,76,🟡,ADAPTATEUR PARTAGÉ,invariants communs; spécialisation métier encore limitée,source,327,14,UNCHANGED
include/elit21/observability/AuditLogger.h,76,🟡,ADAPTATEUR PARTAGÉ,invariants communs; spécialisation métier encore limitée,source,319,14,UNCHANGED
include/elit21/observability/ConsoleLogSink.h,76,🟡,ADAPTATEUR PARTAGÉ,invariants communs; spécialisation métier encore limitée,source,325,14,UNCHANGED
include/elit21/observability/CrashReporter.h,76,🟡,ADAPTATEUR PARTAGÉ,invariants communs; spécialisation métier encore limitée,source,323,14,UNCHANGED
include/elit21/observability/FileLogSink.h,76,🟡,ADAPTATEUR PARTAGÉ,invariants communs; spécialisation métier encore limitée,source,319,14,UNCHANGED
include/elit21/observability/HealthCheck.h,76,🟡,ADAPTATEUR PARTAGÉ,invariants communs; spécialisation métier encore limitée,source,319,14,UNCHANGED
include/elit21/observability/HealthCheckRegistry.h,76,🟡,ADAPTATEUR PARTAGÉ,invariants communs; spécialisation métier encore limitée,source,335,14,UNCHANGED
include/elit21/observability/HealthMonitor.h,76,🟡,ADAPTATEUR PARTAGÉ,invariants communs; spécialisation métier encore limitée,source,323,14,UNCHANGED
include/elit21/observability/LogEntry.h,76,🟡,ADAPTATEUR PARTAGÉ,invariants communs; spécialisation métier encore limitée,source,313,14,UNCHANGED
include/elit21/observability/LogLevel.h,76,🟡,ADAPTATEUR PARTAGÉ,invariants communs; spécialisation métier encore limitée,source,313,14,UNCHANGED
include/elit21/observability/LogSink.h,76,🟡,ADAPTATEUR PARTAGÉ,invariants communs; spécialisation métier encore limitée,source,311,14,UNCHANGED
include/elit21/observability/Logger.h,76,🟡,ADAPTATEUR PARTAGÉ,invariants communs; spécialisation métier encore limitée,source,309,14,UNCHANGED
include/elit21/observability/Metric.h,76,🟡,ADAPTATEUR PARTAGÉ,invariants communs; spécialisation métier encore limitée,source,309,14,UNCHANGED
include/elit21/observability/MetricRegistry.h,76,🟡,ADAPTATEUR PARTAGÉ,invariants communs; spécialisation métier encore limitée,source,325,14,UNCHANGED
include/elit21/observability/PerformanceProfiler.h,76,🟡,ADAPTATEUR PARTAGÉ,invariants communs; spécialisation métier encore limitée,source,335,14,UNCHANGED
include/elit21/observability/StructuredLogger.h,76,🟡,ADAPTATEUR PARTAGÉ,invariants communs; spécialisation métier encore limitée,source,329,14,UNCHANGED
include/elit21/observability/TraceContext.h,76,🟡,ADAPTATEUR PARTAGÉ,invariants communs; spécialisation métier encore limitée,source,321,14,UNCHANGED
include/elit21/observability/Tracer.h,76,🟡,ADAPTATEUR PARTAGÉ,invariants communs; spécialisation métier encore limitée,source,309,14,UNCHANGED
include/elit21/observability/UptimeMonitor.h,76,🟡,ADAPTATEUR PARTAGÉ,invariants communs; spécialisation métier encore limitée,source,323,14,UNCHANGED
include/elit21/orders/AddressValidationService.h,76,🟡,ADAPTATEUR PARTAGÉ,invariants communs; spécialisation métier encore limitée,source,331,14,UNCHANGED
include/elit21/orders/AutomaticOrderProcessor.h,76,🟡,ADAPTATEUR PARTAGÉ,invariants communs; spécialisation métier encore limitée,source,329,14,UNCHANGED
include/elit21/orders/CustomerOrder.h,76,🟡,ADAPTATEUR PARTAGÉ,invariants communs; spécialisation métier encore limitée,source,309,14,UNCHANGED
include/elit21/orders/CustomerOrderLine.h,76,🟡,ADAPTATEUR PARTAGÉ,invariants communs; spécialisation métier encore limitée,source,317,14,UNCHANGED
include/elit21/orders/FreightSelectionPolicy.h,76,🟡,ADAPTATEUR PARTAGÉ,invariants communs; spécialisation métier encore limitée,source,327,14,UNCHANGED
include/elit21/orders/OrderCancellationCoordinator.h,76,🟡,ADAPTATEUR PARTAGÉ,invariants communs; spécialisation métier encore limitée,source,339,14,UNCHANGED
include/elit21/orders/OrderCaptureService.h,76,🟡,ADAPTATEUR PARTAGÉ,invariants communs; spécialisation métier encore limitée,source,321,14,UNCHANGED
include/elit21/orders/OrderDeduplicationService.h,76,🟡,ADAPTATEUR PARTAGÉ,invariants communs; spécialisation métier encore limitée,source,333,14,UNCHANGED
include/elit21/orders/OrderExceptionHandler.h,76,🟡,ADAPTATEUR PARTAGÉ,invariants communs; spécialisation métier encore limitée,source,325,14,UNCHANGED
include/elit21/orders/OrderFraudScreen.h,76,🟡,ADAPTATEUR PARTAGÉ,invariants communs; spécialisation métier encore limitée,source,315,14,UNCHANGED
include/elit21/orders/OrderManager.h,64,🟡,MINIMAL,interface ou implémentation minimale,source,933,11,UNCHANGED
include/elit21/orders/OrderMappingService.h,76,🟡,ADAPTATEUR PARTAGÉ,invariants communs; spécialisation métier encore limitée,source,321,14,UNCHANGED
include/elit21/orders/OrderNormalizationService.h,76,🟡,ADAPTATEUR PARTAGÉ,invariants communs; spécialisation métier encore limitée,source,333,14,UNCHANGED
include/elit21/orders/OrderPlacementCoordinator.h,76,🟡,ADAPTATEUR PARTAGÉ,invariants communs; spécialisation métier encore limitée,source,333,14,UNCHANGED
include/elit21/orders/OrderPlacementSaga.h,76,🟡,ADAPTATEUR PARTAGÉ,invariants communs; spécialisation métier encore limitée,source,319,14,UNCHANGED
include/elit21/orders/OrderReconciliationService.h,76,🟡,ADAPTATEUR PARTAGÉ,invariants communs; spécialisation métier encore limitée,source,335,14,UNCHANGED
include/elit21/orders/OrderRiskDecision.h,76,🟡,ADAPTATEUR PARTAGÉ,invariants communs; spécialisation métier encore limitée,source,317,14,UNCHANGED
include/elit21/orders/OrderStateMachine.h,76,🟡,ADAPTATEUR PARTAGÉ,invariants communs; spécialisation métier encore limitée,source,317,14,UNCHANGED
include/elit21/orders/OrderValidationService.h,76,🟡,ADAPTATEUR PARTAGÉ,invariants communs; spécialisation métier encore limitée,source,327,14,UNCHANGED
include/elit21/orders/PartialOrderCoordinator.h,76,🟡,ADAPTATEUR PARTAGÉ,invariants communs; spécialisation métier encore limitée,source,329,14,UNCHANGED
include/elit21/orders/PaymentAuthorizationGate.h,76,🟡,ADAPTATEUR PARTAGÉ,invariants communs; spécialisation métier encore limitée,source,331,14,UNCHANGED
include/elit21/orders/ShippingAddressSanitizer.h,76,🟡,ADAPTATEUR PARTAGÉ,invariants communs; spécialisation métier encore limitée,source,331,14,UNCHANGED
include/elit21/orders/SplitOrderPlanner.h,76,🟡,ADAPTATEUR PARTAGÉ,invariants communs; spécialisation métier encore limitée,source,317,14,UNCHANGED
include/elit21/orders/SupplierOrder.h,76,🟡,ADAPTATEUR PARTAGÉ,invariants communs; spécialisation métier encore limitée,source,309,14,UNCHANGED
include/elit21/orders/SupplierOrderLine.h,76,🟡,ADAPTATEUR PARTAGÉ,invariants communs; spécialisation métier encore limitée,source,317,14,UNCHANGED
include/elit21/orders/SupplierOrderPaymentCoordinator.h,76,🟡,ADAPTATEUR PARTAGÉ,invariants communs; spécialisation métier encore limitée,source,345,14,UNCHANGED
include/elit21/orders/SupplierOrderStatusSynchronizer.h,76,🟡,ADAPTATEUR PARTAGÉ,invariants communs; spécialisation métier encore limitée,source,345,14,UNCHANGED
include/elit21/platform/BusinessComponent.h,76,🟡,ADAPTATEUR PARTAGÉ,invariants communs; spécialisation métier encore limitée,source,820,32,UNCHANGED
include/elit21/platform/ManagedComponent.h,76,🟡,ADAPTATEUR PARTAGÉ,invariants communs; spécialisation métier encore limitée,source,2673,93,UNCHANGED
include/elit21/pricing/AliExpressCostCalculator.h,76,🟡,ADAPTATEUR PARTAGÉ,invariants communs; spécialisation métier encore limitée,source,333,14,UNCHANGED
include/elit21/pricing/CurrencyConversionService.h,76,🟡,ADAPTATEUR PARTAGÉ,invariants communs; spécialisation métier encore limitée,source,335,14,UNCHANGED
include/elit21/pricing/DutyEstimator.h,76,🟡,ADAPTATEUR PARTAGÉ,invariants communs; spécialisation métier encore limitée,source,311,14,UNCHANGED
include/elit21/pricing/ExchangeRateCache.h,76,🟡,ADAPTATEUR PARTAGÉ,invariants communs; spécialisation métier encore limitée,source,319,14,UNCHANGED
include/elit21/pricing/FeeCalculator.h,76,🟡,ADAPTATEUR PARTAGÉ,invariants communs; spécialisation métier encore limitée,source,311,14,UNCHANGED
include/elit21/pricing/FreightCostCalculator.h,76,🟡,ADAPTATEUR PARTAGÉ,invariants communs; spécialisation métier encore limitée,source,327,14,UNCHANGED
include/elit21/pricing/MarginCalculator.h,76,🟡,ADAPTATEUR PARTAGÉ,invariants communs; spécialisation métier encore limitée,source,317,14,UNCHANGED
include/elit21/pricing/MinimumPriceGuard.h,76,🟡,ADAPTATEUR PARTAGÉ,invariants communs; spécialisation métier encore limitée,source,319,14,UNCHANGED
include/elit21/pricing/PriceAnomalyDetector.h,76,🟡,ADAPTATEUR PARTAGÉ,invariants communs; spécialisation métier encore limitée,source,325,14,UNCHANGED
include/elit21/pricing/PriceChangeDecision.h,76,🟡,ADAPTATEUR PARTAGÉ,invariants communs; spécialisation métier encore limitée,source,323,14,UNCHANGED
include/elit21/pricing/PriceHistoryService.h,76,🟡,ADAPTATEUR PARTAGÉ,invariants communs; spécialisation métier encore limitée,source,323,14,UNCHANGED
include/elit21/pricing/PricePolicy.h,76,🟡,ADAPTATEUR PARTAGÉ,invariants communs; spécialisation métier encore limitée,source,307,14,UNCHANGED
include/elit21/pricing/PriceReconciliationService.h,76,🟡,ADAPTATEUR PARTAGÉ,invariants communs; spécialisation métier encore limitée,source,337,14,UNCHANGED
include/elit21/pricing/PriceRoundingPolicy.h,76,🟡,ADAPTATEUR PARTAGÉ,invariants communs; spécialisation métier encore limitée,source,323,14,UNCHANGED
include/elit21/pricing/PriceSynchronizationService.h,76,🟡,ADAPTATEUR PARTAGÉ,invariants communs; spécialisation métier encore limitée,source,339,14,UNCHANGED
include/elit21/pricing/PricingEngine.h,64,🟡,MINIMAL,interface ou implémentation minimale,source,485,8,UNCHANGED
include/elit21/pricing/PromotionalPricePlanner.h,76,🟡,ADAPTATEUR PARTAGÉ,invariants communs; spécialisation métier encore limitée,source,331,14,UNCHANGED
include/elit21/pricing/PsychologicalPricingPolicy.h,76,🟡,ADAPTATEUR PARTAGÉ,invariants communs; spécialisation métier encore limitée,source,337,14,UNCHANGED
include/elit21/pricing/RepricingCoordinator.h,76,🟡,ADAPTATEUR PARTAGÉ,invariants communs; spécialisation métier encore limitée,source,325,14,UNCHANGED
include/elit21/pricing/ShopifyFeeEstimator.h,76,🟡,ADAPTATEUR PARTAGÉ,invariants communs; spécialisation métier encore limitée,source,323,14,UNCHANGED
include/elit21/pricing/TargetMarginPolicy.h,76,🟡,ADAPTATEUR PARTAGÉ,invariants communs; spécialisation métier encore limitée,source,321,14,UNCHANGED
include/elit21/pricing/TaxEstimator.h,76,🟡,ADAPTATEUR PARTAGÉ,invariants communs; spécialisation métier encore limitée,source,309,14,UNCHANGED
include/elit21/progress/ProjectProgressAnalyzer.h,86,🟢,FONCTIONNEL,code dédié compilable,source,1428,49,NEW
include/elit21/reports/DailyReportGenerator.h,76,🟡,ADAPTATEUR PARTAGÉ,invariants communs; spécialisation métier encore limitée,source,325,14,UNCHANGED
include/elit21/reports/FinancialReportGenerator.h,76,🟡,ADAPTATEUR PARTAGÉ,invariants communs; spécialisation métier encore limitée,source,333,14,UNCHANGED
include/elit21/reports/InventoryReportGenerator.h,76,🟡,ADAPTATEUR PARTAGÉ,invariants communs; spécialisation métier encore limitée,source,333,14,UNCHANGED
include/elit21/reports/MonthlyReportGenerator.h,76,🟡,ADAPTATEUR PARTAGÉ,invariants communs; spécialisation métier encore limitée,source,329,14,UNCHANGED
include/elit21/reports/OrderReportGenerator.h,76,🟡,ADAPTATEUR PARTAGÉ,invariants communs; spécialisation métier encore limitée,source,325,14,UNCHANGED
include/elit21/reports/ProductReportGenerator.h,76,🟡,ADAPTATEUR PARTAGÉ,invariants communs; spécialisation métier encore limitée,source,329,14,UNCHANGED
include/elit21/reports/Report.h,76,🟡,ADAPTATEUR PARTAGÉ,invariants communs; spécialisation métier encore limitée,source,297,14,UNCHANGED
include/elit21/reports/ReportExporter.h,76,🟡,ADAPTATEUR PARTAGÉ,invariants communs; spécialisation métier encore limitée,source,313,14,UNCHANGED
include/elit21/reports/ReportGenerator.h,64,🟡,MINIMAL,interface ou implémentation minimale,source,262,7,UNCHANGED
include/elit21/reports/ReportScheduler.h,76,🟡,ADAPTATEUR PARTAGÉ,invariants communs; spécialisation métier encore limitée,source,315,14,UNCHANGED
include/elit21/reports/SupplierReportGenerator.h,76,🟡,ADAPTATEUR PARTAGÉ,invariants communs; spécialisation métier encore limitée,source,331,14,UNCHANGED
include/elit21/reports/WeeklyReportGenerator.h,76,🟡,ADAPTATEUR PARTAGÉ,invariants communs; spécialisation métier encore limitée,source,327,14,UNCHANGED
include/elit21/repositories/AuditRepository.h,76,🟡,ADAPTATEUR PARTAGÉ,invariants communs; spécialisation métier encore limitée,source,325,14,UNCHANGED
include/elit21/repositories/ConfigurationRepository.h,76,🟡,ADAPTATEUR PARTAGÉ,invariants communs; spécialisation métier encore limitée,source,341,14,UNCHANGED
include/elit21/repositories/CustomerMessageRepository.h,76,🟡,ADAPTATEUR PARTAGÉ,invariants communs; spécialisation métier encore limitée,source,345,14,UNCHANGED
include/elit21/repositories/CustomerRepository.h,76,🟡,ADAPTATEUR PARTAGÉ,invariants communs; spécialisation métier encore limitée,source,331,14,UNCHANGED
include/elit21/repositories/DeadLetterRepository.h,76,🟡,ADAPTATEUR PARTAGÉ,invariants communs; spécialisation métier encore limitée,source,335,14,UNCHANGED
include/elit21/repositories/FinancialLedgerRepository.h,76,🟡,ADAPTATEUR PARTAGÉ,invariants communs; spécialisation métier encore limitée,source,345,14,UNCHANGED
include/elit21/repositories/IncidentRepository.h,76,🟡,ADAPTATEUR PARTAGÉ,invariants communs; spécialisation métier encore limitée,source,331,14,UNCHANGED
include/elit21/repositories/InventoryRepository.h,76,🟡,ADAPTATEUR PARTAGÉ,invariants communs; spécialisation métier encore limitée,source,333,14,UNCHANGED
include/elit21/repositories/MetricRepository.h,76,🟡,ADAPTATEUR PARTAGÉ,invariants communs; spécialisation métier encore limitée,source,327,14,UNCHANGED
include/elit21/repositories/OrderRepository.h,76,🟡,ADAPTATEUR PARTAGÉ,invariants communs; spécialisation métier encore limitée,source,325,14,UNCHANGED
include/elit21/repositories/OutboxRepository.h,76,🟡,ADAPTATEUR PARTAGÉ,invariants communs; spécialisation métier encore limitée,source,327,14,UNCHANGED
include/elit21/repositories/PriceHistoryRepository.h,76,🟡,ADAPTATEUR PARTAGÉ,invariants communs; spécialisation métier encore limitée,source,339,14,UNCHANGED
include/elit21/repositories/ProductMappingRepository.h,76,🟡,ADAPTATEUR PARTAGÉ,invariants communs; spécialisation métier encore limitée,source,343,14,UNCHANGED
include/elit21/repositories/ProductRepository.h,76,🟡,ADAPTATEUR PARTAGÉ,invariants communs; spécialisation métier encore limitée,source,329,14,UNCHANGED
include/elit21/repositories/RefundRepository.h,76,🟡,ADAPTATEUR PARTAGÉ,invariants communs; spécialisation métier encore limitée,source,327,14,UNCHANGED
include/elit21/repositories/ReturnRepository.h,76,🟡,ADAPTATEUR PARTAGÉ,invariants communs; spécialisation métier encore limitée,source,327,14,UNCHANGED
include/elit21/repositories/ShipmentRepository.h,76,🟡,ADAPTATEUR PARTAGÉ,invariants communs; spécialisation métier encore limitée,source,331,14,UNCHANGED
include/elit21/repositories/SupplierOrderRepository.h,76,🟡,ADAPTATEUR PARTAGÉ,invariants communs; spécialisation métier encore limitée,source,341,14,UNCHANGED
include/elit21/repositories/SupplierRepository.h,76,🟡,ADAPTATEUR PARTAGÉ,invariants communs; spécialisation métier encore limitée,source,331,14,UNCHANGED
include/elit21/repositories/TaskRepository.h,76,🟡,ADAPTATEUR PARTAGÉ,invariants communs; spécialisation métier encore limitée,source,323,14,UNCHANGED
include/elit21/repositories/TokenRepository.h,76,🟡,ADAPTATEUR PARTAGÉ,invariants communs; spécialisation métier encore limitée,source,325,14,UNCHANGED
include/elit21/repositories/TrackingRepository.h,76,🟡,ADAPTATEUR PARTAGÉ,invariants communs; spécialisation métier encore limitée,source,331,14,UNCHANGED
include/elit21/repositories/WebhookRepository.h,76,🟡,ADAPTATEUR PARTAGÉ,invariants communs; spécialisation métier encore limitée,source,329,14,UNCHANGED
include/elit21/repositories/WorkflowInstanceRepository.h,76,🟡,ADAPTATEUR PARTAGÉ,invariants communs; spécialisation métier encore limitée,source,347,14,UNCHANGED
include/elit21/resilience/BackoffPolicy.h,76,🟡,ADAPTATEUR PARTAGÉ,invariants communs; spécialisation métier encore limitée,source,317,14,UNCHANGED
include/elit21/resilience/Bulkhead.h,76,🟡,ADAPTATEUR PARTAGÉ,invariants communs; spécialisation métier encore limitée,source,307,14,UNCHANGED
include/elit21/resilience/CircuitBreaker.h,76,🟡,ADAPTATEUR PARTAGÉ,invariants communs; spécialisation métier encore limitée,source,319,14,UNCHANGED
include/elit21/resilience/DeadLetterQueue.h,76,🟡,ADAPTATEUR PARTAGÉ,invariants communs; spécialisation métier encore limitée,source,321,14,UNCHANGED
include/elit21/resilience/FailureClassifier.h,76,🟡,ADAPTATEUR PARTAGÉ,invariants communs; spécialisation métier encore limitée,source,325,14,UNCHANGED
include/elit21/resilience/FallbackPolicy.h,76,🟡,ADAPTATEUR PARTAGÉ,invariants communs; spécialisation métier encore limitée,source,319,14,UNCHANGED
include/elit21/resilience/IdempotencyGuard.h,76,🟡,ADAPTATEUR PARTAGÉ,invariants communs; spécialisation métier encore limitée,source,323,14,UNCHANGED
include/elit21/resilience/IdempotencyKey.h,76,🟡,ADAPTATEUR PARTAGÉ,invariants communs; spécialisation métier encore limitée,source,319,14,UNCHANGED
include/elit21/resilience/RateLimiter.h,76,🟡,ADAPTATEUR PARTAGÉ,invariants communs; spécialisation métier encore limitée,source,313,14,UNCHANGED
include/elit21/resilience/RecoveryManager.h,76,🟡,ADAPTATEUR PARTAGÉ,invariants communs; spécialisation métier encore limitée,source,321,14,UNCHANGED
include/elit21/resilience/RetryExecutor.h,76,🟡,ADAPTATEUR PARTAGÉ,invariants communs; spécialisation métier encore limitée,source,317,14,UNCHANGED
include/elit21/resilience/RetryPolicy.h,76,🟡,ADAPTATEUR PARTAGÉ,invariants communs; spécialisation métier encore limitée,source,313,14,UNCHANGED
include/elit21/resilience/TimeoutPolicy.h,76,🟡,ADAPTATEUR PARTAGÉ,invariants communs; spécialisation métier encore limitée,source,317,14,UNCHANGED
include/elit21/resilience/Watchdog.h,76,🟡,ADAPTATEUR PARTAGÉ,invariants communs; spécialisation métier encore limitée,source,307,14,UNCHANGED
include/elit21/returns/AliExpressDisputeAdapter.h,76,🟡,ADAPTATEUR PARTAGÉ,invariants communs; spécialisation métier encore limitée,source,333,14,UNCHANGED
include/elit21/returns/DisputeEvidenceBuilder.h,76,🟡,ADAPTATEUR PARTAGÉ,invariants communs; spécialisation métier encore limitée,source,329,14,UNCHANGED
include/elit21/returns/DisputeExceptionQueue.h,76,🟡,ADAPTATEUR PARTAGÉ,invariants communs; spécialisation métier encore limitée,source,327,14,UNCHANGED
include/elit21/returns/RefundCalculator.h,76,🟡,ADAPTATEUR PARTAGÉ,invariants communs; spécialisation métier encore limitée,source,317,14,UNCHANGED
include/elit21/returns/RefundCoordinator.h,76,🟡,ADAPTATEUR PARTAGÉ,invariants communs; spécialisation métier encore limitée,source,319,14,UNCHANGED
include/elit21/returns/RefundDecision.h,76,🟡,ADAPTATEUR PARTAGÉ,invariants communs; spécialisation métier encore limitée,source,313,14,UNCHANGED
include/elit21/returns/RefundPolicy.h,76,🟡,ADAPTATEUR PARTAGÉ,invariants communs; spécialisation métier encore limitée,source,309,14,UNCHANGED
include/elit21/returns/ReturnEligibilityChecker.h,76,🟡,ADAPTATEUR PARTAGÉ,invariants communs; spécialisation métier encore limitée,source,333,14,UNCHANGED
include/elit21/returns/ReturnRequest.h,76,🟡,ADAPTATEUR PARTAGÉ,invariants communs; spécialisation métier encore limitée,source,311,14,UNCHANGED
include/elit21/returns/ReturnRequestProcessor.h,76,🟡,ADAPTATEUR PARTAGÉ,invariants communs; spécialisation métier encore limitée,source,329,14,UNCHANGED
include/elit21/returns/ReturnStateMachine.h,76,🟡,ADAPTATEUR PARTAGÉ,invariants communs; spécialisation métier encore limitée,source,321,14,UNCHANGED
include/elit21/returns/ShopifyRefundExecutor.h,76,🟡,ADAPTATEUR PARTAGÉ,invariants communs; spécialisation métier encore limitée,source,327,14,UNCHANGED
include/elit21/risk/AnomalyDetector.h,76,🟡,ADAPTATEUR PARTAGÉ,invariants communs; spécialisation métier encore limitée,source,309,14,UNCHANGED
include/elit21/risk/FraudIndicator.h,76,🟡,ADAPTATEUR PARTAGÉ,invariants communs; spécialisation métier encore limitée,source,307,14,UNCHANGED
include/elit21/risk/FraudRiskEngine.h,76,🟡,ADAPTATEUR PARTAGÉ,invariants communs; spécialisation métier encore limitée,source,309,14,UNCHANGED
include/elit21/risk/HighRiskOrderGuard.h,76,🟡,ADAPTATEUR PARTAGÉ,invariants communs; spécialisation métier encore limitée,source,315,14,UNCHANGED
include/elit21/risk/LossPreventionPolicy.h,76,🟡,ADAPTATEUR PARTAGÉ,invariants communs; spécialisation métier encore limitée,source,319,14,UNCHANGED
include/elit21/risk/RiskDecision.h,76,🟡,ADAPTATEUR PARTAGÉ,invariants communs; spécialisation métier encore limitée,source,303,14,UNCHANGED
include/elit21/risk/RiskEngine.h,64,🟡,MINIMAL,interface ou implémentation minimale,source,404,6,UNCHANGED
include/elit21/risk/RiskRule.h,76,🟡,ADAPTATEUR PARTAGÉ,invariants communs; spécialisation métier encore limitée,source,295,14,UNCHANGED
include/elit21/risk/RiskRuleEngine.h,76,🟡,ADAPTATEUR PARTAGÉ,invariants communs; spécialisation métier encore limitée,source,307,14,UNCHANGED
include/elit21/risk/SupplierRiskMonitor.h,76,🟡,ADAPTATEUR PARTAGÉ,invariants communs; spécialisation métier encore limitée,source,317,14,UNCHANGED
include/elit21/risk/TransactionRiskAnalyzer.h,76,🟡,ADAPTATEUR PARTAGÉ,invariants communs; spécialisation métier encore limitée,source,325,14,UNCHANGED
include/elit21/scheduler/CronExpression.h,76,🟡,ADAPTATEUR PARTAGÉ,invariants communs; spécialisation métier encore limitée,source,317,14,UNCHANGED
include/elit21/scheduler/Job.h,76,🟡,ADAPTATEUR PARTAGÉ,invariants communs; spécialisation métier encore limitée,source,295,14,UNCHANGED
include/elit21/scheduler/JobContext.h,76,🟡,ADAPTATEUR PARTAGÉ,invariants communs; spécialisation métier encore limitée,source,309,14,UNCHANGED
include/elit21/scheduler/JobDefinition.h,76,🟡,ADAPTATEUR PARTAGÉ,invariants communs; spécialisation métier encore limitée,source,315,14,UNCHANGED
include/elit21/scheduler/JobRegistry.h,76,🟡,ADAPTATEUR PARTAGÉ,invariants communs; spécialisation métier encore limitée,source,311,14,UNCHANGED
include/elit21/scheduler/JobRepository.h,76,🟡,ADAPTATEUR PARTAGÉ,invariants communs; spécialisation métier encore limitée,source,315,14,UNCHANGED
include/elit21/scheduler/JobScheduler.h,76,🟡,ADAPTATEUR PARTAGÉ,invariants communs; spécialisation métier encore limitée,source,313,14,UNCHANGED
include/elit21/scheduler/JobStatus.h,76,🟡,ADAPTATEUR PARTAGÉ,invariants communs; spécialisation métier encore limitée,source,307,14,UNCHANGED
include/elit21/scheduler/RecurringJob.h,76,🟡,ADAPTATEUR PARTAGÉ,invariants communs; spécialisation métier encore limitée,source,313,14,UNCHANGED
include/elit21/scheduler/ScheduledJob.h,76,🟡,ADAPTATEUR PARTAGÉ,invariants communs; spécialisation métier encore limitée,source,313,14,UNCHANGED
include/elit21/scheduler/SchedulerClock.h,76,🟡,ADAPTATEUR PARTAGÉ,invariants communs; spécialisation métier encore limitée,source,317,14,UNCHANGED
include/elit21/security/AccessToken.h,76,🟡,ADAPTATEUR PARTAGÉ,invariants communs; spécialisation métier encore limitée,source,309,14,UNCHANGED
include/elit21/security/ApiCredential.h,76,🟡,ADAPTATEUR PARTAGÉ,invariants communs; spécialisation métier encore limitée,source,313,14,UNCHANGED
include/elit21/security/AuditChain.h,76,🟡,ADAPTATEUR PARTAGÉ,invariants communs; spécialisation métier encore limitée,source,307,14,UNCHANGED
include/elit21/security/Base64.h,76,🟡,ADAPTATEUR PARTAGÉ,invariants communs; spécialisation métier encore limitée,source,299,14,UNCHANGED
include/elit21/security/CertificateStore.h,76,🟡,ADAPTATEUR PARTAGÉ,invariants communs; spécialisation métier encore limitée,source,319,14,UNCHANGED
include/elit21/security/ConstantTimeCompare.h,76,🟡,ADAPTATEUR PARTAGÉ,invariants communs; spécialisation métier encore limitée,source,325,14,UNCHANGED
include/elit21/security/CredentialManager.h,76,🟡,ADAPTATEUR PARTAGÉ,invariants communs; spécialisation métier encore limitée,source,321,14,UNCHANGED
include/elit21/security/Crypto.h,64,🟡,MINIMAL,interface ou implémentation minimale,source,557,13,UNCHANGED
include/elit21/security/DataEncryptor.h,76,🟡,ADAPTATEUR PARTAGÉ,invariants communs; spécialisation métier encore limitée,source,822,24,UNCHANGED
include/elit21/security/DataRedactor.h,76,🟡,ADAPTATEUR PARTAGÉ,invariants communs; spécialisation métier encore limitée,source,353,14,UNCHANGED
include/elit21/security/HmacSigner.h,76,🟡,ADAPTATEUR PARTAGÉ,invariants communs; spécialisation métier encore limitée,source,307,14,UNCHANGED
include/elit21/security/KeyDerivation.h,76,🟡,ADAPTATEUR PARTAGÉ,invariants communs; spécialisation métier encore limitée,source,313,14,UNCHANGED
include/elit21/security/KeyRotationManager.h,76,🟡,ADAPTATEUR PARTAGÉ,invariants communs; spécialisation métier encore limitée,source,323,14,UNCHANGED
include/elit21/security/Md5Digest.h,76,🟡,ADAPTATEUR PARTAGÉ,invariants communs; spécialisation métier encore limitée,source,305,14,UNCHANGED
include/elit21/security/RandomGenerator.h,76,🟡,ADAPTATEUR PARTAGÉ,invariants communs; spécialisation métier encore limitée,source,317,14,UNCHANGED
include/elit21/security/Secret.h,76,🟡,ADAPTATEUR PARTAGÉ,invariants communs; spécialisation métier encore limitée,source,299,14,UNCHANGED
include/elit21/security/SecretStore.h,76,🟡,ADAPTATEUR PARTAGÉ,invariants communs; spécialisation métier encore limitée,source,309,14,UNCHANGED
include/elit21/security/SecureBuffer.h,76,🟡,ADAPTATEUR PARTAGÉ,invariants communs; spécialisation métier encore limitée,source,311,14,UNCHANGED
include/elit21/security/Sha256Digest.h,76,🟡,ADAPTATEUR PARTAGÉ,invariants communs; spécialisation métier encore limitée,source,311,14,UNCHANGED
include/elit21/security/SignatureVerifier.h,76,🟡,ADAPTATEUR PARTAGÉ,invariants communs; spécialisation métier encore limitée,source,321,14,UNCHANGED
include/elit21/security/TokenVault.h,76,🟡,ADAPTATEUR PARTAGÉ,invariants communs; spécialisation métier encore limitée,source,307,14,UNCHANGED
include/elit21/security/WebhookReplayGuard.h,76,🟡,ADAPTATEUR PARTAGÉ,invariants communs; spécialisation métier encore limitée,source,323,14,UNCHANGED
include/elit21/serialization/CsvReader.h,76,🟡,ADAPTATEUR PARTAGÉ,invariants communs; spécialisation métier encore limitée,source,315,14,UNCHANGED
include/elit21/serialization/CsvWriter.h,76,🟡,ADAPTATEUR PARTAGÉ,invariants communs; spécialisation métier encore limitée,source,315,14,UNCHANGED
include/elit21/serialization/JsonDeserializer.h,76,🟡,ADAPTATEUR PARTAGÉ,invariants communs; spécialisation métier encore limitée,source,329,14,UNCHANGED
include/elit21/serialization/JsonDocument.h,76,🟡,ADAPTATEUR PARTAGÉ,invariants communs; spécialisation métier encore limitée,source,321,14,UNCHANGED
include/elit21/serialization/JsonSerializer.h,76,🟡,ADAPTATEUR PARTAGÉ,invariants communs; spécialisation métier encore limitée,source,325,14,UNCHANGED
include/elit21/serialization/JsonValue.h,76,🟡,ADAPTATEUR PARTAGÉ,invariants communs; spécialisation métier encore limitée,source,315,14,UNCHANGED
include/elit21/serialization/ModelSerializer.h,76,🟡,ADAPTATEUR PARTAGÉ,invariants communs; spécialisation métier encore limitée,source,327,14,UNCHANGED
include/elit21/serialization/QueryStringSerializer.h,76,🟡,ADAPTATEUR PARTAGÉ,invariants communs; spécialisation métier encore limitée,source,339,14,UNCHANGED
include/elit21/shopify/ShopifyApiVersion.h,64,🟡,MINIMAL,interface ou implémentation minimale,shopify,557,17,UNCHANGED
include/elit21/shopify/ShopifyClient.h,95,✅,MÉTIER AVANCÉ,logique métier dédiée: createFulfillment,shopify,3789,80,MODIFIED
include/elit21/shopify/ShopifyConfig.h,76,🟡,ADAPTATEUR PARTAGÉ,invariants communs; spécialisation métier encore limitée,shopify,311,14,UNCHANGED
include/elit21/shopify/ShopifyEndpoints.h,64,🟡,MINIMAL,interface ou implémentation minimale,shopify,494,13,UNCHANGED
include/elit21/shopify/ShopifyError.h,76,🟡,ADAPTATEUR PARTAGÉ,invariants communs; spécialisation métier encore limitée,shopify,309,14,UNCHANGED
include/elit21/shopify/ShopifyErrorMapper.h,76,🟡,ADAPTATEUR PARTAGÉ,invariants communs; spécialisation métier encore limitée,shopify,321,14,UNCHANGED
include/elit21/shopify/ShopifyModels.h,86,🟢,FONCTIONNEL,code dédié compilable,shopify,2340,96,MODIFIED
include/elit21/shopify/ShopifyRateLimitState.h,76,🟡,ADAPTATEUR PARTAGÉ,invariants communs; spécialisation métier encore limitée,shopify,327,14,UNCHANGED
include/elit21/shopify/ShopifyScopes.h,73,🟡,PARTIEL,module court mais utilisable,shopify,550,18,UNCHANGED
include/elit21/shopify/ShopifyServiceFactory.h,81,🟢,ADAPTATEUR PARTAGÉ,invariants communs; spécialisation métier encore limitée,shopify,327,14,UNCHANGED
include/elit21/shopify/ShopifyWebhook.h,69,🟡,MINIMAL,interface ou implémentation minimale,shopify,419,8,UNCHANGED
include/elit21/shopify/ShopifyWebhookProcessor.h,95,✅,MÉTIER AVANCÉ,logique métier dédiée: ShopifyWebhookProcessor,shopify,1168,39,NEW
include/elit21/shopify/ShopifyWebhookRegistry.h,78,🟡,PARTIEL,module court mais utilisable,shopify,945,40,NEW
include/elit21/shopify/auth/ShopifyAuthorizationUrlBuilder.h,64,🟡,MINIMAL,interface ou implémentation minimale,shopify,313,5,UNCHANGED
include/elit21/shopify/auth/ShopifyOAuthClient.h,69,🟡,MINIMAL,interface ou implémentation minimale,shopify,528,6,UNCHANGED
include/elit21/shopify/auth/ShopifyOAuthStateStore.h,64,🟡,MINIMAL,interface ou implémentation minimale,shopify,394,7,UNCHANGED
include/elit21/shopify/auth/ShopifyTokenManager.h,64,🟡,MINIMAL,interface ou implémentation minimale,shopify,384,6,UNCHANGED
include/elit21/shopify/auth/ShopifyTokenRefreshPolicy.h,64,🟡,MINIMAL,interface ou implémentation minimale,shopify,212,3,UNCHANGED
include/elit21/shopify/bulk/BulkDownloadManager.h,81,🟢,ADAPTATEUR PARTAGÉ,invariants communs; spécialisation métier encore limitée,shopify,335,14,UNCHANGED
include/elit21/shopify/bulk/BulkInventorySynchronizer.h,81,🟢,ADAPTATEUR PARTAGÉ,invariants communs; spécialisation métier encore limitée,shopify,347,14,UNCHANGED
include/elit21/shopify/bulk/BulkJsonlParser.h,81,🟢,ADAPTATEUR PARTAGÉ,invariants communs; spécialisation métier encore limitée,shopify,327,14,UNCHANGED
include/elit21/shopify/bulk/BulkOperationMonitor.h,81,🟢,ADAPTATEUR PARTAGÉ,invariants communs; spécialisation métier encore limitée,shopify,337,14,UNCHANGED
include/elit21/shopify/bulk/BulkOrderExporter.h,81,🟢,ADAPTATEUR PARTAGÉ,invariants communs; spécialisation métier encore limitée,shopify,331,14,UNCHANGED
include/elit21/shopify/bulk/BulkProductExporter.h,81,🟢,ADAPTATEUR PARTAGÉ,invariants communs; spécialisation métier encore limitée,shopify,335,14,UNCHANGED
include/elit21/shopify/bulk/BulkProductImporter.h,81,🟢,ADAPTATEUR PARTAGÉ,invariants communs; spécialisation métier encore limitée,shopify,335,14,UNCHANGED
include/elit21/shopify/bulk/BulkUploadManager.h,81,🟢,ADAPTATEUR PARTAGÉ,invariants communs; spécialisation métier encore limitée,shopify,331,14,UNCHANGED
include/elit21/shopify/bulk/StagedUploadManager.h,76,🟡,ADAPTATEUR PARTAGÉ,invariants communs; spécialisation métier encore limitée,shopify,335,14,UNCHANGED
include/elit21/shopify/graphql/GraphqlDocument.h,64,🟡,MINIMAL,interface ou implémentation minimale,shopify,509,15,UNCHANGED
include/elit21/shopify/graphql/GraphqlError.h,64,🟡,MINIMAL,interface ou implémentation minimale,shopify,176,5,UNCHANGED
include/elit21/shopify/graphql/GraphqlOperation.h,76,🟡,ADAPTATEUR PARTAGÉ,invariants communs; spécialisation métier encore limitée,shopify,335,14,UNCHANGED
include/elit21/shopify/graphql/GraphqlRequest.h,64,🟡,MINIMAL,interface ou implémentation minimale,shopify,418,14,UNCHANGED
include/elit21/shopify/graphql/GraphqlResponse.h,73,🟡,PARTIEL,module court mais utilisable,shopify,741,18,UNCHANGED
include/elit21/shopify/graphql/GraphqlTransport.h,89,🟢,FONCTIONNEL,code dédié compilable,shopify,1794,55,MODIFIED
include/elit21/shopify/graphql/ShopifyCostThrottler.h,64,🟡,MINIMAL,interface ou implémentation minimale,shopify,406,8,UNCHANGED
include/elit21/shopify/graphql/ShopifyGraphqlClient.h,69,🟡,MINIMAL,interface ou implémentation minimale,shopify,345,4,UNCHANGED
include/elit21/shopify/graphql/ShopifyGraphqlPaginator.h,64,🟡,MINIMAL,interface ou implémentation minimale,shopify,382,5,UNCHANGED
include/elit21/shopify/graphql/ShopifyQueryBuilder.h,64,🟡,MINIMAL,interface ou implémentation minimale,shopify,329,7,UNCHANGED
include/elit21/shopify/graphql/ShopifyUserErrorParser.h,64,🟡,MINIMAL,interface ou implémentation minimale,shopify,368,9,UNCHANGED
include/elit21/shopify/models/ShopifyBulkOperation.h,81,🟢,ADAPTATEUR PARTAGÉ,invariants communs; spécialisation métier encore limitée,shopify,341,14,UNCHANGED
include/elit21/shopify/models/ShopifyCollection.h,76,🟡,ADAPTATEUR PARTAGÉ,invariants communs; spécialisation métier encore limitée,shopify,335,14,UNCHANGED
include/elit21/shopify/models/ShopifyCustomer.h,76,🟡,ADAPTATEUR PARTAGÉ,invariants communs; spécialisation métier encore limitée,shopify,331,14,UNCHANGED
include/elit21/shopify/models/ShopifyDiscount.h,76,🟡,ADAPTATEUR PARTAGÉ,invariants communs; spécialisation métier encore limitée,shopify,331,14,UNCHANGED
include/elit21/shopify/models/ShopifyFulfillment.h,76,🟡,ADAPTATEUR PARTAGÉ,invariants communs; spécialisation métier encore limitée,shopify,337,14,UNCHANGED
include/elit21/shopify/models/ShopifyFulfillmentOrder.h,76,🟡,ADAPTATEUR PARTAGÉ,invariants communs; spécialisation métier encore limitée,shopify,347,14,UNCHANGED
include/elit21/shopify/models/ShopifyInventoryItem.h,76,🟡,ADAPTATEUR PARTAGÉ,invariants communs; spécialisation métier encore limitée,shopify,341,14,UNCHANGED
include/elit21/shopify/models/ShopifyInventoryLevel.h,76,🟡,ADAPTATEUR PARTAGÉ,invariants communs; spécialisation métier encore limitée,shopify,343,14,UNCHANGED
include/elit21/shopify/models/ShopifyLocation.h,76,🟡,ADAPTATEUR PARTAGÉ,invariants communs; spécialisation métier encore limitée,shopify,331,14,UNCHANGED
include/elit21/shopify/models/ShopifyMarket.h,76,🟡,ADAPTATEUR PARTAGÉ,invariants communs; spécialisation métier encore limitée,shopify,327,14,UNCHANGED
include/elit21/shopify/models/ShopifyMedia.h,76,🟡,ADAPTATEUR PARTAGÉ,invariants communs; spécialisation métier encore limitée,shopify,325,14,UNCHANGED
include/elit21/shopify/models/ShopifyMetafield.h,76,🟡,ADAPTATEUR PARTAGÉ,invariants communs; spécialisation métier encore limitée,shopify,333,14,UNCHANGED
include/elit21/shopify/models/ShopifyMetaobject.h,76,🟡,ADAPTATEUR PARTAGÉ,invariants communs; spécialisation métier encore limitée,shopify,335,14,UNCHANGED
include/elit21/shopify/models/ShopifyOrder.h,76,🟡,ADAPTATEUR PARTAGÉ,invariants communs; spécialisation métier encore limitée,shopify,325,14,UNCHANGED
include/elit21/shopify/models/ShopifyOrderLine.h,76,🟡,ADAPTATEUR PARTAGÉ,invariants communs; spécialisation métier encore limitée,shopify,333,14,UNCHANGED
include/elit21/shopify/models/ShopifyProduct.h,76,🟡,ADAPTATEUR PARTAGÉ,invariants communs; spécialisation métier encore limitée,shopify,329,14,UNCHANGED
include/elit21/shopify/models/ShopifyProductVariant.h,76,🟡,ADAPTATEUR PARTAGÉ,invariants communs; spécialisation métier encore limitée,shopify,343,14,UNCHANGED
include/elit21/shopify/models/ShopifyPublication.h,76,🟡,ADAPTATEUR PARTAGÉ,invariants communs; spécialisation métier encore limitée,shopify,337,14,UNCHANGED
include/elit21/shopify/models/ShopifyRefund.h,76,🟡,ADAPTATEUR PARTAGÉ,invariants communs; spécialisation métier encore limitée,shopify,327,14,UNCHANGED
include/elit21/shopify/models/ShopifyReturn.h,76,🟡,ADAPTATEUR PARTAGÉ,invariants communs; spécialisation métier encore limitée,shopify,327,14,UNCHANGED
include/elit21/shopify/models/ShopifyShop.h,76,🟡,ADAPTATEUR PARTAGÉ,invariants communs; spécialisation métier encore limitée,shopify,323,14,UNCHANGED
include/elit21/shopify/models/ShopifyTrackingInfo.h,76,🟡,ADAPTATEUR PARTAGÉ,invariants communs; spécialisation métier encore limitée,shopify,339,14,UNCHANGED
include/elit21/shopify/models/ShopifyTransaction.h,76,🟡,ADAPTATEUR PARTAGÉ,invariants communs; spécialisation métier encore limitée,shopify,337,14,UNCHANGED
include/elit21/shopify/models/ShopifyWebhookSubscription.h,81,🟢,ADAPTATEUR PARTAGÉ,invariants communs; spécialisation métier encore limitée,shopify,353,14,UNCHANGED
include/elit21/shopify/mutations/BulkOperationMutations.h,69,🟡,MINIMAL,interface ou implémentation minimale,shopify,186,4,UNCHANGED
include/elit21/shopify/mutations/CollectionMutations.h,69,🟡,MINIMAL,interface ou implémentation minimale,shopify,183,4,UNCHANGED
include/elit21/shopify/mutations/CustomerMutations.h,69,🟡,MINIMAL,interface ou implémentation minimale,shopify,181,4,UNCHANGED
include/elit21/shopify/mutations/DiscountMutations.h,69,🟡,MINIMAL,interface ou implémentation minimale,shopify,181,4,UNCHANGED
include/elit21/shopify/mutations/DraftOrderMutations.h,69,🟡,MINIMAL,interface ou implémentation minimale,shopify,183,4,UNCHANGED
include/elit21/shopify/mutations/FileMutations.h,69,🟡,MINIMAL,interface ou implémentation minimale,shopify,177,4,UNCHANGED
include/elit21/shopify/mutations/FulfillmentMutations.h,69,🟡,MINIMAL,interface ou implémentation minimale,shopify,184,4,UNCHANGED
include/elit21/shopify/mutations/FulfillmentOrderMutations.h,69,🟡,MINIMAL,interface ou implémentation minimale,shopify,189,4,UNCHANGED
include/elit21/shopify/mutations/InventoryMutations.h,69,🟡,MINIMAL,interface ou implémentation minimale,shopify,182,4,UNCHANGED
include/elit21/shopify/mutations/MetafieldMutations.h,69,🟡,MINIMAL,interface ou implémentation minimale,shopify,182,4,UNCHANGED
include/elit21/shopify/mutations/MetaobjectMutations.h,69,🟡,MINIMAL,interface ou implémentation minimale,shopify,183,4,UNCHANGED
include/elit21/shopify/mutations/OrderMutations.h,69,🟡,MINIMAL,interface ou implémentation minimale,shopify,178,4,UNCHANGED
include/elit21/shopify/mutations/ProductMediaMutations.h,69,🟡,MINIMAL,interface ou implémentation minimale,shopify,185,4,UNCHANGED
include/elit21/shopify/mutations/ProductMutations.h,69,🟡,MINIMAL,interface ou implémentation minimale,shopify,180,4,UNCHANGED
include/elit21/shopify/mutations/ProductVariantMutations.h,69,🟡,MINIMAL,interface ou implémentation minimale,shopify,187,4,UNCHANGED
include/elit21/shopify/mutations/PublicationMutations.h,69,🟡,MINIMAL,interface ou implémentation minimale,shopify,184,4,UNCHANGED
include/elit21/shopify/mutations/RefundMutations.h,69,🟡,MINIMAL,interface ou implémentation minimale,shopify,179,4,UNCHANGED
include/elit21/shopify/mutations/ReturnMutations.h,69,🟡,MINIMAL,interface ou implémentation minimale,shopify,179,4,UNCHANGED
include/elit21/shopify/mutations/WebhookMutations.h,69,🟡,MINIMAL,interface ou implémentation minimale,shopify,180,4,UNCHANGED
include/elit21/shopify/queries/BulkOperationQueries.h,69,🟡,MINIMAL,interface ou implémentation minimale,shopify,182,4,UNCHANGED
include/elit21/shopify/queries/CollectionQueries.h,69,🟡,MINIMAL,interface ou implémentation minimale,shopify,179,4,UNCHANGED
include/elit21/shopify/queries/CustomerQueries.h,69,🟡,MINIMAL,interface ou implémentation minimale,shopify,177,4,UNCHANGED
include/elit21/shopify/queries/DiscountQueries.h,69,🟡,MINIMAL,interface ou implémentation minimale,shopify,177,4,UNCHANGED
include/elit21/shopify/queries/DraftOrderQueries.h,69,🟡,MINIMAL,interface ou implémentation minimale,shopify,179,4,UNCHANGED
include/elit21/shopify/queries/FileQueries.h,69,🟡,MINIMAL,interface ou implémentation minimale,shopify,173,4,UNCHANGED
include/elit21/shopify/queries/FulfillmentOrderQueries.h,69,🟡,MINIMAL,interface ou implémentation minimale,shopify,185,4,UNCHANGED
include/elit21/shopify/queries/FulfillmentQueries.h,69,🟡,MINIMAL,interface ou implémentation minimale,shopify,180,4,UNCHANGED
include/elit21/shopify/queries/InventoryQueries.h,69,🟡,MINIMAL,interface ou implémentation minimale,shopify,178,4,UNCHANGED
include/elit21/shopify/queries/LocationQueries.h,69,🟡,MINIMAL,interface ou implémentation minimale,shopify,177,4,UNCHANGED
include/elit21/shopify/queries/MarketQueries.h,69,🟡,MINIMAL,interface ou implémentation minimale,shopify,175,4,UNCHANGED
include/elit21/shopify/queries/MetafieldQueries.h,69,🟡,MINIMAL,interface ou implémentation minimale,shopify,178,4,UNCHANGED
include/elit21/shopify/queries/MetaobjectQueries.h,69,🟡,MINIMAL,interface ou implémentation minimale,shopify,179,4,UNCHANGED
include/elit21/shopify/queries/OrderQueries.h,69,🟡,MINIMAL,interface ou implémentation minimale,shopify,174,4,UNCHANGED
include/elit21/shopify/queries/ProductQueries.h,69,🟡,MINIMAL,interface ou implémentation minimale,shopify,176,4,UNCHANGED
include/elit21/shopify/queries/ProductVariantQueries.h,69,🟡,MINIMAL,interface ou implémentation minimale,shopify,183,4,UNCHANGED
include/elit21/shopify/queries/PublicationQueries.h,69,🟡,MINIMAL,interface ou implémentation minimale,shopify,180,4,UNCHANGED
include/elit21/shopify/queries/RefundQueries.h,69,🟡,MINIMAL,interface ou implémentation minimale,shopify,175,4,UNCHANGED
include/elit21/shopify/queries/ReturnQueries.h,69,🟡,MINIMAL,interface ou implémentation minimale,shopify,175,4,UNCHANGED
include/elit21/shopify/queries/ShopQueries.h,69,🟡,MINIMAL,interface ou implémentation minimale,shopify,173,4,UNCHANGED
include/elit21/shopify/queries/TransactionQueries.h,69,🟡,MINIMAL,interface ou implémentation minimale,shopify,180,4,UNCHANGED
include/elit21/shopify/queries/WebhookQueries.h,69,🟡,MINIMAL,interface ou implémentation minimale,shopify,176,4,UNCHANGED
include/elit21/shopify/services/ShopifyBulkOperationService.h,81,🟢,ADAPTATEUR PARTAGÉ,invariants communs; spécialisation métier encore limitée,shopify,359,14,UNCHANGED
include/elit21/shopify/services/ShopifyCatalogService.h,81,🟢,ADAPTATEUR PARTAGÉ,invariants communs; spécialisation métier encore limitée,shopify,347,14,UNCHANGED
include/elit21/shopify/services/ShopifyCollectionService.h,81,🟢,ADAPTATEUR PARTAGÉ,invariants communs; spécialisation métier encore limitée,shopify,353,14,UNCHANGED
include/elit21/shopify/services/ShopifyCustomerService.h,81,🟢,ADAPTATEUR PARTAGÉ,invariants communs; spécialisation métier encore limitée,shopify,349,14,UNCHANGED
include/elit21/shopify/services/ShopifyDiscountService.h,81,🟢,ADAPTATEUR PARTAGÉ,invariants communs; spécialisation métier encore limitée,shopify,349,14,UNCHANGED
include/elit21/shopify/services/ShopifyDraftOrderService.h,81,🟢,ADAPTATEUR PARTAGÉ,invariants communs; spécialisation métier encore limitée,shopify,353,14,UNCHANGED
include/elit21/shopify/services/ShopifyFileService.h,81,🟢,ADAPTATEUR PARTAGÉ,invariants communs; spécialisation métier encore limitée,shopify,341,14,UNCHANGED
include/elit21/shopify/services/ShopifyFulfillmentOrderService.h,81,🟢,ADAPTATEUR PARTAGÉ,invariants communs; spécialisation métier encore limitée,shopify,365,14,UNCHANGED
include/elit21/shopify/services/ShopifyFulfillmentService.h,81,🟢,ADAPTATEUR PARTAGÉ,invariants communs; spécialisation métier encore limitée,shopify,355,14,UNCHANGED
include/elit21/shopify/services/ShopifyInventoryService.h,81,🟢,ADAPTATEUR PARTAGÉ,invariants communs; spécialisation métier encore limitée,shopify,351,14,UNCHANGED
include/elit21/shopify/services/ShopifyLocationService.h,81,🟢,ADAPTATEUR PARTAGÉ,invariants communs; spécialisation métier encore limitée,shopify,349,14,UNCHANGED
include/elit21/shopify/services/ShopifyMarketService.h,81,🟢,ADAPTATEUR PARTAGÉ,invariants communs; spécialisation métier encore limitée,shopify,345,14,UNCHANGED
include/elit21/shopify/services/ShopifyMediaService.h,81,🟢,ADAPTATEUR PARTAGÉ,invariants communs; spécialisation métier encore limitée,shopify,343,14,UNCHANGED
include/elit21/shopify/services/ShopifyMetafieldService.h,81,🟢,ADAPTATEUR PARTAGÉ,invariants communs; spécialisation métier encore limitée,shopify,351,14,UNCHANGED
include/elit21/shopify/services/ShopifyOrderService.h,81,🟢,ADAPTATEUR PARTAGÉ,invariants communs; spécialisation métier encore limitée,shopify,343,14,UNCHANGED
include/elit21/shopify/services/ShopifyProductService.h,81,🟢,ADAPTATEUR PARTAGÉ,invariants communs; spécialisation métier encore limitée,shopify,347,14,UNCHANGED
include/elit21/shopify/services/ShopifyPublicationService.h,81,🟢,ADAPTATEUR PARTAGÉ,invariants communs; spécialisation métier encore limitée,shopify,355,14,UNCHANGED
include/elit21/shopify/services/ShopifyRefundService.h,81,🟢,ADAPTATEUR PARTAGÉ,invariants communs; spécialisation métier encore limitée,shopify,345,14,UNCHANGED
include/elit21/shopify/services/ShopifyReturnService.h,81,🟢,ADAPTATEUR PARTAGÉ,invariants communs; spécialisation métier encore limitée,shopify,345,14,UNCHANGED
include/elit21/shopify/services/ShopifyShopService.h,81,🟢,ADAPTATEUR PARTAGÉ,invariants communs; spécialisation métier encore limitée,shopify,341,14,UNCHANGED
include/elit21/shopify/services/ShopifyVariantService.h,81,🟢,ADAPTATEUR PARTAGÉ,invariants communs; spécialisation métier encore limitée,shopify,347,14,UNCHANGED
include/elit21/shopify/services/ShopifyWebhookService.h,81,🟢,ADAPTATEUR PARTAGÉ,invariants communs; spécialisation métier encore limitée,shopify,347,14,UNCHANGED
include/elit21/shopify/webhooks/AppUninstalledWebhookHandler.h,81,🟢,ADAPTATEUR PARTAGÉ,invariants communs; spécialisation métier encore limitée,shopify,361,14,UNCHANGED
include/elit21/shopify/webhooks/CustomerWebhookHandler.h,81,🟢,ADAPTATEUR PARTAGÉ,invariants communs; spécialisation métier encore limitée,shopify,349,14,UNCHANGED
include/elit21/shopify/webhooks/FulfillmentWebhookHandler.h,81,🟢,ADAPTATEUR PARTAGÉ,invariants communs; spécialisation métier encore limitée,shopify,355,14,UNCHANGED
include/elit21/shopify/webhooks/InventoryWebhookHandler.h,81,🟢,ADAPTATEUR PARTAGÉ,invariants communs; spécialisation métier encore limitée,shopify,351,14,UNCHANGED
include/elit21/shopify/webhooks/OrderWebhookHandler.h,81,🟢,ADAPTATEUR PARTAGÉ,invariants communs; spécialisation métier encore limitée,shopify,343,14,UNCHANGED
include/elit21/shopify/webhooks/ProductWebhookHandler.h,81,🟢,ADAPTATEUR PARTAGÉ,invariants communs; spécialisation métier encore limitée,shopify,347,14,UNCHANGED
include/elit21/shopify/webhooks/RefundWebhookHandler.h,81,🟢,ADAPTATEUR PARTAGÉ,invariants communs; spécialisation métier encore limitée,shopify,345,14,UNCHANGED
include/elit21/shopify/webhooks/ShopWebhookHandler.h,81,🟢,ADAPTATEUR PARTAGÉ,invariants communs; spécialisation métier encore limitée,shopify,341,14,UNCHANGED
include/elit21/shopify/webhooks/ShopifyWebhook.h,81,🟢,ADAPTATEUR PARTAGÉ,invariants communs; spécialisation métier encore limitée,shopify,333,14,UNCHANGED
include/elit21/shopify/webhooks/ShopifyWebhookDispatcher.h,81,🟢,ADAPTATEUR PARTAGÉ,invariants communs; spécialisation métier encore limitée,shopify,353,14,UNCHANGED
include/elit21/shopify/webhooks/ShopifyWebhookParser.h,81,🟢,ADAPTATEUR PARTAGÉ,invariants communs; spécialisation métier encore limitée,shopify,345,14,UNCHANGED
include/elit21/shopify/webhooks/ShopifyWebhookReceiver.h,81,🟢,ADAPTATEUR PARTAGÉ,invariants communs; spécialisation métier encore limitée,shopify,349,14,UNCHANGED
include/elit21/shopify/webhooks/ShopifyWebhookRegistrar.h,81,🟢,ADAPTATEUR PARTAGÉ,invariants communs; spécialisation métier encore limitée,shopify,351,14,UNCHANGED
include/elit21/shopify/webhooks/ShopifyWebhookSignatureVerifier.h,81,🟢,ADAPTATEUR PARTAGÉ,invariants communs; spécialisation métier encore limitée,shopify,367,14,UNCHANGED
include/elit21/shopify/webhooks/ShopifyWebhookTopic.h,81,🟢,ADAPTATEUR PARTAGÉ,invariants communs; spécialisation métier encore limitée,shopify,343,14,UNCHANGED
include/elit21/sourcing/CanadaProductEligibilityChecker.h,76,🟡,ADAPTATEUR PARTAGÉ,invariants communs; spécialisation métier encore limitée,source,349,14,UNCHANGED
include/elit21/sourcing/CandidateProduct.h,76,🟡,ADAPTATEUR PARTAGÉ,invariants communs; spécialisation métier encore limitée,source,319,14,UNCHANGED
include/elit21/sourcing/CandidateProductRepository.h,76,🟡,ADAPTATEUR PARTAGÉ,invariants communs; spécialisation métier encore limitée,source,339,14,UNCHANGED
include/elit21/sourcing/CatalogDiscoveryEngine.h,76,🟡,ADAPTATEUR PARTAGÉ,invariants communs; spécialisation métier encore limitée,source,331,14,UNCHANGED
include/elit21/sourcing/CompetitionAnalyzer.h,76,🟡,ADAPTATEUR PARTAGÉ,invariants communs; spécialisation métier encore limitée,source,325,14,UNCHANGED
include/elit21/sourcing/DuplicateProductDetector.h,76,🟡,ADAPTATEUR PARTAGÉ,invariants communs; spécialisation métier encore limitée,source,335,14,UNCHANGED
include/elit21/sourcing/ImageSearchDiscovery.h,76,🟡,ADAPTATEUR PARTAGÉ,invariants communs; spécialisation métier encore limitée,source,327,14,UNCHANGED
include/elit21/sourcing/MarginOpportunityAnalyzer.h,76,🟡,ADAPTATEUR PARTAGÉ,invariants communs; spécialisation métier encore limitée,source,337,14,UNCHANGED
include/elit21/sourcing/ProductCandidatePipeline.h,76,🟡,ADAPTATEUR PARTAGÉ,invariants communs; spécialisation métier encore limitée,source,335,14,UNCHANGED
include/elit21/sourcing/ProductEligibilityChecker.h,76,🟡,ADAPTATEUR PARTAGÉ,invariants communs; spécialisation métier encore limitée,source,337,14,UNCHANGED
include/elit21/sourcing/ProductQualityAnalyzer.h,76,🟡,ADAPTATEUR PARTAGÉ,invariants communs; spécialisation métier encore limitée,source,331,14,UNCHANGED
include/elit21/sourcing/ProductRecommendationDiscovery.h,76,🟡,ADAPTATEUR PARTAGÉ,invariants communs; spécialisation métier encore limitée,source,347,14,UNCHANGED
include/elit21/sourcing/ProductRiskAnalyzer.h,76,🟡,ADAPTATEUR PARTAGÉ,invariants communs; spécialisation métier encore limitée,source,325,14,UNCHANGED
include/elit21/sourcing/ProductScorer.h,76,🟡,ADAPTATEUR PARTAGÉ,invariants communs; spécialisation métier encore limitée,source,313,14,UNCHANGED
include/elit21/sourcing/ProductSelectionPolicy.h,76,🟡,ADAPTATEUR PARTAGÉ,invariants communs; spécialisation métier encore limitée,source,331,14,UNCHANGED
include/elit21/sourcing/ProhibitedProductDetector.h,76,🟡,ADAPTATEUR PARTAGÉ,invariants communs; spécialisation métier encore limitée,source,337,14,UNCHANGED
include/elit21/sourcing/ReviewScoreAnalyzer.h,76,🟡,ADAPTATEUR PARTAGÉ,invariants communs; spécialisation métier encore limitée,source,325,14,UNCHANGED
include/elit21/sourcing/SellerReliabilityAnalyzer.h,76,🟡,ADAPTATEUR PARTAGÉ,invariants communs; spécialisation métier encore limitée,source,337,14,UNCHANGED
include/elit21/sourcing/SellerScorer.h,76,🟡,ADAPTATEUR PARTAGÉ,invariants communs; spécialisation métier encore limitée,source,311,14,UNCHANGED
include/elit21/sourcing/ShippingEligibilityAnalyzer.h,76,🟡,ADAPTATEUR PARTAGÉ,invariants communs; spécialisation métier encore limitée,source,341,14,UNCHANGED
include/elit21/sourcing/SourcingCoordinator.h,76,🟡,ADAPTATEUR PARTAGÉ,invariants communs; spécialisation métier encore limitée,source,325,14,UNCHANGED
include/elit21/sourcing/SourcingDecision.h,76,🟡,ADAPTATEUR PARTAGÉ,invariants communs; spécialisation métier encore limitée,source,319,14,UNCHANGED
include/elit21/sourcing/SourcingEngine.h,64,🟡,MINIMAL,interface ou implémentation minimale,source,592,8,UNCHANGED
include/elit21/sourcing/SourcingPolicy.h,76,🟡,ADAPTATEUR PARTAGÉ,invariants communs; spécialisation métier encore limitée,source,315,14,UNCHANGED
include/elit21/sourcing/TrendAnalyzer.h,76,🟡,ADAPTATEUR PARTAGÉ,invariants communs; spécialisation métier encore limitée,source,313,14,UNCHANGED
include/elit21/storage/BackupManager.h,76,🟡,ADAPTATEUR PARTAGÉ,invariants communs; spécialisation métier encore limitée,source,311,14,UNCHANGED
include/elit21/storage/Cache.h,76,🟡,ADAPTATEUR PARTAGÉ,invariants communs; spécialisation métier encore limitée,source,295,14,UNCHANGED
include/elit21/storage/CacheEntry.h,76,🟡,ADAPTATEUR PARTAGÉ,invariants communs; spécialisation métier encore limitée,source,305,14,UNCHANGED
include/elit21/storage/Database.h,97,✅,MÉTIER AVANCÉ,"logique métier dédiée: enqueueUniqueTask, setSyncCheckpoint, migrateDirectory",source,6199,148,MODIFIED
include/elit21/storage/DatabaseConnection.h,76,🟡,ADAPTATEUR PARTAGÉ,invariants communs; spécialisation métier encore limitée,source,321,14,UNCHANGED
include/elit21/storage/DatabaseMigrator.h,76,🟡,ADAPTATEUR PARTAGÉ,invariants communs; spécialisation métier encore limitée,source,317,14,UNCHANGED
include/elit21/storage/DatabaseTransaction.h,76,🟡,ADAPTATEUR PARTAGÉ,invariants communs; spécialisation métier encore limitée,source,323,14,UNCHANGED
include/elit21/storage/Entity.h,76,🟡,ADAPTATEUR PARTAGÉ,invariants communs; spécialisation métier encore limitée,source,297,14,UNCHANGED
include/elit21/storage/Migration.h,76,🟡,ADAPTATEUR PARTAGÉ,invariants communs; spécialisation métier encore limitée,source,303,14,UNCHANGED
include/elit21/storage/MigrationRepository.h,76,🟡,ADAPTATEUR PARTAGÉ,invariants communs; spécialisation métier encore limitée,source,323,14,UNCHANGED
include/elit21/storage/QueryBuilder.h,76,🟡,ADAPTATEUR PARTAGÉ,invariants communs; spécialisation métier encore limitée,source,309,14,UNCHANGED
include/elit21/storage/Repository.h,76,🟡,ADAPTATEUR PARTAGÉ,invariants communs; spécialisation métier encore limitée,source,305,14,UNCHANGED
include/elit21/storage/Row.h,76,🟡,ADAPTATEUR PARTAGÉ,invariants communs; spécialisation métier encore limitée,source,291,14,UNCHANGED
include/elit21/storage/SqliteConnection.h,76,🟡,ADAPTATEUR PARTAGÉ,invariants communs; spécialisation métier encore limitée,source,317,14,UNCHANGED
include/elit21/storage/SqliteDatabase.h,76,🟡,ADAPTATEUR PARTAGÉ,invariants communs; spécialisation métier encore limitée,source,313,14,UNCHANGED
include/elit21/storage/SqliteStatement.h,76,🟡,ADAPTATEUR PARTAGÉ,invariants communs; spécialisation métier encore limitée,source,315,14,UNCHANGED
include/elit21/storage/StorageHealthCheck.h,76,🟡,ADAPTATEUR PARTAGÉ,invariants communs; spécialisation métier encore limitée,source,321,14,UNCHANGED
include/elit21/storage/UnitOfWork.h,76,🟡,ADAPTATEUR PARTAGÉ,invariants communs; spécialisation métier encore limitée,source,305,14,UNCHANGED
include/elit21/terminal/AnsiTerminal.h,76,🟡,ADAPTATEUR PARTAGÉ,invariants communs; spécialisation métier encore limitée,source,311,14,UNCHANGED
include/elit21/terminal/CommandHistory.h,76,🟡,ADAPTATEUR PARTAGÉ,invariants communs; spécialisation métier encore limitée,source,315,14,UNCHANGED
include/elit21/terminal/CommandLine.h,76,🟡,ADAPTATEUR PARTAGÉ,invariants communs; spécialisation métier encore limitée,source,309,14,UNCHANGED
include/elit21/terminal/CommandParser.h,76,🟡,ADAPTATEUR PARTAGÉ,invariants communs; spécialisation métier encore limitée,source,313,14,UNCHANGED
include/elit21/terminal/CommandRegistry.h,76,🟡,ADAPTATEUR PARTAGÉ,invariants communs; spécialisation métier encore limitée,source,317,14,UNCHANGED
include/elit21/terminal/ConsoleInput.h,76,🟡,ADAPTATEUR PARTAGÉ,invariants communs; spécialisation métier encore limitée,source,311,14,UNCHANGED
include/elit21/terminal/ConsoleOutput.h,76,🟡,ADAPTATEUR PARTAGÉ,invariants communs; spécialisation métier encore limitée,source,313,14,UNCHANGED
include/elit21/terminal/Dashboard.h,64,🟡,MINIMAL,interface ou implémentation minimale,source,717,10,UNCHANGED
include/elit21/terminal/DashboardController.h,76,🟡,ADAPTATEUR PARTAGÉ,invariants communs; spécialisation métier encore limitée,source,325,14,UNCHANGED
include/elit21/terminal/FixedPositionRenderer.h,76,🟡,ADAPTATEUR PARTAGÉ,invariants communs; spécialisation métier encore limitée,source,329,14,UNCHANGED
include/elit21/terminal/KeyboardHandler.h,76,🟡,ADAPTATEUR PARTAGÉ,invariants communs; spécialisation métier encore limitée,source,317,14,UNCHANGED
include/elit21/terminal/Layout.h,76,🟡,ADAPTATEUR PARTAGÉ,invariants communs; spécialisation métier encore limitée,source,299,14,UNCHANGED
include/elit21/terminal/ProgressBar.h,76,🟡,ADAPTATEUR PARTAGÉ,invariants communs; spécialisation métier encore limitée,source,309,14,UNCHANGED
include/elit21/terminal/ScreenBuffer.h,76,🟡,ADAPTATEUR PARTAGÉ,invariants communs; spécialisation métier encore limitée,source,311,14,UNCHANGED
include/elit21/terminal/StatusCounter.h,76,🟡,ADAPTATEUR PARTAGÉ,invariants communs; spécialisation métier encore limitée,source,313,14,UNCHANGED
include/elit21/terminal/TableRenderer.h,76,🟡,ADAPTATEUR PARTAGÉ,invariants communs; spécialisation métier encore limitée,source,313,14,UNCHANGED
include/elit21/terminal/TerminalApplication.h,76,🟡,ADAPTATEUR PARTAGÉ,invariants communs; spécialisation métier encore limitée,source,325,14,UNCHANGED
include/elit21/terminal/TerminalColor.h,76,🟡,ADAPTATEUR PARTAGÉ,invariants communs; spécialisation métier encore limitée,source,313,14,UNCHANGED
include/elit21/terminal/TerminalCommand.h,76,🟡,ADAPTATEUR PARTAGÉ,invariants communs; spécialisation métier encore limitée,source,317,14,UNCHANGED
include/elit21/terminal/TerminalDimensions.h,76,🟡,ADAPTATEUR PARTAGÉ,invariants communs; spécialisation métier encore limitée,source,323,14,UNCHANGED
include/elit21/terminal/TerminalEvent.h,76,🟡,ADAPTATEUR PARTAGÉ,invariants communs; spécialisation métier encore limitée,source,313,14,UNCHANGED
include/elit21/terminal/TerminalPanel.h,76,🟡,ADAPTATEUR PARTAGÉ,invariants communs; spécialisation métier encore limitée,source,313,14,UNCHANGED
include/elit21/terminal/TerminalRenderer.h,76,🟡,ADAPTATEUR PARTAGÉ,invariants communs; spécialisation métier encore limitée,source,319,14,UNCHANGED
include/elit21/terminal/UnicodeSanitizer.h,76,🟡,ADAPTATEUR PARTAGÉ,invariants communs; spécialisation métier encore limitée,source,319,14,UNCHANGED
include/elit21/terminal/commands/ApproveCommand.h,76,🟡,ADAPTATEUR PARTAGÉ,invariants communs; spécialisation métier encore limitée,source,335,14,UNCHANGED
include/elit21/terminal/commands/BackupCommand.h,76,🟡,ADAPTATEUR PARTAGÉ,invariants communs; spécialisation métier encore limitée,source,333,14,UNCHANGED
include/elit21/terminal/commands/CatalogCommand.h,76,🟡,ADAPTATEUR PARTAGÉ,invariants communs; spécialisation métier encore limitée,source,335,14,UNCHANGED
include/elit21/terminal/commands/ConfigCommand.h,76,🟡,ADAPTATEUR PARTAGÉ,invariants communs; spécialisation métier encore limitée,source,333,14,UNCHANGED
include/elit21/terminal/commands/DiagnosticsCommand.h,76,🟡,ADAPTATEUR PARTAGÉ,invariants communs; spécialisation métier encore limitée,source,343,14,UNCHANGED
include/elit21/terminal/commands/FulfillmentCommand.h,76,🟡,ADAPTATEUR PARTAGÉ,invariants communs; spécialisation métier encore limitée,source,343,14,UNCHANGED
include/elit21/terminal/commands/HealthCommand.h,76,🟡,ADAPTATEUR PARTAGÉ,invariants communs; spécialisation métier encore limitée,source,333,14,UNCHANGED
include/elit21/terminal/commands/HelpCommand.h,76,🟡,ADAPTATEUR PARTAGÉ,invariants communs; spécialisation métier encore limitée,source,329,14,UNCHANGED
include/elit21/terminal/commands/InventoryCommand.h,76,🟡,ADAPTATEUR PARTAGÉ,invariants communs; spécialisation métier encore limitée,source,339,14,UNCHANGED
include/elit21/terminal/commands/OrderCommand.h,76,🟡,ADAPTATEUR PARTAGÉ,invariants communs; spécialisation métier encore limitée,source,331,14,UNCHANGED
include/elit21/terminal/commands/PauseCommand.h,76,🟡,ADAPTATEUR PARTAGÉ,invariants communs; spécialisation métier encore limitée,source,331,14,UNCHANGED
include/elit21/terminal/commands/PricingCommand.h,76,🟡,ADAPTATEUR PARTAGÉ,invariants communs; spécialisation métier encore limitée,source,335,14,UNCHANGED
include/elit21/terminal/commands/RejectCommand.h,76,🟡,ADAPTATEUR PARTAGÉ,invariants communs; spécialisation métier encore limitée,source,333,14,UNCHANGED
include/elit21/terminal/commands/ReportCommand.h,76,🟡,ADAPTATEUR PARTAGÉ,invariants communs; spécialisation métier encore limitée,source,333,14,UNCHANGED
include/elit21/terminal/commands/ResumeCommand.h,76,🟡,ADAPTATEUR PARTAGÉ,invariants communs; spécialisation métier encore limitée,source,333,14,UNCHANGED
include/elit21/terminal/commands/SourcingCommand.h,76,🟡,ADAPTATEUR PARTAGÉ,invariants communs; spécialisation métier encore limitée,source,337,14,UNCHANGED
include/elit21/terminal/commands/StartCommand.h,76,🟡,ADAPTATEUR PARTAGÉ,invariants communs; spécialisation métier encore limitée,source,331,14,UNCHANGED
include/elit21/terminal/commands/StatusCommand.h,76,🟡,ADAPTATEUR PARTAGÉ,invariants communs; spécialisation métier encore limitée,source,333,14,UNCHANGED
include/elit21/terminal/commands/StopCommand.h,76,🟡,ADAPTATEUR PARTAGÉ,invariants communs; spécialisation métier encore limitée,source,329,14,UNCHANGED
include/elit21/terminal/commands/SyncCommand.h,76,🟡,ADAPTATEUR PARTAGÉ,invariants communs; spécialisation métier encore limitée,source,329,14,UNCHANGED
include/elit21/terminal/panels/AlertsPanel.h,76,🟡,ADAPTATEUR PARTAGÉ,invariants communs; spécialisation métier encore limitée,source,325,14,UNCHANGED
include/elit21/terminal/panels/AliExpressPanel.h,76,🟡,ADAPTATEUR PARTAGÉ,invariants communs; spécialisation métier encore limitée,source,333,14,UNCHANGED
include/elit21/terminal/panels/AutomationPanel.h,76,🟡,ADAPTATEUR PARTAGÉ,invariants communs; spécialisation métier encore limitée,source,333,14,UNCHANGED
include/elit21/terminal/panels/CatalogPanel.h,76,🟡,ADAPTATEUR PARTAGÉ,invariants communs; spécialisation métier encore limitée,source,327,14,UNCHANGED
include/elit21/terminal/panels/CustomerPanel.h,76,🟡,ADAPTATEUR PARTAGÉ,invariants communs; spécialisation métier encore limitée,source,329,14,UNCHANGED
include/elit21/terminal/panels/FinancialPanel.h,76,🟡,ADAPTATEUR PARTAGÉ,invariants communs; spécialisation métier encore limitée,source,331,14,UNCHANGED
include/elit21/terminal/panels/FulfillmentPanel.h,76,🟡,ADAPTATEUR PARTAGÉ,invariants communs; spécialisation métier encore limitée,source,335,14,UNCHANGED
include/elit21/terminal/panels/HealthPanel.h,76,🟡,ADAPTATEUR PARTAGÉ,invariants communs; spécialisation métier encore limitée,source,325,14,UNCHANGED
include/elit21/terminal/panels/InventoryPanel.h,76,🟡,ADAPTATEUR PARTAGÉ,invariants communs; spécialisation métier encore limitée,source,331,14,UNCHANGED
include/elit21/terminal/panels/LogPanel.h,76,🟡,ADAPTATEUR PARTAGÉ,invariants communs; spécialisation métier encore limitée,source,319,14,UNCHANGED
include/elit21/terminal/panels/OrderPanel.h,76,🟡,ADAPTATEUR PARTAGÉ,invariants communs; spécialisation métier encore limitée,source,323,14,UNCHANGED
include/elit21/terminal/panels/ShopifyPanel.h,76,🟡,ADAPTATEUR PARTAGÉ,invariants communs; spécialisation métier encore limitée,source,327,14,UNCHANGED
include/elit21/terminal/panels/SourcingPanel.h,76,🟡,ADAPTATEUR PARTAGÉ,invariants communs; spécialisation métier encore limitée,source,329,14,UNCHANGED
include/elit21/terminal/panels/StatusPanel.h,76,🟡,ADAPTATEUR PARTAGÉ,invariants communs; spécialisation métier encore limitée,source,325,14,UNCHANGED
include/elit21/terminal/panels/SystemPanel.h,76,🟡,ADAPTATEUR PARTAGÉ,invariants communs; spécialisation métier encore limitée,source,325,14,UNCHANGED
include/elit21/util/StringUtil.h,64,🟡,MINIMAL,interface ou implémentation minimale,source,559,15,UNCHANGED
include/elit21/util/TimeUtil.h,64,🟡,MINIMAL,interface ou implémentation minimale,source,243,10,UNCHANGED
include/elit21/workflow/Activity.h,76,🟡,ADAPTATEUR PARTAGÉ,invariants communs; spécialisation métier encore limitée,source,303,14,UNCHANGED
include/elit21/workflow/ActivityContext.h,76,🟡,ADAPTATEUR PARTAGÉ,invariants communs; spécialisation métier encore limitée,source,317,14,UNCHANGED
include/elit21/workflow/ActivityResult.h,76,🟡,ADAPTATEUR PARTAGÉ,invariants communs; spécialisation métier encore limitée,source,315,14,UNCHANGED
include/elit21/workflow/CompensationAction.h,76,🟡,ADAPTATEUR PARTAGÉ,invariants communs; spécialisation métier encore limitée,source,323,14,UNCHANGED
include/elit21/workflow/Saga.h,76,🟡,ADAPTATEUR PARTAGÉ,invariants communs; spécialisation métier encore limitée,source,295,14,UNCHANGED
include/elit21/workflow/SagaCoordinator.h,76,🟡,ADAPTATEUR PARTAGÉ,invariants communs; spécialisation métier encore limitée,source,317,14,UNCHANGED
include/elit21/workflow/StateMachine.h,76,🟡,ADAPTATEUR PARTAGÉ,invariants communs; spécialisation métier encore limitée,source,311,14,UNCHANGED
include/elit21/workflow/StateTransition.h,76,🟡,ADAPTATEUR PARTAGÉ,invariants communs; spécialisation métier encore limitée,source,317,14,UNCHANGED
include/elit21/workflow/Workflow.h,76,🟡,ADAPTATEUR PARTAGÉ,invariants communs; spécialisation métier encore limitée,source,303,14,UNCHANGED
include/elit21/workflow/WorkflowCheckpoint.h,76,🟡,ADAPTATEUR PARTAGÉ,invariants communs; spécialisation métier encore limitée,source,323,14,UNCHANGED
include/elit21/workflow/WorkflowContext.h,76,🟡,ADAPTATEUR PARTAGÉ,invariants communs; spécialisation métier encore limitée,source,317,14,UNCHANGED
include/elit21/workflow/WorkflowDefinition.h,76,🟡,ADAPTATEUR PARTAGÉ,invariants communs; spécialisation métier encore limitée,source,323,14,UNCHANGED
include/elit21/workflow/WorkflowEngine.h,76,🟡,ADAPTATEUR PARTAGÉ,invariants communs; spécialisation métier encore limitée,source,315,14,UNCHANGED
include/elit21/workflow/WorkflowInstance.h,76,🟡,ADAPTATEUR PARTAGÉ,invariants communs; spécialisation métier encore limitée,source,319,14,UNCHANGED
include/elit21/workflow/WorkflowRepository.h,76,🟡,ADAPTATEUR PARTAGÉ,invariants communs; spécialisation métier encore limitée,source,323,14,UNCHANGED
include/elit21/workflow/WorkflowScheduler.h,76,🟡,ADAPTATEUR PARTAGÉ,invariants communs; spécialisation métier encore limitée,source,321,14,UNCHANGED
include/elit21/workflow/WorkflowState.h,76,🟡,ADAPTATEUR PARTAGÉ,invariants communs; spécialisation métier encore limitée,source,313,14,UNCHANGED
logs/.gitkeep,100,💤,RUNTIME,dossier réservé à l’exécution,runtime,44,0,UNCHANGED
migrations/0001_initial_schema.sql,96,🗄️✅,MIGRATION,schéma ou migration transactionnelle,database,376,13,UNCHANGED
migrations/0002_credentials.sql,96,🗄️✅,MIGRATION,schéma ou migration transactionnelle,database,458,13,UNCHANGED
migrations/0003_products.sql,96,🗄️✅,MIGRATION,schéma ou migration transactionnelle,database,767,17,UNCHANGED
migrations/0004_product_variants.sql,96,🗄️✅,MIGRATION,schéma ou migration transactionnelle,database,797,19,UNCHANGED
migrations/0005_product_mappings.sql,96,🗄️✅,MIGRATION,schéma ou migration transactionnelle,database,506,14,UNCHANGED
migrations/0006_inventory.sql,96,🗄️✅,MIGRATION,schéma ou migration transactionnelle,database,516,11,UNCHANGED
migrations/0007_customers.sql,96,🗄️✅,MIGRATION,schéma ou migration transactionnelle,database,421,12,UNCHANGED
migrations/0008_orders.sql,96,🗄️✅,MIGRATION,schéma ou migration transactionnelle,database,692,19,UNCHANGED
migrations/0009_order_lines.sql,96,🗄️✅,MIGRATION,schéma ou migration transactionnelle,database,538,15,UNCHANGED
migrations/0010_supplier_orders.sql,96,🗄️✅,MIGRATION,schéma ou migration transactionnelle,database,493,13,UNCHANGED
migrations/0011_shipments.sql,96,🗄️✅,MIGRATION,schéma ou migration transactionnelle,database,522,16,UNCHANGED
migrations/0012_tracking_events.sql,96,🗄️✅,MIGRATION,schéma ou migration transactionnelle,database,357,12,UNCHANGED
migrations/0013_refunds.sql,96,🗄️✅,MIGRATION,schéma ou migration transactionnelle,database,419,12,UNCHANGED
migrations/0014_returns.sql,96,🗄️✅,MIGRATION,schéma ou migration transactionnelle,database,371,11,UNCHANGED
migrations/0015_workflows.sql,96,🗄️✅,MIGRATION,schéma ou migration transactionnelle,database,458,13,UNCHANGED
migrations/0016_tasks.sql,96,🗄️✅,MIGRATION,schéma ou migration transactionnelle,database,569,17,UNCHANGED
migrations/0017_webhooks.sql,96,🗄️✅,MIGRATION,schéma ou migration transactionnelle,database,424,14,UNCHANGED
migrations/0018_outbox.sql,96,🗄️✅,MIGRATION,schéma ou migration transactionnelle,database,389,12,UNCHANGED
migrations/0019_inbox.sql,96,🗄️✅,MIGRATION,schéma ou migration transactionnelle,database,244,9,UNCHANGED
migrations/001_initial.sql,96,🗄️✅,MIGRATION,schéma ou migration transactionnelle,database,4321,115,UNCHANGED
migrations/0020_dead_letters.sql,96,🗄️✅,MIGRATION,schéma ou migration transactionnelle,database,402,13,UNCHANGED
migrations/0021_audit_log.sql,96,🗄️✅,MIGRATION,schéma ou migration transactionnelle,database,360,13,UNCHANGED
migrations/0022_metrics.sql,96,🗄️✅,MIGRATION,schéma ou migration transactionnelle,database,156,7,UNCHANGED
migrations/0023_incidents.sql,96,🗄️✅,MIGRATION,schéma ou migration transactionnelle,database,305,12,UNCHANGED
migrations/0024_financial_ledger.sql,96,🗄️✅,MIGRATION,schéma ou migration transactionnelle,database,375,11,UNCHANGED
migrations/0025_reports.sql,96,🗄️✅,MIGRATION,schéma ou migration transactionnelle,database,257,10,UNCHANGED
migrations/0026_customer_messages.sql,96,🗄️✅,MIGRATION,schéma ou migration transactionnelle,database,443,14,UNCHANGED
migrations/0027_supplier_scores.sql,96,🗄️✅,MIGRATION,schéma ou migration transactionnelle,database,415,12,UNCHANGED
migrations/0028_product_scores.sql,96,🗄️✅,MIGRATION,schéma ou migration transactionnelle,database,452,12,UNCHANGED
migrations/0029_price_history.sql,96,🗄️✅,MIGRATION,schéma ou migration transactionnelle,database,504,12,UNCHANGED
migrations/0030_inventory_history.sql,96,🗄️✅,MIGRATION,schéma ou migration transactionnelle,database,421,10,UNCHANGED
migrations/0031_schema_version.sql,96,🗄️✅,MIGRATION,schéma ou migration transactionnelle,database,541,15,UNCHANGED
migrations/0032_task_deduplication.sql,96,🗄️✅,MIGRATION,schéma ou migration transactionnelle,database,270,6,UNCHANGED
migrations/0033_shopify_sync_state.sql,96,🗄️✅,MIGRATION,schéma ou migration transactionnelle,database,1816,52,NEW
packaging/linux/elit21-shop-manager.service,94,🛠️✅,OUTILLAGE,"construction, déploiement ou emballage",build,296,0,UNCHANGED
packaging/portable/README.md,88,📘,DOCUMENTÉ,documentation ou rapport,documentation,132,2,UNCHANGED
packaging/windows/application.rc,94,🛠️✅,OUTILLAGE,"construction, déploiement ou emballage",build,239,14,UNCHANGED
packaging/windows/installer_manifest.txt,88,📘,DOCUMENTÉ,documentation ou rapport,build,65,6,UNCHANGED
resources/carrier_mappings.json,92,⚙️✅,CONFIGURATION,configuration valide,configuration,186,9,UNCHANGED
resources/certificates/README.md,88,📘,DOCUMENTÉ,documentation ou rapport,documentation,106,2,UNCHANGED
resources/mappings/carrier_mappings.json,92,⚙️✅,CONFIGURATION,configuration valide,configuration,116,6,UNCHANGED
resources/mappings/category_mappings.json,92,⚙️✅,CONFIGURATION,configuration valide,configuration,58,4,UNCHANGED
resources/mappings/country_codes.json,92,⚙️✅,CONFIGURATION,configuration valide,configuration,21,4,UNCHANGED
resources/mappings/currency_codes.json,92,⚙️✅,CONFIGURATION,configuration valide,configuration,31,4,UNCHANGED
resources/mappings/language_codes.json,92,⚙️✅,CONFIGURATION,configuration valide,configuration,60,5,UNCHANGED
resources/mappings/province_codes.json,92,⚙️✅,CONFIGURATION,configuration valide,configuration,87,7,UNCHANGED
resources/mappings/shipping_status_mappings.json,92,⚙️✅,CONFIGURATION,configuration valide,configuration,109,6,UNCHANGED
resources/mappings/shopify_aliexpress_statuses.json,82,🔐⚙️,CONFIG À ACTIVER,identifiants réels requis,configuration,105,6,UNCHANGED
resources/messages_fr.json,92,⚙️✅,CONFIGURATION,configuration valide,configuration,334,7,UNCHANGED
resources/policies/canada_product_restrictions.json,92,⚙️✅,CONFIGURATION,configuration valide,configuration,175,13,UNCHANGED
resources/policies/pricing_policy.json,92,⚙️✅,CONFIGURATION,configuration valide,configuration,208,9,UNCHANGED
resources/policies/prohibited_keywords.json,92,⚙️✅,CONFIGURATION,configuration valide,configuration,103,10,UNCHANGED
resources/policies/refund_policy.json,92,⚙️✅,CONFIGURATION,configuration valide,configuration,94,6,UNCHANGED
resources/policies/return_policy.json,92,⚙️✅,CONFIGURATION,configuration valide,configuration,74,5,UNCHANGED
resources/policies/risk_policy.json,92,⚙️✅,CONFIGURATION,configuration valide,configuration,107,6,UNCHANGED
resources/policies/sourcing_policy.json,92,⚙️✅,CONFIGURATION,configuration valide,configuration,169,9,UNCHANGED
resources/prohibited_keywords.txt,88,📘,DOCUMENTÉ,documentation ou rapport,resources,87,9,UNCHANGED
resources/templates/customer_messages/README.md,88,📘,DOCUMENTÉ,documentation ou rapport,documentation,37,2,UNCHANGED
resources/templates/notifications/README.md,88,📘,DOCUMENTÉ,documentation ou rapport,documentation,33,2,UNCHANGED
resources/templates/product_descriptions/README.md,88,📘,DOCUMENTÉ,documentation ou rapport,documentation,40,2,UNCHANGED
resources/templates/reports/README.md,88,📘,DOCUMENTÉ,documentation ou rapport,documentation,27,2,UNCHANGED
resources/terminal/banner.txt,88,📘,DOCUMENTÉ,documentation ou rapport,resources,54,2,UNCHANGED
resources/terminal/commands.txt,88,📘,DOCUMENTÉ,documentation ou rapport,resources,133,2,UNCHANGED
resources/terminal/help.txt,88,📘,DOCUMENTÉ,documentation ou rapport,resources,134,2,UNCHANGED
scripts/build_linux.sh,94,🛠️✅,OUTILLAGE,"construction, déploiement ou emballage",build,133,6,UNCHANGED
scripts/build_msvc.ps1,94,🛠️✅,OUTILLAGE,"construction, déploiement ou emballage",build,124,5,UNCHANGED
scripts/build_msys2.sh,94,🛠️✅,OUTILLAGE,"construction, déploiement ou emballage",build,157,6,UNCHANGED
scripts/run_demo.bat,94,🛠️✅,OUTILLAGE,"construction, déploiement ou emballage",build,107,4,UNCHANGED
src/elit21/aliexpress/AliExpressClient.cpp,91,✅,IMPLÉMENTÉ,implémentation dédiée substantielle,source,18549,377,UNCHANGED
src/elit21/aliexpress/AliExpressConfig.cpp,76,🟡,ADAPTATEUR PARTAGÉ,invariants communs; spécialisation métier encore limitée,source,644,22,UNCHANGED
src/elit21/aliexpress/AliExpressEndpoints.cpp,64,🟡,MINIMAL,interface ou implémentation minimale,source,170,3,UNCHANGED
src/elit21/aliexpress/AliExpressError.cpp,76,🟡,ADAPTATEUR PARTAGÉ,invariants communs; spécialisation métier encore limitée,source,639,22,UNCHANGED
src/elit21/aliexpress/AliExpressErrorMapper.cpp,76,🟡,ADAPTATEUR PARTAGÉ,invariants communs; spécialisation métier encore limitée,source,672,22,UNCHANGED
src/elit21/aliexpress/AliExpressMethodNames.cpp,64,🟡,MINIMAL,interface ou implémentation minimale,source,1907,4,UNCHANGED
src/elit21/aliexpress/AliExpressModels.cpp,73,🟡,PARTIEL,module court mais utilisable,source,939,27,UNCHANGED
src/elit21/aliexpress/AliExpressServiceFactory.cpp,76,🟡,ADAPTATEUR PARTAGÉ,invariants communs; spécialisation métier encore limitée,source,678,22,UNCHANGED
src/elit21/aliexpress/AliExpressSession.cpp,76,🟡,ADAPTATEUR PARTAGÉ,invariants communs; spécialisation métier encore limitée,source,649,22,UNCHANGED
src/elit21/aliexpress/auth/AliExpressAuthorizationUrlBuilder.cpp,64,🟡,MINIMAL,interface ou implémentation minimale,source,526,5,UNCHANGED
src/elit21/aliexpress/auth/AliExpressOAuthClient.cpp,64,🟡,MINIMAL,interface ou implémentation minimale,source,1935,5,UNCHANGED
src/elit21/aliexpress/auth/AliExpressOAuthStateStore.cpp,64,🟡,MINIMAL,interface ou implémentation minimale,source,543,4,UNCHANGED
src/elit21/aliexpress/auth/AliExpressToken.cpp,64,🟡,MINIMAL,interface ou implémentation minimale,source,52,2,UNCHANGED
src/elit21/aliexpress/auth/AliExpressTokenManager.cpp,64,🟡,MINIMAL,interface ou implémentation minimale,source,605,3,UNCHANGED
src/elit21/aliexpress/auth/AliExpressTokenRefreshPolicy.cpp,64,🟡,MINIMAL,interface ou implémentation minimale,source,65,2,UNCHANGED
src/elit21/aliexpress/models/AliExpressCommissionOrder.cpp,64,🟡,MINIMAL,interface ou implémentation minimale,source,64,2,UNCHANGED
src/elit21/aliexpress/models/AliExpressDropshippingMember.cpp,64,🟡,MINIMAL,interface ou implémentation minimale,source,67,2,UNCHANGED
src/elit21/aliexpress/models/AliExpressFreightQuote.cpp,64,🟡,MINIMAL,interface ou implémentation minimale,source,61,2,UNCHANGED
src/elit21/aliexpress/models/AliExpressOrder.cpp,64,🟡,MINIMAL,interface ou implémentation minimale,source,54,2,UNCHANGED
src/elit21/aliexpress/models/AliExpressOrderLine.cpp,64,🟡,MINIMAL,interface ou implémentation minimale,source,58,2,UNCHANGED
src/elit21/aliexpress/models/AliExpressOrderStatus.cpp,64,🟡,MINIMAL,interface ou implémentation minimale,source,60,2,UNCHANGED
src/elit21/aliexpress/models/AliExpressProduct.cpp,64,🟡,MINIMAL,interface ou implémentation minimale,source,56,2,UNCHANGED
src/elit21/aliexpress/models/AliExpressProductDescription.cpp,64,🟡,MINIMAL,interface ou implémentation minimale,source,67,2,UNCHANGED
src/elit21/aliexpress/models/AliExpressProductImage.cpp,64,🟡,MINIMAL,interface ou implémentation minimale,source,61,2,UNCHANGED
src/elit21/aliexpress/models/AliExpressProductProperty.cpp,64,🟡,MINIMAL,interface ou implémentation minimale,source,64,2,UNCHANGED
src/elit21/aliexpress/models/AliExpressProductSku.cpp,64,🟡,MINIMAL,interface ou implémentation minimale,source,59,2,UNCHANGED
src/elit21/aliexpress/models/AliExpressSeller.cpp,64,🟡,MINIMAL,interface ou implémentation minimale,source,55,2,UNCHANGED
src/elit21/aliexpress/models/AliExpressShippingMethod.cpp,64,🟡,MINIMAL,interface ou implémentation minimale,source,63,2,UNCHANGED
src/elit21/aliexpress/models/AliExpressTrackingEvent.cpp,64,🟡,MINIMAL,interface ou implémentation minimale,source,62,2,UNCHANGED
src/elit21/aliexpress/requests/CommissionOrderListRequest.cpp,64,🟡,MINIMAL,interface ou implémentation minimale,source,346,3,UNCHANGED
src/elit21/aliexpress/requests/DsAddInfoRequest.cpp,64,🟡,MINIMAL,interface ou implémentation minimale,source,305,3,UNCHANGED
src/elit21/aliexpress/requests/DsImageSearchRequest.cpp,64,🟡,MINIMAL,interface ou implémentation minimale,source,328,3,UNCHANGED
src/elit21/aliexpress/requests/DsProductGetRequest.cpp,64,🟡,MINIMAL,interface ou implémentation minimale,source,318,3,UNCHANGED
src/elit21/aliexpress/requests/DsRecommendFeedGetRequest.cpp,64,🟡,MINIMAL,interface ou implémentation minimale,source,326,3,UNCHANGED
src/elit21/aliexpress/requests/DsTradeOrderGetRequest.cpp,64,🟡,MINIMAL,interface ou implémentation minimale,source,326,3,UNCHANGED
src/elit21/aliexpress/requests/FindProductByIdForDropshipperRequest.cpp,64,🟡,MINIMAL,interface ou implémentation minimale,source,392,3,UNCHANGED
src/elit21/aliexpress/requests/FreightCalculateRequest.cpp,64,🟡,MINIMAL,interface ou implémentation minimale,source,379,3,UNCHANGED
src/elit21/aliexpress/requests/MemberOrderDataSubmitRequest.cpp,64,🟡,MINIMAL,interface ou implémentation minimale,source,348,3,UNCHANGED
src/elit21/aliexpress/requests/PlaceOrderRequest.cpp,64,🟡,MINIMAL,interface ou implémentation minimale,source,351,3,UNCHANGED
src/elit21/aliexpress/requests/SimpleProductQueryRequest.cpp,64,🟡,MINIMAL,interface ou implémentation minimale,source,344,3,UNCHANGED
src/elit21/aliexpress/requests/TrackingInfoQueryRequest.cpp,64,🟡,MINIMAL,interface ou implémentation minimale,source,343,3,UNCHANGED
src/elit21/aliexpress/requests/TradeDsOrderGetRequest.cpp,64,🟡,MINIMAL,interface ou implémentation minimale,source,336,3,UNCHANGED
src/elit21/aliexpress/responses/CommissionOrderListResponse.cpp,76,🟡,ADAPTATEUR PARTAGÉ,invariants communs; spécialisation métier encore limitée,source,733,22,UNCHANGED
src/elit21/aliexpress/responses/DsAddInfoResponse.cpp,76,🟡,ADAPTATEUR PARTAGÉ,invariants communs; spécialisation métier encore limitée,source,683,22,UNCHANGED
src/elit21/aliexpress/responses/DsImageSearchResponse.cpp,76,🟡,ADAPTATEUR PARTAGÉ,invariants communs; spécialisation métier encore limitée,source,703,22,UNCHANGED
src/elit21/aliexpress/responses/DsProductGetResponse.cpp,76,🟡,ADAPTATEUR PARTAGÉ,invariants communs; spécialisation métier encore limitée,source,698,22,UNCHANGED
src/elit21/aliexpress/responses/DsRecommendFeedGetResponse.cpp,76,🟡,ADAPTATEUR PARTAGÉ,invariants communs; spécialisation métier encore limitée,source,728,22,UNCHANGED
src/elit21/aliexpress/responses/DsTradeOrderGetResponse.cpp,76,🟡,ADAPTATEUR PARTAGÉ,invariants communs; spécialisation métier encore limitée,source,713,22,UNCHANGED
src/elit21/aliexpress/responses/FindProductByIdForDropshipperResponse.cpp,76,🟡,ADAPTATEUR PARTAGÉ,invariants communs; spécialisation métier encore limitée,source,783,22,UNCHANGED
src/elit21/aliexpress/responses/FreightCalculateResponse.cpp,76,🟡,ADAPTATEUR PARTAGÉ,invariants communs; spécialisation métier encore limitée,source,728,22,UNCHANGED
src/elit21/aliexpress/responses/MemberOrderDataSubmitResponse.cpp,76,🟡,ADAPTATEUR PARTAGÉ,invariants communs; spécialisation métier encore limitée,source,753,22,UNCHANGED
src/elit21/aliexpress/responses/PlaceOrderResponse.cpp,76,🟡,ADAPTATEUR PARTAGÉ,invariants communs; spécialisation métier encore limitée,source,698,22,UNCHANGED
src/elit21/aliexpress/responses/SimpleProductQueryResponse.cpp,76,🟡,ADAPTATEUR PARTAGÉ,invariants communs; spécialisation métier encore limitée,source,728,22,UNCHANGED
src/elit21/aliexpress/responses/TrackingInfoQueryResponse.cpp,76,🟡,ADAPTATEUR PARTAGÉ,invariants communs; spécialisation métier encore limitée,source,723,22,UNCHANGED
src/elit21/aliexpress/responses/TradeDsOrderGetResponse.cpp,76,🟡,ADAPTATEUR PARTAGÉ,invariants communs; spécialisation métier encore limitée,source,713,22,UNCHANGED
src/elit21/aliexpress/services/AliExpressCapabilityService.cpp,76,🟡,ADAPTATEUR PARTAGÉ,invariants communs; spécialisation métier encore limitée,source,733,22,UNCHANGED
src/elit21/aliexpress/services/AliExpressCatalogService.cpp,76,🟡,ADAPTATEUR PARTAGÉ,invariants communs; spécialisation métier encore limitée,source,718,22,UNCHANGED
src/elit21/aliexpress/services/AliExpressCommissionService.cpp,76,🟡,ADAPTATEUR PARTAGÉ,invariants communs; spécialisation métier encore limitée,source,733,22,UNCHANGED
src/elit21/aliexpress/services/AliExpressFreightService.cpp,76,🟡,ADAPTATEUR PARTAGÉ,invariants communs; spécialisation métier encore limitée,source,718,22,UNCHANGED
src/elit21/aliexpress/services/AliExpressImageSearchService.cpp,76,🟡,ADAPTATEUR PARTAGÉ,invariants communs; spécialisation métier encore limitée,source,734,22,UNCHANGED
src/elit21/aliexpress/services/AliExpressMemberReportingService.cpp,76,🟡,ADAPTATEUR PARTAGÉ,invariants communs; spécialisation métier encore limitée,source,760,22,UNCHANGED
src/elit21/aliexpress/services/AliExpressOrderService.cpp,76,🟡,ADAPTATEUR PARTAGÉ,invariants communs; spécialisation métier encore limitée,source,708,22,UNCHANGED
src/elit21/aliexpress/services/AliExpressProductService.cpp,76,🟡,ADAPTATEUR PARTAGÉ,invariants communs; spécialisation métier encore limitée,source,718,22,UNCHANGED
src/elit21/aliexpress/services/AliExpressRecommendationService.cpp,76,🟡,ADAPTATEUR PARTAGÉ,invariants communs; spécialisation métier encore limitée,source,753,22,UNCHANGED
src/elit21/aliexpress/services/AliExpressSupplierAccountService.cpp,76,🟡,ADAPTATEUR PARTAGÉ,invariants communs; spécialisation métier encore limitée,source,758,22,UNCHANGED
src/elit21/aliexpress/services/AliExpressTrackingService.cpp,76,🟡,ADAPTATEUR PARTAGÉ,invariants communs; spécialisation métier encore limitée,source,723,22,UNCHANGED
src/elit21/aliexpress/transport/AliExpressApiTransport.cpp,76,🟡,ADAPTATEUR PARTAGÉ,invariants communs; spécialisation métier encore limitée,source,718,22,UNCHANGED
src/elit21/aliexpress/transport/AliExpressIopClient.cpp,76,🟡,ADAPTATEUR PARTAGÉ,invariants communs; spécialisation métier encore limitée,source,703,22,UNCHANGED
src/elit21/aliexpress/transport/AliExpressRateLimiter.cpp,76,🟡,ADAPTATEUR PARTAGÉ,invariants communs; spécialisation métier encore limitée,source,713,22,UNCHANGED
src/elit21/aliexpress/transport/AliExpressRequest.cpp,64,🟡,MINIMAL,interface ou implémentation minimale,source,844,4,UNCHANGED
src/elit21/aliexpress/transport/AliExpressTopClient.cpp,76,🟡,ADAPTATEUR PARTAGÉ,invariants communs; spécialisation métier encore limitée,source,703,22,UNCHANGED
src/elit21/aliexpress/transport/AliExpressTransportSelector.cpp,76,🟡,ADAPTATEUR PARTAGÉ,invariants communs; spécialisation métier encore limitée,source,743,22,UNCHANGED
src/elit21/aliexpress/transport/IopRequest.cpp,76,🟡,ADAPTATEUR PARTAGÉ,invariants communs; spécialisation métier encore limitée,source,658,22,UNCHANGED
src/elit21/aliexpress/transport/IopResponse.cpp,76,🟡,ADAPTATEUR PARTAGÉ,invariants communs; spécialisation métier encore limitée,source,663,22,UNCHANGED
src/elit21/aliexpress/transport/TopCommonParameters.cpp,64,🟡,MINIMAL,interface ou implémentation minimale,source,341,3,UNCHANGED
src/elit21/aliexpress/transport/TopRequest.cpp,76,🟡,ADAPTATEUR PARTAGÉ,invariants communs; spécialisation métier encore limitée,source,658,22,UNCHANGED
src/elit21/aliexpress/transport/TopRequestSigner.cpp,64,🟡,MINIMAL,interface ou implémentation minimale,source,491,4,UNCHANGED
src/elit21/aliexpress/transport/TopResponse.cpp,76,🟡,ADAPTATEUR PARTAGÉ,invariants communs; spécialisation métier encore limitée,source,663,22,UNCHANGED
src/elit21/aliexpress/transport/TopResponseParser.cpp,76,🟡,ADAPTATEUR PARTAGÉ,invariants communs; spécialisation métier encore limitée,source,696,22,UNCHANGED
src/elit21/analytics/Analytics.cpp,64,🟡,MINIMAL,interface ou implémentation minimale,source,814,3,UNCHANGED
src/elit21/analytics/AnalyticsCoordinator.cpp,76,🟡,ADAPTATEUR PARTAGÉ,invariants communs; spécialisation métier encore limitée,source,644,22,UNCHANGED
src/elit21/analytics/CatalogAnalytics.cpp,76,🟡,ADAPTATEUR PARTAGÉ,invariants communs; spécialisation métier encore limitée,source,624,22,UNCHANGED
src/elit21/analytics/ConversionAnalytics.cpp,76,🟡,ADAPTATEUR PARTAGÉ,invariants communs; spécialisation métier encore limitée,source,639,22,UNCHANGED
src/elit21/analytics/CustomerAnalytics.cpp,76,🟡,ADAPTATEUR PARTAGÉ,invariants communs; spécialisation métier encore limitée,source,629,22,UNCHANGED
src/elit21/analytics/DashboardSnapshot.cpp,76,🟡,ADAPTATEUR PARTAGÉ,invariants communs; spécialisation métier encore limitée,source,629,22,UNCHANGED
src/elit21/analytics/FulfillmentAnalytics.cpp,76,🟡,ADAPTATEUR PARTAGÉ,invariants communs; spécialisation métier encore limitée,source,644,22,UNCHANGED
src/elit21/analytics/InventoryAnalytics.cpp,76,🟡,ADAPTATEUR PARTAGÉ,invariants communs; spécialisation métier encore limitée,source,634,22,UNCHANGED
src/elit21/analytics/MarginAnalytics.cpp,76,🟡,ADAPTATEUR PARTAGÉ,invariants communs; spécialisation métier encore limitée,source,619,22,UNCHANGED
src/elit21/analytics/OrderAnalytics.cpp,76,🟡,ADAPTATEUR PARTAGÉ,invariants communs; spécialisation métier encore limitée,source,614,22,UNCHANGED
src/elit21/analytics/PerformanceIndicator.cpp,76,🟡,ADAPTATEUR PARTAGÉ,invariants communs; spécialisation métier encore limitée,source,654,22,UNCHANGED
src/elit21/analytics/ProductPerformanceAnalyzer.cpp,76,🟡,ADAPTATEUR PARTAGÉ,invariants communs; spécialisation métier encore limitée,source,674,22,UNCHANGED
src/elit21/analytics/ProfitabilityAnalytics.cpp,76,🟡,ADAPTATEUR PARTAGÉ,invariants communs; spécialisation métier encore limitée,source,654,22,UNCHANGED
src/elit21/analytics/RevenueAnalytics.cpp,76,🟡,ADAPTATEUR PARTAGÉ,invariants communs; spécialisation métier encore limitée,source,624,22,UNCHANGED
src/elit21/analytics/SalesForecastEngine.cpp,76,🟡,ADAPTATEUR PARTAGÉ,invariants communs; spécialisation métier encore limitée,source,644,22,UNCHANGED
src/elit21/analytics/ShippingAnalytics.cpp,76,🟡,ADAPTATEUR PARTAGÉ,invariants communs; spécialisation métier encore limitée,source,629,22,UNCHANGED
src/elit21/analytics/SupplierPerformanceAnalyzer.cpp,76,🟡,ADAPTATEUR PARTAGÉ,invariants communs; spécialisation métier encore limitée,source,679,22,UNCHANGED
src/elit21/app/Application.cpp,95,✅,MÉTIER AVANCÉ,logique métier dédiée: migrateDirectory,source,6398,135,MODIFIED
src/elit21/application/Application.cpp,76,🟡,ADAPTATEUR PARTAGÉ,invariants communs; spécialisation métier encore limitée,source,624,22,UNCHANGED
src/elit21/application/ApplicationBootstrap.cpp,76,🟡,ADAPTATEUR PARTAGÉ,invariants communs; spécialisation métier encore limitée,source,669,22,UNCHANGED
src/elit21/application/ApplicationContext.cpp,76,🟡,ADAPTATEUR PARTAGÉ,invariants communs; spécialisation métier encore limitée,source,659,22,UNCHANGED
src/elit21/application/ApplicationLifecycle.cpp,76,🟡,ADAPTATEUR PARTAGÉ,invariants communs; spécialisation métier encore limitée,source,669,22,UNCHANGED
src/elit21/application/ApplicationMode.cpp,76,🟡,ADAPTATEUR PARTAGÉ,invariants communs; spécialisation métier encore limitée,source,644,22,UNCHANGED
src/elit21/application/ComponentRegistry.cpp,76,🟡,ADAPTATEUR PARTAGÉ,invariants communs; spécialisation métier encore limitée,source,654,22,UNCHANGED
src/elit21/application/DependencyContainer.cpp,76,🟡,ADAPTATEUR PARTAGÉ,invariants communs; spécialisation métier encore limitée,source,664,22,UNCHANGED
src/elit21/application/RuntimeCoordinator.cpp,76,🟡,ADAPTATEUR PARTAGÉ,invariants communs; spécialisation métier encore limitée,source,654,22,UNCHANGED
src/elit21/application/RuntimeState.cpp,76,🟡,ADAPTATEUR PARTAGÉ,invariants communs; spécialisation métier encore limitée,source,629,22,UNCHANGED
src/elit21/application/ServiceRegistry.cpp,76,🟡,ADAPTATEUR PARTAGÉ,invariants communs; spécialisation métier encore limitée,source,639,22,UNCHANGED
src/elit21/application/ShutdownCoordinator.cpp,76,🟡,ADAPTATEUR PARTAGÉ,invariants communs; spécialisation métier encore limitée,source,659,22,UNCHANGED
src/elit21/application/StartupSequence.cpp,76,🟡,ADAPTATEUR PARTAGÉ,invariants communs; spécialisation métier encore limitée,source,644,22,UNCHANGED
src/elit21/application/VersionInformation.cpp,76,🟡,ADAPTATEUR PARTAGÉ,invariants communs; spécialisation métier encore limitée,source,659,22,UNCHANGED
src/elit21/automation/ApprovalGate.cpp,76,🟡,ADAPTATEUR PARTAGÉ,invariants communs; spécialisation métier encore limitée,source,615,22,UNCHANGED
src/elit21/automation/AutomationAction.cpp,76,🟡,ADAPTATEUR PARTAGÉ,invariants communs; spécialisation métier encore limitée,source,635,22,UNCHANGED
src/elit21/automation/AutomationCoordinator.cpp,76,🟡,ADAPTATEUR PARTAGÉ,invariants communs; spécialisation métier encore limitée,source,655,22,UNCHANGED
src/elit21/automation/AutomationEngine.cpp,86,🟢,FONCTIONNEL,code dédié compilable,source,2302,63,UNCHANGED
src/elit21/automation/AutomationEvent.cpp,76,🟡,ADAPTATEUR PARTAGÉ,invariants communs; spécialisation métier encore limitée,source,630,22,UNCHANGED
src/elit21/automation/AutomationRule.cpp,76,🟡,ADAPTATEUR PARTAGÉ,invariants communs; spécialisation métier encore limitée,source,625,22,UNCHANGED
src/elit21/automation/AutomationRuleEngine.cpp,76,🟡,ADAPTATEUR PARTAGÉ,invariants communs; spécialisation métier encore limitée,source,650,22,UNCHANGED
src/elit21/automation/AutomationState.cpp,76,🟡,ADAPTATEUR PARTAGÉ,invariants communs; spécialisation métier encore limitée,source,630,22,UNCHANGED
src/elit21/automation/AutomationTrigger.cpp,76,🟡,ADAPTATEUR PARTAGÉ,invariants communs; spécialisation métier encore limitée,source,640,22,UNCHANGED
src/elit21/automation/AutonomousDecision.cpp,76,🟡,ADAPTATEUR PARTAGÉ,invariants communs; spécialisation métier encore limitée,source,645,22,UNCHANGED
src/elit21/automation/AutonomousManager.cpp,76,🟡,ADAPTATEUR PARTAGÉ,invariants communs; spécialisation métier encore limitée,source,635,22,UNCHANGED
src/elit21/automation/AutonomousPolicy.cpp,76,🟡,ADAPTATEUR PARTAGÉ,invariants communs; spécialisation métier encore limitée,source,638,22,UNCHANGED
src/elit21/automation/DecisionContext.cpp,76,🟡,ADAPTATEUR PARTAGÉ,invariants communs; spécialisation métier encore limitée,source,630,22,UNCHANGED
src/elit21/automation/DecisionEngine.cpp,76,🟡,ADAPTATEUR PARTAGÉ,invariants communs; spécialisation métier encore limitée,source,620,22,UNCHANGED
src/elit21/automation/DryRunExecutor.cpp,76,🟡,ADAPTATEUR PARTAGÉ,invariants communs; spécialisation métier encore limitée,source,625,22,UNCHANGED
src/elit21/automation/EmergencyKillSwitch.cpp,76,🟡,ADAPTATEUR PARTAGÉ,invariants communs; spécialisation métier encore limitée,source,650,22,UNCHANGED
src/elit21/automation/ExceptionEscalationService.cpp,76,🟡,ADAPTATEUR PARTAGÉ,invariants communs; spécialisation métier encore limitée,source,680,22,UNCHANGED
src/elit21/automation/HumanApprovalQueue.cpp,76,🟡,ADAPTATEUR PARTAGÉ,invariants communs; spécialisation métier encore limitée,source,645,22,UNCHANGED
src/elit21/automation/PolicyEngine.cpp,76,🟡,ADAPTATEUR PARTAGÉ,invariants communs; spécialisation métier encore limitée,source,618,22,UNCHANGED
src/elit21/automation/RuleEvaluator.cpp,76,🟡,ADAPTATEUR PARTAGÉ,invariants communs; spécialisation métier encore limitée,source,620,22,UNCHANGED
src/elit21/automation/SelfHealingCoordinator.cpp,76,🟡,ADAPTATEUR PARTAGÉ,invariants communs; spécialisation métier encore limitée,source,660,22,UNCHANGED
src/elit21/automation/SelfTestManager.cpp,76,🟡,ADAPTATEUR PARTAGÉ,invariants communs; spécialisation métier encore limitée,source,625,22,UNCHANGED
src/elit21/automation/SimulationMode.cpp,76,🟡,ADAPTATEUR PARTAGÉ,invariants communs; spécialisation métier encore limitée,source,625,22,UNCHANGED
src/elit21/automation/SystemOptimizer.cpp,76,🟡,ADAPTATEUR PARTAGÉ,invariants communs; spécialisation métier encore limitée,source,630,22,UNCHANGED
src/elit21/automation/TaskOrchestrator.cpp,76,🟡,ADAPTATEUR PARTAGÉ,invariants communs; spécialisation métier encore limitée,source,630,22,UNCHANGED
src/elit21/catalog/CatalogImportCoordinator.cpp,76,🟡,ADAPTATEUR PARTAGÉ,invariants communs; spécialisation métier encore limitée,source,651,22,UNCHANGED
src/elit21/catalog/CatalogManager.cpp,91,✅,IMPLÉMENTÉ,implémentation dédiée substantielle,source,11340,249,MODIFIED
src/elit21/catalog/CatalogReconciliationService.cpp,76,🟡,ADAPTATEUR PARTAGÉ,invariants communs; spécialisation métier encore limitée,source,675,22,UNCHANGED
src/elit21/catalog/CollectionAssignmentEngine.cpp,76,🟡,ADAPTATEUR PARTAGÉ,invariants communs; spécialisation métier encore limitée,source,665,22,UNCHANGED
src/elit21/catalog/DescriptionCleaner.cpp,76,🟡,ADAPTATEUR PARTAGÉ,invariants communs; spécialisation métier encore limitée,source,630,22,UNCHANGED
src/elit21/catalog/DescriptionGenerator.cpp,76,🟡,ADAPTATEUR PARTAGÉ,invariants communs; spécialisation métier encore limitée,source,640,22,UNCHANGED
src/elit21/catalog/ImageImportPipeline.cpp,76,🟡,ADAPTATEUR PARTAGÉ,invariants communs; spécialisation métier encore limitée,source,626,22,UNCHANGED
src/elit21/catalog/ImagePolicyValidator.cpp,76,🟡,ADAPTATEUR PARTAGÉ,invariants communs; spécialisation métier encore limitée,source,643,22,UNCHANGED
src/elit21/catalog/MetafieldBuilder.cpp,76,🟡,ADAPTATEUR PARTAGÉ,invariants communs; spécialisation métier encore limitée,source,623,22,UNCHANGED
src/elit21/catalog/ProductArchiveService.cpp,76,🟡,ADAPTATEUR PARTAGÉ,invariants communs; spécialisation métier encore limitée,source,648,22,UNCHANGED
src/elit21/catalog/ProductContentNormalizer.cpp,76,🟡,ADAPTATEUR PARTAGÉ,invariants communs; spécialisation métier encore limitée,source,675,22,UNCHANGED
src/elit21/catalog/ProductCreationPlan.cpp,76,🟡,ADAPTATEUR PARTAGÉ,invariants communs; spécialisation métier encore limitée,source,635,22,UNCHANGED
src/elit21/catalog/ProductImportService.cpp,76,🟡,ADAPTATEUR PARTAGÉ,invariants communs; spécialisation métier encore limitée,source,643,22,UNCHANGED
src/elit21/catalog/ProductPublicationService.cpp,76,🟡,ADAPTATEUR PARTAGÉ,invariants communs; spécialisation métier encore limitée,source,660,22,UNCHANGED
src/elit21/catalog/ProductSeoBuilder.cpp,76,🟡,ADAPTATEUR PARTAGÉ,invariants communs; spécialisation métier encore limitée,source,640,22,UNCHANGED
src/elit21/catalog/ProductTagGenerator.cpp,76,🟡,ADAPTATEUR PARTAGÉ,invariants communs; spécialisation métier encore limitée,source,635,22,UNCHANGED
src/elit21/catalog/ProductTitleBuilder.cpp,76,🟡,ADAPTATEUR PARTAGÉ,invariants communs; spécialisation métier encore limitée,source,650,22,UNCHANGED
src/elit21/catalog/ProductTranslationService.cpp,76,🟡,ADAPTATEUR PARTAGÉ,invariants communs; spécialisation métier encore limitée,source,660,22,UNCHANGED
src/elit21/catalog/ProductUpdateService.cpp,76,🟡,ADAPTATEUR PARTAGÉ,invariants communs; spécialisation métier encore limitée,source,643,22,UNCHANGED
src/elit21/catalog/VariantBuilder.cpp,76,🟡,ADAPTATEUR PARTAGÉ,invariants communs; spécialisation métier encore limitée,source,613,22,UNCHANGED
src/elit21/catalog/VariantOptionNormalizer.cpp,76,🟡,ADAPTATEUR PARTAGÉ,invariants communs; spécialisation métier encore limitée,source,658,22,UNCHANGED
src/elit21/catalog/VendorAttributionPolicy.cpp,76,🟡,ADAPTATEUR PARTAGÉ,invariants communs; spécialisation métier encore limitée,source,658,22,UNCHANGED
src/elit21/compliance/CanadaAddressValidator.cpp,76,🟡,ADAPTATEUR PARTAGÉ,invariants communs; spécialisation métier encore limitée,source,676,22,UNCHANGED
src/elit21/compliance/CanadaCompliance.cpp,64,🟡,MINIMAL,interface ou implémentation minimale,source,1510,6,UNCHANGED
src/elit21/compliance/CanadaComplianceCoordinator.cpp,76,🟡,ADAPTATEUR PARTAGÉ,invariants communs; spécialisation métier encore limitée,source,693,22,UNCHANGED
src/elit21/compliance/CanadaPostalCodeValidator.cpp,76,🟡,ADAPTATEUR PARTAGÉ,invariants communs; spécialisation métier encore limitée,source,691,22,UNCHANGED
src/elit21/compliance/ConsumerDisclosureValidator.cpp,76,🟡,ADAPTATEUR PARTAGÉ,invariants communs; spécialisation métier encore limitée,source,701,22,UNCHANGED
src/elit21/compliance/CustomsInformationBuilder.cpp,76,🟡,ADAPTATEUR PARTAGÉ,invariants communs; spécialisation métier encore limitée,source,691,22,UNCHANGED
src/elit21/compliance/DataRetentionPolicy.cpp,76,🟡,ADAPTATEUR PARTAGÉ,invariants communs; spécialisation métier encore limitée,source,661,22,UNCHANGED
src/elit21/compliance/LanguageComplianceChecker.cpp,76,🟡,ADAPTATEUR PARTAGÉ,invariants communs; spécialisation métier encore limitée,source,691,22,UNCHANGED
src/elit21/compliance/PrivacyRequestProcessor.cpp,76,🟡,ADAPTATEUR PARTAGÉ,invariants communs; spécialisation métier encore limitée,source,669,22,UNCHANGED
src/elit21/compliance/ProductComplianceDecision.cpp,76,🟡,ADAPTATEUR PARTAGÉ,invariants communs; spécialisation métier encore limitée,source,688,22,UNCHANGED
src/elit21/compliance/ProductRestrictionDatabase.cpp,76,🟡,ADAPTATEUR PARTAGÉ,invariants communs; spécialisation métier encore limitée,source,693,22,UNCHANGED
src/elit21/compliance/ProductRestrictionScanner.cpp,76,🟡,ADAPTATEUR PARTAGÉ,invariants communs; spécialisation métier encore limitée,source,688,22,UNCHANGED
src/elit21/compliance/ProvinceResolver.cpp,76,🟡,ADAPTATEUR PARTAGÉ,invariants communs; spécialisation métier encore limitée,source,646,22,UNCHANGED
src/elit21/compliance/RegulatoryExceptionQueue.cpp,76,🟡,ADAPTATEUR PARTAGÉ,invariants communs; spécialisation métier encore limitée,source,683,22,UNCHANGED
src/elit21/compliance/TaxJurisdictionResolver.cpp,76,🟡,ADAPTATEUR PARTAGÉ,invariants communs; spécialisation métier encore limitée,source,681,22,UNCHANGED
src/elit21/concurrency/AsyncExecutor.cpp,76,🟡,ADAPTATEUR PARTAGÉ,invariants communs; spécialisation métier encore limitée,source,617,22,UNCHANGED
src/elit21/concurrency/CancellationSource.cpp,76,🟡,ADAPTATEUR PARTAGÉ,invariants communs; spécialisation métier encore limitée,source,642,22,UNCHANGED
src/elit21/concurrency/CancellationToken.cpp,76,🟡,ADAPTATEUR PARTAGÉ,invariants communs; spécialisation métier encore limitée,source,637,22,UNCHANGED
src/elit21/concurrency/ConcurrentMap.cpp,76,🟡,ADAPTATEUR PARTAGÉ,invariants communs; spécialisation métier encore limitée,source,626,22,UNCHANGED
src/elit21/concurrency/ConcurrentQueue.cpp,76,🟡,ADAPTATEUR PARTAGÉ,invariants communs; spécialisation métier encore limitée,source,636,22,UNCHANGED
src/elit21/concurrency/FutureUtils.cpp,76,🟡,ADAPTATEUR PARTAGÉ,invariants communs; spécialisation métier encore limitée,source,616,22,UNCHANGED
src/elit21/concurrency/JobHandle.cpp,76,🟡,ADAPTATEUR PARTAGÉ,invariants communs; spécialisation métier encore limitée,source,606,22,UNCHANGED
src/elit21/concurrency/ProcessLock.cpp,76,🟡,ADAPTATEUR PARTAGÉ,invariants communs; spécialisation métier encore limitée,source,607,22,UNCHANGED
src/elit21/concurrency/ReadWriteLock.cpp,76,🟡,ADAPTATEUR PARTAGÉ,invariants communs; spécialisation métier encore limitée,source,616,22,UNCHANGED
src/elit21/concurrency/Semaphore.cpp,76,🟡,ADAPTATEUR PARTAGÉ,invariants communs; spécialisation métier encore limitée,source,606,22,UNCHANGED
src/elit21/concurrency/Task.cpp,76,🟡,ADAPTATEUR PARTAGÉ,invariants communs; spécialisation métier encore limitée,source,581,22,UNCHANGED
src/elit21/concurrency/ThreadPool.cpp,76,🟡,ADAPTATEUR PARTAGÉ,invariants communs; spécialisation métier encore limitée,source,601,22,UNCHANGED
src/elit21/concurrency/ThreadSafeValue.cpp,76,🟡,ADAPTATEUR PARTAGÉ,invariants communs; spécialisation métier encore limitée,source,626,22,UNCHANGED
src/elit21/concurrency/TimedMutex.cpp,76,🟡,ADAPTATEUR PARTAGÉ,invariants communs; spécialisation métier encore limitée,source,611,22,UNCHANGED
src/elit21/concurrency/WorkerThread.cpp,76,🟡,ADAPTATEUR PARTAGÉ,invariants communs; spécialisation métier encore limitée,source,611,22,UNCHANGED
src/elit21/config/Config.cpp,91,✅,IMPLÉMENTÉ,implémentation dédiée substantielle,source,12546,239,UNCHANGED
src/elit21/configuration/ApplicationConfig.cpp,76,🟡,ADAPTATEUR PARTAGÉ,invariants communs; spécialisation métier encore limitée,source,654,22,UNCHANGED
src/elit21/configuration/AutomationConfig.cpp,76,🟡,ADAPTATEUR PARTAGÉ,invariants communs; spécialisation métier encore limitée,source,649,22,UNCHANGED
src/elit21/configuration/ConfigurationLoader.cpp,76,🟡,ADAPTATEUR PARTAGÉ,invariants communs; spécialisation métier encore limitée,source,664,22,UNCHANGED
src/elit21/configuration/ConfigurationMerger.cpp,76,🟡,ADAPTATEUR PARTAGÉ,invariants communs; spécialisation métier encore limitée,source,664,22,UNCHANGED
src/elit21/configuration/ConfigurationPaths.cpp,76,🟡,ADAPTATEUR PARTAGÉ,invariants communs; spécialisation métier encore limitée,source,659,22,UNCHANGED
src/elit21/configuration/ConfigurationSchema.cpp,76,🟡,ADAPTATEUR PARTAGÉ,invariants communs; spécialisation métier encore limitée,source,664,22,UNCHANGED
src/elit21/configuration/ConfigurationValidator.cpp,76,🟡,ADAPTATEUR PARTAGÉ,invariants communs; spécialisation métier encore limitée,source,682,22,UNCHANGED
src/elit21/configuration/ConfigurationWatcher.cpp,76,🟡,ADAPTATEUR PARTAGÉ,invariants communs; spécialisation métier encore limitée,source,669,22,UNCHANGED
src/elit21/configuration/DatabaseConfig.cpp,76,🟡,ADAPTATEUR PARTAGÉ,invariants communs; spécialisation métier encore limitée,source,639,22,UNCHANGED
src/elit21/configuration/EnvironmentLoader.cpp,76,🟡,ADAPTATEUR PARTAGÉ,invariants communs; spécialisation métier encore limitée,source,654,22,UNCHANGED
src/elit21/configuration/FeatureFlagConfig.cpp,76,🟡,ADAPTATEUR PARTAGÉ,invariants communs; spécialisation métier encore limitée,source,654,22,UNCHANGED
src/elit21/configuration/FulfillmentConfig.cpp,76,🟡,ADAPTATEUR PARTAGÉ,invariants communs; spécialisation métier encore limitée,source,654,22,UNCHANGED
src/elit21/configuration/InventoryConfig.cpp,76,🟡,ADAPTATEUR PARTAGÉ,invariants communs; spécialisation métier encore limitée,source,644,22,UNCHANGED
src/elit21/configuration/LoggingConfig.cpp,76,🟡,ADAPTATEUR PARTAGÉ,invariants communs; spécialisation métier encore limitée,source,634,22,UNCHANGED
src/elit21/configuration/NotificationConfig.cpp,76,🟡,ADAPTATEUR PARTAGÉ,invariants communs; spécialisation métier encore limitée,source,659,22,UNCHANGED
src/elit21/configuration/PricingConfig.cpp,76,🟡,ADAPTATEUR PARTAGÉ,invariants communs; spécialisation métier encore limitée,source,634,22,UNCHANGED
src/elit21/configuration/SecurityConfig.cpp,76,🟡,ADAPTATEUR PARTAGÉ,invariants communs; spécialisation métier encore limitée,source,639,22,UNCHANGED
src/elit21/configuration/SourcingConfig.cpp,76,🟡,ADAPTATEUR PARTAGÉ,invariants communs; spécialisation métier encore limitée,source,639,22,UNCHANGED
src/elit21/configuration/TerminalConfig.cpp,76,🟡,ADAPTATEUR PARTAGÉ,invariants communs; spécialisation métier encore limitée,source,639,22,UNCHANGED
src/elit21/core/AtomicCounter.cpp,76,🟡,ADAPTATEUR PARTAGÉ,invariants communs; spécialisation métier encore limitée,source,603,22,UNCHANGED
src/elit21/core/Clock.cpp,76,🟡,ADAPTATEUR PARTAGÉ,invariants communs; spécialisation métier encore limitée,source,563,22,UNCHANGED
src/elit21/core/DateTime.cpp,76,🟡,ADAPTATEUR PARTAGÉ,invariants communs; spécialisation métier encore limitée,source,578,22,UNCHANGED
src/elit21/core/Duration.cpp,76,🟡,ADAPTATEUR PARTAGÉ,invariants communs; spécialisation métier encore limitée,source,578,22,UNCHANGED
src/elit21/core/Error.cpp,76,🟡,ADAPTATEUR PARTAGÉ,invariants communs; spécialisation métier encore limitée,source,563,22,UNCHANGED
src/elit21/core/ErrorCode.cpp,76,🟡,ADAPTATEUR PARTAGÉ,invariants communs; spécialisation métier encore limitée,source,583,22,UNCHANGED
src/elit21/core/Expected.cpp,76,🟡,ADAPTATEUR PARTAGÉ,invariants communs; spécialisation métier encore limitée,source,578,22,UNCHANGED
src/elit21/core/Identifier.cpp,76,🟡,ADAPTATEUR PARTAGÉ,invariants communs; spécialisation métier encore limitée,source,588,22,UNCHANGED
src/elit21/core/NonCopyable.cpp,76,🟡,ADAPTATEUR PARTAGÉ,invariants communs; spécialisation métier encore limitée,source,593,22,UNCHANGED
src/elit21/core/Optional.cpp,76,🟡,ADAPTATEUR PARTAGÉ,invariants communs; spécialisation métier encore limitée,source,578,22,UNCHANGED
src/elit21/core/Result.cpp,64,🟡,MINIMAL,interface ou implémentation minimale,source,159,8,UNCHANGED
src/elit21/core/ScopeGuard.cpp,76,🟡,ADAPTATEUR PARTAGÉ,invariants communs; spécialisation métier encore limitée,source,591,22,UNCHANGED
src/elit21/core/Status.cpp,76,🟡,ADAPTATEUR PARTAGÉ,invariants communs; spécialisation métier encore limitée,source,568,22,UNCHANGED
src/elit21/core/Stopwatch.cpp,76,🟡,ADAPTATEUR PARTAGÉ,invariants communs; spécialisation métier encore limitée,source,583,22,UNCHANGED
src/elit21/core/StringUtils.cpp,76,🟡,ADAPTATEUR PARTAGÉ,invariants communs; spécialisation métier encore limitée,source,593,22,UNCHANGED
src/elit21/core/TimeUtils.cpp,76,🟡,ADAPTATEUR PARTAGÉ,invariants communs; spécialisation métier encore limitée,source,583,22,UNCHANGED
src/elit21/core/Timestamp.cpp,76,🟡,ADAPTATEUR PARTAGÉ,invariants communs; spécialisation métier encore limitée,source,583,22,UNCHANGED
src/elit21/core/TypeId.cpp,76,🟡,ADAPTATEUR PARTAGÉ,invariants communs; spécialisation métier encore limitée,source,568,22,UNCHANGED
src/elit21/core/Types.cpp,73,🟡,PARTIEL,module court mais utilisable,source,1272,37,UNCHANGED
src/elit21/core/Uuid.cpp,76,🟡,ADAPTATEUR PARTAGÉ,invariants communs; spécialisation métier encore limitée,source,558,22,UNCHANGED
src/elit21/core/ValidationResult.cpp,76,🟡,ADAPTATEUR PARTAGÉ,invariants communs; spécialisation métier encore limitée,source,618,22,UNCHANGED
src/elit21/customer_service/BilingualMessageBuilder.cpp,76,🟡,ADAPTATEUR PARTAGÉ,invariants communs; spécialisation métier encore limitée,source,698,22,UNCHANGED
src/elit21/customer_service/CustomerMessage.cpp,76,🟡,ADAPTATEUR PARTAGÉ,invariants communs; spécialisation métier encore limitée,source,655,22,UNCHANGED
src/elit21/customer_service/CustomerMessageDispatcher.cpp,76,🟡,ADAPTATEUR PARTAGÉ,invariants communs; spécialisation métier encore limitée,source,696,22,UNCHANGED
src/elit21/customer_service/CustomerServiceCoordinator.cpp,76,🟡,ADAPTATEUR PARTAGÉ,invariants communs; spécialisation métier encore limitée,source,705,22,UNCHANGED
src/elit21/customer_service/DelayNotificationService.cpp,76,🟡,ADAPTATEUR PARTAGÉ,invariants communs; spécialisation métier encore limitée,source,695,22,UNCHANGED
src/elit21/customer_service/DeliveryNotificationService.cpp,76,🟡,ADAPTATEUR PARTAGÉ,invariants communs; spécialisation métier encore limitée,source,710,22,UNCHANGED
src/elit21/customer_service/EmailNotificationClient.cpp,76,🟡,ADAPTATEUR PARTAGÉ,invariants communs; spécialisation métier encore limitée,source,695,22,UNCHANGED
src/elit21/customer_service/MessageTemplateEngine.cpp,76,🟡,ADAPTATEUR PARTAGÉ,invariants communs; spécialisation métier encore limitée,source,675,22,UNCHANGED
src/elit21/customer_service/OrderConfirmationService.cpp,76,🟡,ADAPTATEUR PARTAGÉ,invariants communs; spécialisation métier encore limitée,source,695,22,UNCHANGED
src/elit21/customer_service/RefundNotificationService.cpp,76,🟡,ADAPTATEUR PARTAGÉ,invariants communs; spécialisation métier encore limitée,source,706,22,UNCHANGED
src/elit21/customer_service/SupportCase.cpp,76,🟡,ADAPTATEUR PARTAGÉ,invariants communs; spécialisation métier encore limitée,source,635,22,UNCHANGED
src/elit21/customer_service/SupportCaseClassifier.cpp,76,🟡,ADAPTATEUR PARTAGÉ,invariants communs; spécialisation métier encore limitée,source,688,22,UNCHANGED
src/elit21/customer_service/SupportCaseRepository.cpp,76,🟡,ADAPTATEUR PARTAGÉ,invariants communs; spécialisation métier encore limitée,source,685,22,UNCHANGED
src/elit21/customer_service/TrackingNotificationService.cpp,76,🟡,ADAPTATEUR PARTAGÉ,invariants communs; spécialisation métier encore limitée,source,710,22,UNCHANGED
src/elit21/customers/Customer.cpp,76,🟡,ADAPTATEUR PARTAGÉ,invariants communs; spécialisation métier encore limitée,source,585,22,UNCHANGED
src/elit21/customers/CustomerAnonymizationService.cpp,76,🟡,ADAPTATEUR PARTAGÉ,invariants communs; spécialisation métier encore limitée,source,680,22,UNCHANGED
src/elit21/customers/CustomerConsentService.cpp,76,🟡,ADAPTATEUR PARTAGÉ,invariants communs; spécialisation métier encore limitée,source,650,22,UNCHANGED
src/elit21/customers/CustomerDataExporter.cpp,76,🟡,ADAPTATEUR PARTAGÉ,invariants communs; spécialisation métier encore limitée,source,649,22,UNCHANGED
src/elit21/customers/CustomerDataSynchronizer.cpp,76,🟡,ADAPTATEUR PARTAGÉ,invariants communs; spécialisation métier encore limitée,source,669,22,UNCHANGED
src/elit21/customers/CustomerDeletionService.cpp,76,🟡,ADAPTATEUR PARTAGÉ,invariants communs; spécialisation métier encore limitée,source,655,22,UNCHANGED
src/elit21/customers/CustomerIdentityResolver.cpp,76,🟡,ADAPTATEUR PARTAGÉ,invariants communs; spécialisation métier encore limitée,source,681,22,UNCHANGED
src/elit21/customers/CustomerProfileService.cpp,76,🟡,ADAPTATEUR PARTAGÉ,invariants communs; spécialisation métier encore limitée,source,650,22,UNCHANGED
src/elit21/customers/CustomerRiskProfile.cpp,76,🟡,ADAPTATEUR PARTAGÉ,invariants communs; spécialisation métier encore limitée,source,640,22,UNCHANGED
src/elit21/domain/Address.cpp,76,🟡,ADAPTATEUR PARTAGÉ,invariants communs; spécialisation métier encore limitée,source,553,22,UNCHANGED
src/elit21/domain/Amount.cpp,76,🟡,ADAPTATEUR PARTAGÉ,invariants communs; spécialisation métier encore limitée,source,557,22,UNCHANGED
src/elit21/domain/CountryCode.cpp,76,🟡,ADAPTATEUR PARTAGÉ,invariants communs; spécialisation métier encore limitée,source,582,22,UNCHANGED
src/elit21/domain/Currency.cpp,76,🟡,ADAPTATEUR PARTAGÉ,invariants communs; spécialisation métier encore limitée,source,567,22,UNCHANGED
src/elit21/domain/CustomerId.cpp,76,🟡,ADAPTATEUR PARTAGÉ,invariants communs; spécialisation métier encore limitée,source,577,22,UNCHANGED
src/elit21/domain/EmailAddress.cpp,76,🟡,ADAPTATEUR PARTAGÉ,invariants communs; spécialisation métier encore limitée,source,578,22,UNCHANGED
src/elit21/domain/LanguageCode.cpp,76,🟡,ADAPTATEUR PARTAGÉ,invariants communs; spécialisation métier encore limitée,source,587,22,UNCHANGED
src/elit21/domain/Money.cpp,76,🟡,ADAPTATEUR PARTAGÉ,invariants communs; spécialisation métier encore limitée,source,552,22,UNCHANGED
src/elit21/domain/OrderId.cpp,76,🟡,ADAPTATEUR PARTAGÉ,invariants communs; spécialisation métier encore limitée,source,562,22,UNCHANGED
src/elit21/domain/Percentage.cpp,76,🟡,ADAPTATEUR PARTAGÉ,invariants communs; spécialisation métier encore limitée,source,577,22,UNCHANGED
src/elit21/domain/PhoneNumber.cpp,76,🟡,ADAPTATEUR PARTAGÉ,invariants communs; spécialisation métier encore limitée,source,582,22,UNCHANGED
src/elit21/domain/PostalCode.cpp,76,🟡,ADAPTATEUR PARTAGÉ,invariants communs; spécialisation métier encore limitée,source,577,22,UNCHANGED
src/elit21/domain/ProductId.cpp,76,🟡,ADAPTATEUR PARTAGÉ,invariants communs; spécialisation métier encore limitée,source,572,22,UNCHANGED
src/elit21/domain/ProvinceCode.cpp,76,🟡,ADAPTATEUR PARTAGÉ,invariants communs; spécialisation métier encore limitée,source,587,22,UNCHANGED
src/elit21/domain/Quantity.cpp,76,🟡,ADAPTATEUR PARTAGÉ,invariants communs; spécialisation métier encore limitée,source,567,22,UNCHANGED
src/elit21/domain/ShipmentId.cpp,76,🟡,ADAPTATEUR PARTAGÉ,invariants communs; spécialisation métier encore limitée,source,577,22,UNCHANGED
src/elit21/domain/Sku.cpp,76,🟡,ADAPTATEUR PARTAGÉ,invariants communs; spécialisation métier encore limitée,source,542,22,UNCHANGED
src/elit21/domain/SupplierId.cpp,76,🟡,ADAPTATEUR PARTAGÉ,invariants communs; spécialisation métier encore limitée,source,577,22,UNCHANGED
src/elit21/domain/TaxRate.cpp,76,🟡,ADAPTATEUR PARTAGÉ,invariants communs; spécialisation métier encore limitée,source,562,22,UNCHANGED
src/elit21/domain/TrackingNumber.cpp,76,🟡,ADAPTATEUR PARTAGÉ,invariants communs; spécialisation métier encore limitée,source,597,22,UNCHANGED
src/elit21/domain/VariantId.cpp,76,🟡,ADAPTATEUR PARTAGÉ,invariants communs; spécialisation métier encore limitée,source,572,22,UNCHANGED
src/elit21/finance/AccountingEntry.cpp,76,🟡,ADAPTATEUR PARTAGÉ,invariants communs; spécialisation métier encore limitée,source,627,22,UNCHANGED
src/elit21/finance/AccountingExporter.cpp,76,🟡,ADAPTATEUR PARTAGÉ,invariants communs; spécialisation métier encore limitée,source,633,22,UNCHANGED
src/elit21/finance/CostOfGoodsCalculator.cpp,76,🟡,ADAPTATEUR PARTAGÉ,invariants communs; spécialisation métier encore limitée,source,660,22,UNCHANGED
src/elit21/finance/ExpenseTracker.cpp,76,🟡,ADAPTATEUR PARTAGÉ,invariants communs; spécialisation métier encore limitée,source,613,22,UNCHANGED
src/elit21/finance/FinancialLedger.cpp,76,🟡,ADAPTATEUR PARTAGÉ,invariants communs; spécialisation métier encore limitée,source,627,22,UNCHANGED
src/elit21/finance/FinancialReconciliationService.cpp,76,🟡,ADAPTATEUR PARTAGÉ,invariants communs; spécialisation métier encore limitée,source,697,22,UNCHANGED
src/elit21/finance/GrossProfitCalculator.cpp,76,🟡,ADAPTATEUR PARTAGÉ,invariants communs; spécialisation métier encore limitée,source,660,22,UNCHANGED
src/elit21/finance/NetProfitCalculator.cpp,76,🟡,ADAPTATEUR PARTAGÉ,invariants communs; spécialisation métier encore limitée,source,650,22,UNCHANGED
src/elit21/finance/OrderProfitabilityCalculator.cpp,76,🟡,ADAPTATEUR PARTAGÉ,invariants communs; spécialisation métier encore limitée,source,705,22,UNCHANGED
src/elit21/finance/PaymentFeeReconciler.cpp,76,🟡,ADAPTATEUR PARTAGÉ,invariants communs; spécialisation métier encore limitée,source,643,22,UNCHANGED
src/elit21/finance/PayoutReconciliationService.cpp,76,🟡,ADAPTATEUR PARTAGÉ,invariants communs; spécialisation métier encore limitée,source,682,22,UNCHANGED
src/elit21/finance/RevenueTracker.cpp,76,🟡,ADAPTATEUR PARTAGÉ,invariants communs; spécialisation métier encore limitée,source,622,22,UNCHANGED
src/elit21/finance/TaxReportExporter.cpp,76,🟡,ADAPTATEUR PARTAGÉ,invariants communs; spécialisation métier encore limitée,source,629,22,UNCHANGED
src/elit21/finance/TransactionRecord.cpp,76,🟡,ADAPTATEUR PARTAGÉ,invariants communs; spécialisation métier encore limitée,source,637,22,UNCHANGED
src/elit21/fulfillment/CarrierDetectionService.cpp,76,🟡,ADAPTATEUR PARTAGÉ,invariants communs; spécialisation métier encore limitée,source,680,22,UNCHANGED
src/elit21/fulfillment/DeliveryConfirmationService.cpp,76,🟡,ADAPTATEUR PARTAGÉ,invariants communs; spécialisation métier encore limitée,source,700,22,UNCHANGED
src/elit21/fulfillment/DeliveryEstimateCalculator.cpp,76,🟡,ADAPTATEUR PARTAGÉ,invariants communs; spécialisation métier encore limitée,source,703,22,UNCHANGED
src/elit21/fulfillment/FulfillmentCoordinator.cpp,76,🟡,ADAPTATEUR PARTAGÉ,invariants communs; spécialisation métier encore limitée,source,675,22,UNCHANGED
src/elit21/fulfillment/FulfillmentCreationService.cpp,76,🟡,ADAPTATEUR PARTAGÉ,invariants communs; spécialisation métier encore limitée,source,695,22,UNCHANGED
src/elit21/fulfillment/FulfillmentManager.cpp,95,✅,MÉTIER AVANCÉ,logique métier dédiée: createFulfillment,source,6239,150,UNCHANGED
src/elit21/fulfillment/FulfillmentReconciliationService.cpp,76,🟡,ADAPTATEUR PARTAGÉ,invariants communs; spécialisation métier encore limitée,source,725,22,UNCHANGED
src/elit21/fulfillment/LateShipmentDetector.cpp,76,🟡,ADAPTATEUR PARTAGÉ,invariants communs; spécialisation métier encore limitée,source,660,22,UNCHANGED
src/elit21/fulfillment/LostShipmentDetector.cpp,76,🟡,ADAPTATEUR PARTAGÉ,invariants communs; spécialisation métier encore limitée,source,660,22,UNCHANGED
src/elit21/fulfillment/PartialFulfillmentCoordinator.cpp,76,🟡,ADAPTATEUR PARTAGÉ,invariants communs; spécialisation métier encore limitée,source,710,22,UNCHANGED
src/elit21/fulfillment/Shipment.cpp,76,🟡,ADAPTATEUR PARTAGÉ,invariants communs; spécialisation métier encore limitée,source,610,22,UNCHANGED
src/elit21/fulfillment/ShipmentMonitor.cpp,76,🟡,ADAPTATEUR PARTAGÉ,invariants communs; spécialisation métier encore limitée,source,635,22,UNCHANGED
src/elit21/fulfillment/ShipmentStateMachine.cpp,76,🟡,ADAPTATEUR PARTAGÉ,invariants communs; spécialisation métier encore limitée,source,670,22,UNCHANGED
src/elit21/fulfillment/ShippingMethodSelector.cpp,76,🟡,ADAPTATEUR PARTAGÉ,invariants communs; spécialisation métier encore limitée,source,680,22,UNCHANGED
src/elit21/fulfillment/TrackingEvent.cpp,76,🟡,ADAPTATEUR PARTAGÉ,invariants communs; spécialisation métier encore limitée,source,635,22,UNCHANGED
src/elit21/fulfillment/TrackingEventNormalizer.cpp,76,🟡,ADAPTATEUR PARTAGÉ,invariants communs; spécialisation métier encore limitée,source,705,22,UNCHANGED
src/elit21/fulfillment/TrackingPollingPolicy.cpp,76,🟡,ADAPTATEUR PARTAGÉ,invariants communs; spécialisation métier encore limitée,source,695,22,UNCHANGED
src/elit21/fulfillment/TrackingSynchronizationService.cpp,76,🟡,ADAPTATEUR PARTAGÉ,invariants communs; spécialisation métier encore limitée,source,728,22,UNCHANGED
src/elit21/fulfillment/UntrackedShipmentHandler.cpp,76,🟡,ADAPTATEUR PARTAGÉ,invariants communs; spécialisation métier encore limitée,source,690,22,UNCHANGED
src/elit21/inventory/AvailabilityDecision.cpp,76,🟡,ADAPTATEUR PARTAGÉ,invariants communs; spécialisation métier encore limitée,source,660,22,UNCHANGED
src/elit21/inventory/InventoryCoordinator.cpp,76,🟡,ADAPTATEUR PARTAGÉ,invariants communs; spécialisation métier encore limitée,source,655,22,UNCHANGED
src/elit21/inventory/InventoryLevel.cpp,76,🟡,ADAPTATEUR PARTAGÉ,invariants communs; spécialisation métier encore limitée,source,630,22,UNCHANGED
src/elit21/inventory/InventoryManager.cpp,91,✅,IMPLÉMENTÉ,implémentation dédiée substantielle,source,6909,165,MODIFIED
src/elit21/inventory/InventoryPoller.cpp,76,🟡,ADAPTATEUR PARTAGÉ,invariants communs; spécialisation métier encore limitée,source,635,22,UNCHANGED
src/elit21/inventory/InventoryReconciliationService.cpp,76,🟡,ADAPTATEUR PARTAGÉ,invariants communs; spécialisation métier encore limitée,source,705,22,UNCHANGED
src/elit21/inventory/InventoryReservation.cpp,76,🟡,ADAPTATEUR PARTAGÉ,invariants communs; spécialisation métier encore limitée,source,660,22,UNCHANGED
src/elit21/inventory/InventorySafetyBuffer.cpp,76,🟡,ADAPTATEUR PARTAGÉ,invariants communs; spécialisation métier encore limitée,source,665,22,UNCHANGED
src/elit21/inventory/InventorySnapshot.cpp,76,🟡,ADAPTATEUR PARTAGÉ,invariants communs; spécialisation métier encore limitée,source,635,22,UNCHANGED
src/elit21/inventory/InventoryStalenessDetector.cpp,76,🟡,ADAPTATEUR PARTAGÉ,invariants communs; spécialisation métier encore limitée,source,680,22,UNCHANGED
src/elit21/inventory/InventorySynchronizationService.cpp,76,🟡,ADAPTATEUR PARTAGÉ,invariants communs; spécialisation métier encore limitée,source,711,22,UNCHANGED
src/elit21/inventory/OutOfStockHandler.cpp,76,🟡,ADAPTATEUR PARTAGÉ,invariants communs; spécialisation métier encore limitée,source,645,22,UNCHANGED
src/elit21/inventory/OversellPreventionGuard.cpp,76,🟡,ADAPTATEUR PARTAGÉ,invariants communs; spécialisation métier encore limitée,source,678,22,UNCHANGED
src/elit21/inventory/ProductAvailabilityService.cpp,76,🟡,ADAPTATEUR PARTAGÉ,invariants communs; spécialisation métier encore limitée,source,685,22,UNCHANGED
src/elit21/inventory/RestockDetector.cpp,76,🟡,ADAPTATEUR PARTAGÉ,invariants communs; spécialisation métier encore limitée,source,625,22,UNCHANGED
src/elit21/inventory/SafetyStockPolicy.cpp,76,🟡,ADAPTATEUR PARTAGÉ,invariants communs; spécialisation métier encore limitée,source,653,22,UNCHANGED
src/elit21/inventory/StockChangeAnalyzer.cpp,76,🟡,ADAPTATEUR PARTAGÉ,invariants communs; spécialisation métier encore limitée,source,645,22,UNCHANGED
src/elit21/inventory/StockPollingPolicy.cpp,76,🟡,ADAPTATEUR PARTAGÉ,invariants communs; spécialisation métier encore limitée,source,658,22,UNCHANGED
src/elit21/inventory/VariantAvailabilityService.cpp,76,🟡,ADAPTATEUR PARTAGÉ,invariants communs; spécialisation métier encore limitée,source,685,22,UNCHANGED
src/elit21/json/Json.cpp,86,🟢,FONCTIONNEL,code dédié compilable,source,5618,56,UNCHANGED
src/elit21/logging/Logger.cpp,73,🟡,PARTIEL,module court mais utilisable,source,1603,40,UNCHANGED
src/elit21/mapping/AddressMapper.cpp,76,🟡,ADAPTATEUR PARTAGÉ,invariants communs; spécialisation métier encore limitée,source,607,22,UNCHANGED
src/elit21/mapping/CarrierMapper.cpp,76,🟡,ADAPTATEUR PARTAGÉ,invariants communs; spécialisation métier encore limitée,source,607,22,UNCHANGED
src/elit21/mapping/CategoryMapper.cpp,76,🟡,ADAPTATEUR PARTAGÉ,invariants communs; spécialisation métier encore limitée,source,612,22,UNCHANGED
src/elit21/mapping/CollectionMapper.cpp,76,🟡,ADAPTATEUR PARTAGÉ,invariants communs; spécialisation métier encore limitée,source,622,22,UNCHANGED
src/elit21/mapping/CurrencyMapper.cpp,76,🟡,ADAPTATEUR PARTAGÉ,invariants communs; spécialisation métier encore limitée,source,612,22,UNCHANGED
src/elit21/mapping/CustomerMapper.cpp,76,🟡,ADAPTATEUR PARTAGÉ,invariants communs; spécialisation métier encore limitée,source,625,22,UNCHANGED
src/elit21/mapping/FulfillmentStatusMapper.cpp,76,🟡,ADAPTATEUR PARTAGÉ,invariants communs; spécialisation métier encore limitée,source,679,22,UNCHANGED
src/elit21/mapping/InventoryMapper.cpp,76,🟡,ADAPTATEUR PARTAGÉ,invariants communs; spécialisation métier encore limitée,source,622,22,UNCHANGED
src/elit21/mapping/LanguageMapper.cpp,76,🟡,ADAPTATEUR PARTAGÉ,invariants communs; spécialisation métier encore limitée,source,612,22,UNCHANGED
src/elit21/mapping/OrderMapper.cpp,76,🟡,ADAPTATEUR PARTAGÉ,invariants communs; spécialisation métier encore limitée,source,607,22,UNCHANGED
src/elit21/mapping/OrderStatusMapper.cpp,76,🟡,ADAPTATEUR PARTAGÉ,invariants communs; spécialisation métier encore limitée,source,637,22,UNCHANGED
src/elit21/mapping/ProductMapper.cpp,76,🟡,ADAPTATEUR PARTAGÉ,invariants communs; spécialisation métier encore limitée,source,619,22,UNCHANGED
src/elit21/mapping/ProductMapping.cpp,76,🟡,ADAPTATEUR PARTAGÉ,invariants communs; spécialisation métier encore limitée,source,609,22,UNCHANGED
src/elit21/mapping/ProductMappingService.cpp,76,🟡,ADAPTATEUR PARTAGÉ,invariants communs; spécialisation métier encore limitée,source,639,22,UNCHANGED
src/elit21/mapping/ShippingMethodMapper.cpp,76,🟡,ADAPTATEUR PARTAGÉ,invariants communs; spécialisation métier encore limitée,source,642,22,UNCHANGED
src/elit21/mapping/SkuMapper.cpp,76,🟡,ADAPTATEUR PARTAGÉ,invariants communs; spécialisation métier encore limitée,source,587,22,UNCHANGED
src/elit21/mapping/TrackingStatusMapper.cpp,76,🟡,ADAPTATEUR PARTAGÉ,invariants communs; spécialisation métier encore limitée,source,659,22,UNCHANGED
src/elit21/mapping/VariantMapper.cpp,76,🟡,ADAPTATEUR PARTAGÉ,invariants communs; spécialisation métier encore limitée,source,607,22,UNCHANGED
src/elit21/mapping/VariantMapping.cpp,76,🟡,ADAPTATEUR PARTAGÉ,invariants communs; spécialisation métier encore limitée,source,609,22,UNCHANGED
src/elit21/messaging/Command.cpp,76,🟡,ADAPTATEUR PARTAGÉ,invariants communs; spécialisation métier encore limitée,source,579,22,UNCHANGED
src/elit21/messaging/CommandBus.cpp,76,🟡,ADAPTATEUR PARTAGÉ,invariants communs; spécialisation métier encore limitée,source,594,22,UNCHANGED
src/elit21/messaging/CommandHandler.cpp,76,🟡,ADAPTATEUR PARTAGÉ,invariants communs; spécialisation métier encore limitée,source,614,22,UNCHANGED
src/elit21/messaging/DomainEvent.cpp,76,🟡,ADAPTATEUR PARTAGÉ,invariants communs; spécialisation métier encore limitée,source,599,22,UNCHANGED
src/elit21/messaging/EventBus.cpp,76,🟡,ADAPTATEUR PARTAGÉ,invariants communs; spécialisation métier encore limitée,source,584,22,UNCHANGED
src/elit21/messaging/EventEnvelope.cpp,76,🟡,ADAPTATEUR PARTAGÉ,invariants communs; spécialisation métier encore limitée,source,609,22,UNCHANGED
src/elit21/messaging/EventHandler.cpp,76,🟡,ADAPTATEUR PARTAGÉ,invariants communs; spécialisation métier encore limitée,source,604,22,UNCHANGED
src/elit21/messaging/EventSerializer.cpp,76,🟡,ADAPTATEUR PARTAGÉ,invariants communs; spécialisation métier encore limitée,source,622,22,UNCHANGED
src/elit21/messaging/Message.cpp,76,🟡,ADAPTATEUR PARTAGÉ,invariants communs; spécialisation métier encore limitée,source,579,22,UNCHANGED
src/elit21/messaging/MessageDispatcher.cpp,76,🟡,ADAPTATEUR PARTAGÉ,invariants communs; spécialisation métier encore limitée,source,620,22,UNCHANGED
src/elit21/messaging/MessageHeaders.cpp,76,🟡,ADAPTATEUR PARTAGÉ,invariants communs; spécialisation métier encore limitée,source,614,22,UNCHANGED
src/elit21/messaging/MessageRouter.cpp,76,🟡,ADAPTATEUR PARTAGÉ,invariants communs; spécialisation métier encore limitée,source,609,22,UNCHANGED
src/elit21/messaging/Query.cpp,76,🟡,ADAPTATEUR PARTAGÉ,invariants communs; spécialisation métier encore limitée,source,559,22,UNCHANGED
src/elit21/messaging/QueryBus.cpp,76,🟡,ADAPTATEUR PARTAGÉ,invariants communs; spécialisation métier encore limitée,source,574,22,UNCHANGED
src/elit21/messaging/QueryHandler.cpp,76,🟡,ADAPTATEUR PARTAGÉ,invariants communs; spécialisation métier encore limitée,source,594,22,UNCHANGED
src/elit21/net/HttpClient.cpp,91,✅,IMPLÉMENTÉ,implémentation dédiée substantielle,source,7575,201,UNCHANGED
src/elit21/net/HttpServer.cpp,91,✅,IMPLÉMENTÉ,implémentation dédiée substantielle,source,8534,246,MODIFIED
src/elit21/network/CurlGlobalContext.cpp,76,🟡,ADAPTATEUR PARTAGÉ,invariants communs; spécialisation métier encore limitée,source,627,22,UNCHANGED
src/elit21/network/FormEncoder.cpp,76,🟡,ADAPTATEUR PARTAGÉ,invariants communs; spécialisation métier encore limitée,source,597,22,UNCHANGED
src/elit21/network/HeaderCollection.cpp,76,🟡,ADAPTATEUR PARTAGÉ,invariants communs; spécialisation métier encore limitée,source,622,22,UNCHANGED
src/elit21/network/HttpClient.cpp,76,🟡,ADAPTATEUR PARTAGÉ,invariants communs; spécialisation métier encore limitée,source,592,22,UNCHANGED
src/elit21/network/HttpClientPool.cpp,76,🟡,ADAPTATEUR PARTAGÉ,invariants communs; spécialisation métier encore limitée,source,612,22,UNCHANGED
src/elit21/network/HttpMethod.cpp,76,🟡,ADAPTATEUR PARTAGÉ,invariants communs; spécialisation métier encore limitée,source,592,22,UNCHANGED
src/elit21/network/HttpRequest.cpp,76,🟡,ADAPTATEUR PARTAGÉ,invariants communs; spécialisation métier encore limitée,source,597,22,UNCHANGED
src/elit21/network/HttpResponse.cpp,76,🟡,ADAPTATEUR PARTAGÉ,invariants communs; spécialisation métier encore limitée,source,602,22,UNCHANGED
src/elit21/network/HttpServer.cpp,76,🟡,ADAPTATEUR PARTAGÉ,invariants communs; spécialisation métier encore limitée,source,592,22,UNCHANGED
src/elit21/network/HttpStatus.cpp,76,🟡,ADAPTATEUR PARTAGÉ,invariants communs; spécialisation métier encore limitée,source,592,22,UNCHANGED
src/elit21/network/JsonHttpClient.cpp,76,🟡,ADAPTATEUR PARTAGÉ,invariants communs; spécialisation métier encore limitée,source,612,22,UNCHANGED
src/elit21/network/MultipartBuilder.cpp,76,🟡,ADAPTATEUR PARTAGÉ,invariants communs; spécialisation métier encore limitée,source,625,22,UNCHANGED
src/elit21/network/NetworkDiagnostics.cpp,76,🟡,ADAPTATEUR PARTAGÉ,invariants communs; spécialisation métier encore limitée,source,632,22,UNCHANGED
src/elit21/network/NetworkError.cpp,76,🟡,ADAPTATEUR PARTAGÉ,invariants communs; spécialisation métier encore limitée,source,602,22,UNCHANGED
src/elit21/network/ProxyConfiguration.cpp,76,🟡,ADAPTATEUR PARTAGÉ,invariants communs; spécialisation métier encore limitée,source,632,22,UNCHANGED
src/elit21/network/RequestInterceptor.cpp,76,🟡,ADAPTATEUR PARTAGÉ,invariants communs; spécialisation métier encore limitée,source,632,22,UNCHANGED
src/elit21/network/ResponseInterceptor.cpp,76,🟡,ADAPTATEUR PARTAGÉ,invariants communs; spécialisation métier encore limitée,source,637,22,UNCHANGED
src/elit21/network/Route.cpp,76,🟡,ADAPTATEUR PARTAGÉ,invariants communs; spécialisation métier encore limitée,source,567,22,UNCHANGED
src/elit21/network/Router.cpp,76,🟡,ADAPTATEUR PARTAGÉ,invariants communs; spécialisation métier encore limitée,source,572,22,UNCHANGED
src/elit21/network/TlsConfiguration.cpp,76,🟡,ADAPTATEUR PARTAGÉ,invariants communs; spécialisation métier encore limitée,source,622,22,UNCHANGED
src/elit21/network/Url.cpp,76,🟡,ADAPTATEUR PARTAGÉ,invariants communs; spécialisation métier encore limitée,source,557,22,UNCHANGED
src/elit21/network/UrlBuilder.cpp,76,🟡,ADAPTATEUR PARTAGÉ,invariants communs; spécialisation métier encore limitée,source,595,22,UNCHANGED
src/elit21/network/WebhookHttpServer.cpp,76,🟡,ADAPTATEUR PARTAGÉ,invariants communs; spécialisation métier encore limitée,source,627,22,UNCHANGED
src/elit21/observability/Alert.cpp,76,🟡,ADAPTATEUR PARTAGÉ,invariants communs; spécialisation métier encore limitée,source,598,22,UNCHANGED
src/elit21/observability/AlertDispatcher.cpp,76,🟡,ADAPTATEUR PARTAGÉ,invariants communs; spécialisation métier encore limitée,source,639,22,UNCHANGED
src/elit21/observability/AuditLogger.cpp,76,🟡,ADAPTATEUR PARTAGÉ,invariants communs; spécialisation métier encore limitée,source,628,22,UNCHANGED
src/elit21/observability/ConsoleLogSink.cpp,76,🟡,ADAPTATEUR PARTAGÉ,invariants communs; spécialisation métier encore limitée,source,643,22,UNCHANGED
src/elit21/observability/CrashReporter.cpp,76,🟡,ADAPTATEUR PARTAGÉ,invariants communs; spécialisation métier encore limitée,source,638,22,UNCHANGED
src/elit21/observability/FileLogSink.cpp,76,🟡,ADAPTATEUR PARTAGÉ,invariants communs; spécialisation métier encore limitée,source,628,22,UNCHANGED
src/elit21/observability/HealthCheck.cpp,76,🟡,ADAPTATEUR PARTAGÉ,invariants communs; spécialisation métier encore limitée,source,618,22,UNCHANGED
src/elit21/observability/HealthCheckRegistry.cpp,76,🟡,ADAPTATEUR PARTAGÉ,invariants communs; spécialisation métier encore limitée,source,658,22,UNCHANGED
src/elit21/observability/HealthMonitor.cpp,76,🟡,ADAPTATEUR PARTAGÉ,invariants communs; spécialisation métier encore limitée,source,628,22,UNCHANGED
src/elit21/observability/LogEntry.cpp,76,🟡,ADAPTATEUR PARTAGÉ,invariants communs; spécialisation métier encore limitée,source,613,22,UNCHANGED
src/elit21/observability/LogLevel.cpp,76,🟡,ADAPTATEUR PARTAGÉ,invariants communs; spécialisation métier encore limitée,source,613,22,UNCHANGED
src/elit21/observability/LogSink.cpp,76,🟡,ADAPTATEUR PARTAGÉ,invariants communs; spécialisation métier encore limitée,source,608,22,UNCHANGED
src/elit21/observability/Logger.cpp,76,🟡,ADAPTATEUR PARTAGÉ,invariants communs; spécialisation métier encore limitée,source,603,22,UNCHANGED
src/elit21/observability/Metric.cpp,76,🟡,ADAPTATEUR PARTAGÉ,invariants communs; spécialisation métier encore limitée,source,603,22,UNCHANGED
src/elit21/observability/MetricRegistry.cpp,76,🟡,ADAPTATEUR PARTAGÉ,invariants communs; spécialisation métier encore limitée,source,643,22,UNCHANGED
src/elit21/observability/PerformanceProfiler.cpp,76,🟡,ADAPTATEUR PARTAGÉ,invariants communs; spécialisation métier encore limitée,source,668,22,UNCHANGED
src/elit21/observability/StructuredLogger.cpp,76,🟡,ADAPTATEUR PARTAGÉ,invariants communs; spécialisation métier encore limitée,source,653,22,UNCHANGED
src/elit21/observability/TraceContext.cpp,76,🟡,ADAPTATEUR PARTAGÉ,invariants communs; spécialisation métier encore limitée,source,633,22,UNCHANGED
src/elit21/observability/Tracer.cpp,76,🟡,ADAPTATEUR PARTAGÉ,invariants communs; spécialisation métier encore limitée,source,603,22,UNCHANGED
src/elit21/observability/UptimeMonitor.cpp,76,🟡,ADAPTATEUR PARTAGÉ,invariants communs; spécialisation métier encore limitée,source,628,22,UNCHANGED
src/elit21/orders/AddressValidationService.cpp,76,🟡,ADAPTATEUR PARTAGÉ,invariants communs; spécialisation métier encore limitée,source,658,22,UNCHANGED
src/elit21/orders/AutomaticOrderProcessor.cpp,76,🟡,ADAPTATEUR PARTAGÉ,invariants communs; spécialisation métier encore limitée,source,663,22,UNCHANGED
src/elit21/orders/CustomerOrder.cpp,76,🟡,ADAPTATEUR PARTAGÉ,invariants communs; spécialisation métier encore limitée,source,612,22,UNCHANGED
src/elit21/orders/CustomerOrderLine.cpp,76,🟡,ADAPTATEUR PARTAGÉ,invariants communs; spécialisation métier encore limitée,source,632,22,UNCHANGED
src/elit21/orders/FreightSelectionPolicy.cpp,76,🟡,ADAPTATEUR PARTAGÉ,invariants communs; spécialisation métier encore limitée,source,660,22,UNCHANGED
src/elit21/orders/OrderCancellationCoordinator.cpp,76,🟡,ADAPTATEUR PARTAGÉ,invariants communs; spécialisation métier encore limitée,source,688,22,UNCHANGED
src/elit21/orders/OrderCaptureService.cpp,76,🟡,ADAPTATEUR PARTAGÉ,invariants communs; spécialisation métier encore limitée,source,637,22,UNCHANGED
src/elit21/orders/OrderDeduplicationService.cpp,76,🟡,ADAPTATEUR PARTAGÉ,invariants communs; spécialisation métier encore limitée,source,667,22,UNCHANGED
src/elit21/orders/OrderExceptionHandler.cpp,76,🟡,ADAPTATEUR PARTAGÉ,invariants communs; spécialisation métier encore limitée,source,652,22,UNCHANGED
src/elit21/orders/OrderFraudScreen.cpp,76,🟡,ADAPTATEUR PARTAGÉ,invariants communs; spécialisation métier encore limitée,source,627,22,UNCHANGED
src/elit21/orders/OrderManager.cpp,95,✅,MÉTIER AVANCÉ,logique métier dédiée: setSyncCheckpoint,source,13874,319,MODIFIED
src/elit21/orders/OrderMappingService.cpp,76,🟡,ADAPTATEUR PARTAGÉ,invariants communs; spécialisation métier encore limitée,source,637,22,UNCHANGED
src/elit21/orders/OrderNormalizationService.cpp,76,🟡,ADAPTATEUR PARTAGÉ,invariants communs; spécialisation métier encore limitée,source,667,22,UNCHANGED
src/elit21/orders/OrderPlacementCoordinator.cpp,76,🟡,ADAPTATEUR PARTAGÉ,invariants communs; spécialisation métier encore limitée,source,673,22,UNCHANGED
src/elit21/orders/OrderPlacementSaga.cpp,76,🟡,ADAPTATEUR PARTAGÉ,invariants communs; spécialisation métier encore limitée,source,638,22,UNCHANGED
src/elit21/orders/OrderReconciliationService.cpp,76,🟡,ADAPTATEUR PARTAGÉ,invariants communs; spécialisation métier encore limitée,source,672,22,UNCHANGED
src/elit21/orders/OrderRiskDecision.cpp,76,🟡,ADAPTATEUR PARTAGÉ,invariants communs; spécialisation métier encore limitée,source,632,22,UNCHANGED
src/elit21/orders/OrderStateMachine.cpp,76,🟡,ADAPTATEUR PARTAGÉ,invariants communs; spécialisation métier encore limitée,source,632,22,UNCHANGED
src/elit21/orders/OrderValidationService.cpp,76,🟡,ADAPTATEUR PARTAGÉ,invariants communs; spécialisation métier encore limitée,source,652,22,UNCHANGED
src/elit21/orders/PartialOrderCoordinator.cpp,76,🟡,ADAPTATEUR PARTAGÉ,invariants communs; spécialisation métier encore limitée,source,657,22,UNCHANGED
src/elit21/orders/PaymentAuthorizationGate.cpp,76,🟡,ADAPTATEUR PARTAGÉ,invariants communs; spécialisation métier encore limitée,source,667,22,UNCHANGED
src/elit21/orders/ShippingAddressSanitizer.cpp,76,🟡,ADAPTATEUR PARTAGÉ,invariants communs; spécialisation métier encore limitée,source,670,22,UNCHANGED
src/elit21/orders/SplitOrderPlanner.cpp,76,🟡,ADAPTATEUR PARTAGÉ,invariants communs; spécialisation métier encore limitée,source,632,22,UNCHANGED
src/elit21/orders/SupplierOrder.cpp,76,🟡,ADAPTATEUR PARTAGÉ,invariants communs; spécialisation métier encore limitée,source,612,22,UNCHANGED
src/elit21/orders/SupplierOrderLine.cpp,76,🟡,ADAPTATEUR PARTAGÉ,invariants communs; spécialisation métier encore limitée,source,632,22,UNCHANGED
src/elit21/orders/SupplierOrderPaymentCoordinator.cpp,76,🟡,ADAPTATEUR PARTAGÉ,invariants communs; spécialisation métier encore limitée,source,697,22,UNCHANGED
src/elit21/orders/SupplierOrderStatusSynchronizer.cpp,76,🟡,ADAPTATEUR PARTAGÉ,invariants communs; spécialisation métier encore limitée,source,703,22,UNCHANGED
src/elit21/platform/BusinessComponent.cpp,76,🟡,ADAPTATEUR PARTAGÉ,invariants communs; spécialisation métier encore limitée,source,24410,401,UNCHANGED
src/elit21/platform/ManagedComponent.cpp,76,🟡,ADAPTATEUR PARTAGÉ,invariants communs; spécialisation métier encore limitée,source,4598,153,UNCHANGED
src/elit21/pricing/AliExpressCostCalculator.cpp,76,🟡,ADAPTATEUR PARTAGÉ,invariants communs; spécialisation métier encore limitée,source,680,22,UNCHANGED
src/elit21/pricing/CurrencyConversionService.cpp,76,🟡,ADAPTATEUR PARTAGÉ,invariants communs; spécialisation métier encore limitée,source,677,22,UNCHANGED
src/elit21/pricing/DutyEstimator.cpp,76,🟡,ADAPTATEUR PARTAGÉ,invariants communs; spécialisation métier encore limitée,source,625,22,UNCHANGED
src/elit21/pricing/ExchangeRateCache.cpp,76,🟡,ADAPTATEUR PARTAGÉ,invariants communs; spécialisation métier encore limitée,source,642,22,UNCHANGED
src/elit21/pricing/FeeCalculator.cpp,76,🟡,ADAPTATEUR PARTAGÉ,invariants communs; spécialisation métier encore limitée,source,625,22,UNCHANGED
src/elit21/pricing/FreightCostCalculator.cpp,76,🟡,ADAPTATEUR PARTAGÉ,invariants communs; spécialisation métier encore limitée,source,665,22,UNCHANGED
src/elit21/pricing/MarginCalculator.cpp,76,🟡,ADAPTATEUR PARTAGÉ,invariants communs; spécialisation métier encore limitée,source,659,22,UNCHANGED
src/elit21/pricing/MinimumPriceGuard.cpp,76,🟡,ADAPTATEUR PARTAGÉ,invariants communs; spécialisation métier encore limitée,source,664,22,UNCHANGED
src/elit21/pricing/PriceAnomalyDetector.cpp,76,🟡,ADAPTATEUR PARTAGÉ,invariants communs; spécialisation métier encore limitée,source,647,22,UNCHANGED
src/elit21/pricing/PriceChangeDecision.cpp,76,🟡,ADAPTATEUR PARTAGÉ,invariants communs; spécialisation métier encore limitée,source,652,22,UNCHANGED
src/elit21/pricing/PriceHistoryService.cpp,76,🟡,ADAPTATEUR PARTAGÉ,invariants communs; spécialisation métier encore limitée,source,647,22,UNCHANGED
src/elit21/pricing/PricePolicy.cpp,76,🟡,ADAPTATEUR PARTAGÉ,invariants communs; spécialisation métier encore limitée,source,634,22,UNCHANGED
src/elit21/pricing/PriceReconciliationService.cpp,76,🟡,ADAPTATEUR PARTAGÉ,invariants communs; spécialisation métier encore limitée,source,682,22,UNCHANGED
src/elit21/pricing/PriceRoundingPolicy.cpp,76,🟡,ADAPTATEUR PARTAGÉ,invariants communs; spécialisation métier encore limitée,source,674,22,UNCHANGED
src/elit21/pricing/PriceSynchronizationService.cpp,76,🟡,ADAPTATEUR PARTAGÉ,invariants communs; spécialisation métier encore limitée,source,702,22,UNCHANGED
src/elit21/pricing/PricingEngine.cpp,64,🟡,MINIMAL,interface ou implémentation minimale,source,866,4,UNCHANGED
src/elit21/pricing/PromotionalPricePlanner.cpp,76,🟡,ADAPTATEUR PARTAGÉ,invariants communs; spécialisation métier encore limitée,source,672,22,UNCHANGED
src/elit21/pricing/PsychologicalPricingPolicy.cpp,76,🟡,ADAPTATEUR PARTAGÉ,invariants communs; spécialisation métier encore limitée,source,709,22,UNCHANGED
src/elit21/pricing/RepricingCoordinator.cpp,76,🟡,ADAPTATEUR PARTAGÉ,invariants communs; spécialisation métier encore limitée,source,652,22,UNCHANGED
src/elit21/pricing/ShopifyFeeEstimator.cpp,76,🟡,ADAPTATEUR PARTAGÉ,invariants communs; spécialisation métier encore limitée,source,655,22,UNCHANGED
src/elit21/pricing/TargetMarginPolicy.cpp,76,🟡,ADAPTATEUR PARTAGÉ,invariants communs; spécialisation métier encore limitée,source,669,22,UNCHANGED
src/elit21/pricing/TaxEstimator.cpp,76,🟡,ADAPTATEUR PARTAGÉ,invariants communs; spécialisation métier encore limitée,source,620,22,UNCHANGED
src/elit21/progress/ProjectProgressAnalyzer.cpp,99,✅,MÉTIER AVANCÉ,"logique métier dédiée: productVariantsBulkCreate, bulkOperationRunQuery, ShopifyWebhookProcessor",source,12327,230,NEW
src/elit21/reports/DailyReportGenerator.cpp,76,🟡,ADAPTATEUR PARTAGÉ,invariants communs; spécialisation métier encore limitée,source,648,22,UNCHANGED
src/elit21/reports/FinancialReportGenerator.cpp,76,🟡,ADAPTATEUR PARTAGÉ,invariants communs; spécialisation métier encore limitée,source,668,22,UNCHANGED
src/elit21/reports/InventoryReportGenerator.cpp,76,🟡,ADAPTATEUR PARTAGÉ,invariants communs; spécialisation métier encore limitée,source,668,22,UNCHANGED
src/elit21/reports/MonthlyReportGenerator.cpp,76,🟡,ADAPTATEUR PARTAGÉ,invariants communs; spécialisation métier encore limitée,source,658,22,UNCHANGED
src/elit21/reports/OrderReportGenerator.cpp,76,🟡,ADAPTATEUR PARTAGÉ,invariants communs; spécialisation métier encore limitée,source,648,22,UNCHANGED
src/elit21/reports/ProductReportGenerator.cpp,76,🟡,ADAPTATEUR PARTAGÉ,invariants communs; spécialisation métier encore limitée,source,658,22,UNCHANGED
src/elit21/reports/Report.cpp,76,🟡,ADAPTATEUR PARTAGÉ,invariants communs; spécialisation métier encore limitée,source,578,22,UNCHANGED
src/elit21/reports/ReportExporter.cpp,76,🟡,ADAPTATEUR PARTAGÉ,invariants communs; spécialisation métier encore limitée,source,610,22,UNCHANGED
src/elit21/reports/ReportGenerator.cpp,64,🟡,MINIMAL,interface ou implémentation minimale,source,542,6,UNCHANGED
src/elit21/reports/ReportScheduler.cpp,76,🟡,ADAPTATEUR PARTAGÉ,invariants communs; spécialisation métier encore limitée,source,615,22,UNCHANGED
src/elit21/reports/SupplierReportGenerator.cpp,76,🟡,ADAPTATEUR PARTAGÉ,invariants communs; spécialisation métier encore limitée,source,663,22,UNCHANGED
src/elit21/reports/WeeklyReportGenerator.cpp,76,🟡,ADAPTATEUR PARTAGÉ,invariants communs; spécialisation métier encore limitée,source,653,22,UNCHANGED
src/elit21/repositories/AuditRepository.cpp,76,🟡,ADAPTATEUR PARTAGÉ,invariants communs; spécialisation métier encore limitée,source,626,22,UNCHANGED
src/elit21/repositories/ConfigurationRepository.cpp,76,🟡,ADAPTATEUR PARTAGÉ,invariants communs; spécialisation métier encore limitée,source,666,22,UNCHANGED
src/elit21/repositories/CustomerMessageRepository.cpp,76,🟡,ADAPTATEUR PARTAGÉ,invariants communs; spécialisation métier encore limitée,source,676,22,UNCHANGED
src/elit21/repositories/CustomerRepository.cpp,76,🟡,ADAPTATEUR PARTAGÉ,invariants communs; spécialisation métier encore limitée,source,641,22,UNCHANGED
src/elit21/repositories/DeadLetterRepository.cpp,76,🟡,ADAPTATEUR PARTAGÉ,invariants communs; spécialisation métier encore limitée,source,651,22,UNCHANGED
src/elit21/repositories/FinancialLedgerRepository.cpp,76,🟡,ADAPTATEUR PARTAGÉ,invariants communs; spécialisation métier encore limitée,source,676,22,UNCHANGED
src/elit21/repositories/IncidentRepository.cpp,76,🟡,ADAPTATEUR PARTAGÉ,invariants communs; spécialisation métier encore limitée,source,641,22,UNCHANGED
src/elit21/repositories/InventoryRepository.cpp,76,🟡,ADAPTATEUR PARTAGÉ,invariants communs; spécialisation métier encore limitée,source,646,22,UNCHANGED
src/elit21/repositories/MetricRepository.cpp,76,🟡,ADAPTATEUR PARTAGÉ,invariants communs; spécialisation métier encore limitée,source,631,22,UNCHANGED
src/elit21/repositories/OrderRepository.cpp,76,🟡,ADAPTATEUR PARTAGÉ,invariants communs; spécialisation métier encore limitée,source,626,22,UNCHANGED
src/elit21/repositories/OutboxRepository.cpp,76,🟡,ADAPTATEUR PARTAGÉ,invariants communs; spécialisation métier encore limitée,source,631,22,UNCHANGED
src/elit21/repositories/PriceHistoryRepository.cpp,76,🟡,ADAPTATEUR PARTAGÉ,invariants communs; spécialisation métier encore limitée,source,661,22,UNCHANGED
src/elit21/repositories/ProductMappingRepository.cpp,76,🟡,ADAPTATEUR PARTAGÉ,invariants communs; spécialisation métier encore limitée,source,671,22,UNCHANGED
src/elit21/repositories/ProductRepository.cpp,76,🟡,ADAPTATEUR PARTAGÉ,invariants communs; spécialisation métier encore limitée,source,636,22,UNCHANGED
src/elit21/repositories/RefundRepository.cpp,76,🟡,ADAPTATEUR PARTAGÉ,invariants communs; spécialisation métier encore limitée,source,632,22,UNCHANGED
src/elit21/repositories/ReturnRepository.cpp,76,🟡,ADAPTATEUR PARTAGÉ,invariants communs; spécialisation métier encore limitée,source,632,22,UNCHANGED
src/elit21/repositories/ShipmentRepository.cpp,76,🟡,ADAPTATEUR PARTAGÉ,invariants communs; spécialisation métier encore limitée,source,641,22,UNCHANGED
src/elit21/repositories/SupplierOrderRepository.cpp,76,🟡,ADAPTATEUR PARTAGÉ,invariants communs; spécialisation métier encore limitée,source,666,22,UNCHANGED
src/elit21/repositories/SupplierRepository.cpp,76,🟡,ADAPTATEUR PARTAGÉ,invariants communs; spécialisation métier encore limitée,source,641,22,UNCHANGED
src/elit21/repositories/TaskRepository.cpp,76,🟡,ADAPTATEUR PARTAGÉ,invariants communs; spécialisation métier encore limitée,source,621,22,UNCHANGED
src/elit21/repositories/TokenRepository.cpp,76,🟡,ADAPTATEUR PARTAGÉ,invariants communs; spécialisation métier encore limitée,source,626,22,UNCHANGED
src/elit21/repositories/TrackingRepository.cpp,76,🟡,ADAPTATEUR PARTAGÉ,invariants communs; spécialisation métier encore limitée,source,641,22,UNCHANGED
src/elit21/repositories/WebhookRepository.cpp,76,🟡,ADAPTATEUR PARTAGÉ,invariants communs; spécialisation métier encore limitée,source,636,22,UNCHANGED
src/elit21/repositories/WorkflowInstanceRepository.cpp,76,🟡,ADAPTATEUR PARTAGÉ,invariants communs; spécialisation métier encore limitée,source,676,22,UNCHANGED
src/elit21/resilience/BackoffPolicy.cpp,76,🟡,ADAPTATEUR PARTAGÉ,invariants communs; spécialisation métier encore limitée,source,622,22,UNCHANGED
src/elit21/resilience/Bulkhead.cpp,76,🟡,ADAPTATEUR PARTAGÉ,invariants communs; spécialisation métier encore limitée,source,594,22,UNCHANGED
src/elit21/resilience/CircuitBreaker.cpp,76,🟡,ADAPTATEUR PARTAGÉ,invariants communs; spécialisation métier encore limitée,source,624,22,UNCHANGED
src/elit21/resilience/DeadLetterQueue.cpp,76,🟡,ADAPTATEUR PARTAGÉ,invariants communs; spécialisation métier encore limitée,source,629,22,UNCHANGED
src/elit21/resilience/FailureClassifier.cpp,76,🟡,ADAPTATEUR PARTAGÉ,invariants communs; spécialisation métier encore limitée,source,642,22,UNCHANGED
src/elit21/resilience/FallbackPolicy.cpp,76,🟡,ADAPTATEUR PARTAGÉ,invariants communs; spécialisation métier encore limitée,source,627,22,UNCHANGED
src/elit21/resilience/IdempotencyGuard.cpp,76,🟡,ADAPTATEUR PARTAGÉ,invariants communs; spécialisation métier encore limitée,source,637,22,UNCHANGED
src/elit21/resilience/IdempotencyKey.cpp,76,🟡,ADAPTATEUR PARTAGÉ,invariants communs; spécialisation métier encore limitée,source,624,22,UNCHANGED
src/elit21/resilience/RateLimiter.cpp,76,🟡,ADAPTATEUR PARTAGÉ,invariants communs; spécialisation métier encore limitée,source,609,22,UNCHANGED
src/elit21/resilience/RecoveryManager.cpp,76,🟡,ADAPTATEUR PARTAGÉ,invariants communs; spécialisation métier encore limitée,source,624,22,UNCHANGED
src/elit21/resilience/RetryExecutor.cpp,76,🟡,ADAPTATEUR PARTAGÉ,invariants communs; spécialisation métier encore limitée,source,619,22,UNCHANGED
src/elit21/resilience/RetryPolicy.cpp,76,🟡,ADAPTATEUR PARTAGÉ,invariants communs; spécialisation métier encore limitée,source,612,22,UNCHANGED
src/elit21/resilience/TimeoutPolicy.cpp,76,🟡,ADAPTATEUR PARTAGÉ,invariants communs; spécialisation métier encore limitée,source,622,22,UNCHANGED
src/elit21/resilience/Watchdog.cpp,76,🟡,ADAPTATEUR PARTAGÉ,invariants communs; spécialisation métier encore limitée,source,594,22,UNCHANGED
src/elit21/returns/AliExpressDisputeAdapter.cpp,76,🟡,ADAPTATEUR PARTAGÉ,invariants communs; spécialisation métier encore limitée,source,662,22,UNCHANGED
src/elit21/returns/DisputeEvidenceBuilder.cpp,76,🟡,ADAPTATEUR PARTAGÉ,invariants communs; spécialisation métier encore limitée,source,655,22,UNCHANGED
src/elit21/returns/DisputeExceptionQueue.cpp,76,🟡,ADAPTATEUR PARTAGÉ,invariants communs; spécialisation métier encore limitée,source,647,22,UNCHANGED
src/elit21/returns/RefundCalculator.cpp,76,🟡,ADAPTATEUR PARTAGÉ,invariants communs; spécialisation métier encore limitée,source,635,22,UNCHANGED
src/elit21/returns/RefundCoordinator.cpp,76,🟡,ADAPTATEUR PARTAGÉ,invariants communs; spécialisation métier encore limitée,source,628,22,UNCHANGED
src/elit21/returns/RefundDecision.cpp,76,🟡,ADAPTATEUR PARTAGÉ,invariants communs; spécialisation métier encore limitée,source,613,22,UNCHANGED
src/elit21/returns/RefundPolicy.cpp,76,🟡,ADAPTATEUR PARTAGÉ,invariants communs; spécialisation métier encore limitée,source,615,22,UNCHANGED
src/elit21/returns/ReturnEligibilityChecker.cpp,76,🟡,ADAPTATEUR PARTAGÉ,invariants communs; spécialisation métier encore limitée,source,675,22,UNCHANGED
src/elit21/returns/ReturnRequest.cpp,76,🟡,ADAPTATEUR PARTAGÉ,invariants communs; spécialisation métier encore limitée,source,608,22,UNCHANGED
src/elit21/returns/ReturnRequestProcessor.cpp,76,🟡,ADAPTATEUR PARTAGÉ,invariants communs; spécialisation métier encore limitée,source,653,22,UNCHANGED
src/elit21/returns/ReturnStateMachine.cpp,76,🟡,ADAPTATEUR PARTAGÉ,invariants communs; spécialisation métier encore limitée,source,633,22,UNCHANGED
src/elit21/returns/ShopifyRefundExecutor.cpp,76,🟡,ADAPTATEUR PARTAGÉ,invariants communs; spécialisation métier encore limitée,source,648,22,UNCHANGED
src/elit21/risk/AnomalyDetector.cpp,76,🟡,ADAPTATEUR PARTAGÉ,invariants communs; spécialisation métier encore limitée,source,594,22,UNCHANGED
src/elit21/risk/FraudIndicator.cpp,76,🟡,ADAPTATEUR PARTAGÉ,invariants communs; spécialisation métier encore limitée,source,599,22,UNCHANGED
src/elit21/risk/FraudRiskEngine.cpp,76,🟡,ADAPTATEUR PARTAGÉ,invariants communs; spécialisation métier encore limitée,source,599,22,UNCHANGED
src/elit21/risk/HighRiskOrderGuard.cpp,76,🟡,ADAPTATEUR PARTAGÉ,invariants communs; spécialisation métier encore limitée,source,632,22,UNCHANGED
src/elit21/risk/LossPreventionPolicy.cpp,76,🟡,ADAPTATEUR PARTAGÉ,invariants communs; spécialisation métier encore limitée,source,632,22,UNCHANGED
src/elit21/risk/RiskDecision.cpp,76,🟡,ADAPTATEUR PARTAGÉ,invariants communs; spécialisation métier encore limitée,source,589,22,UNCHANGED
src/elit21/risk/RiskEngine.cpp,64,🟡,MINIMAL,interface ou implémentation minimale,source,1080,3,UNCHANGED
src/elit21/risk/RiskRule.cpp,76,🟡,ADAPTATEUR PARTAGÉ,invariants communs; spécialisation métier encore limitée,source,569,22,UNCHANGED
src/elit21/risk/RiskRuleEngine.cpp,76,🟡,ADAPTATEUR PARTAGÉ,invariants communs; spécialisation métier encore limitée,source,594,22,UNCHANGED
src/elit21/risk/SupplierRiskMonitor.cpp,76,🟡,ADAPTATEUR PARTAGÉ,invariants communs; spécialisation métier encore limitée,source,614,22,UNCHANGED
src/elit21/risk/TransactionRiskAnalyzer.cpp,76,🟡,ADAPTATEUR PARTAGÉ,invariants communs; spécialisation métier encore limitée,source,634,22,UNCHANGED
src/elit21/scheduler/CronExpression.cpp,76,🟡,ADAPTATEUR PARTAGÉ,invariants communs; spécialisation métier encore limitée,source,621,22,UNCHANGED
src/elit21/scheduler/Job.cpp,76,🟡,ADAPTATEUR PARTAGÉ,invariants communs; spécialisation métier encore limitée,source,566,22,UNCHANGED
src/elit21/scheduler/JobContext.cpp,76,🟡,ADAPTATEUR PARTAGÉ,invariants communs; spécialisation métier encore limitée,source,601,22,UNCHANGED
src/elit21/scheduler/JobDefinition.cpp,76,🟡,ADAPTATEUR PARTAGÉ,invariants communs; spécialisation métier encore limitée,source,616,22,UNCHANGED
src/elit21/scheduler/JobRegistry.cpp,76,🟡,ADAPTATEUR PARTAGÉ,invariants communs; spécialisation métier encore limitée,source,606,22,UNCHANGED
src/elit21/scheduler/JobRepository.cpp,76,🟡,ADAPTATEUR PARTAGÉ,invariants communs; spécialisation métier encore limitée,source,616,22,UNCHANGED
src/elit21/scheduler/JobScheduler.cpp,76,🟡,ADAPTATEUR PARTAGÉ,invariants communs; spécialisation métier encore limitée,source,602,22,UNCHANGED
src/elit21/scheduler/JobStatus.cpp,76,🟡,ADAPTATEUR PARTAGÉ,invariants communs; spécialisation métier encore limitée,source,596,22,UNCHANGED
src/elit21/scheduler/RecurringJob.cpp,76,🟡,ADAPTATEUR PARTAGÉ,invariants communs; spécialisation métier encore limitée,source,611,22,UNCHANGED
src/elit21/scheduler/ScheduledJob.cpp,76,🟡,ADAPTATEUR PARTAGÉ,invariants communs; spécialisation métier encore limitée,source,602,22,UNCHANGED
src/elit21/scheduler/SchedulerClock.cpp,76,🟡,ADAPTATEUR PARTAGÉ,invariants communs; spécialisation métier encore limitée,source,612,22,UNCHANGED
src/elit21/security/AccessToken.cpp,76,🟡,ADAPTATEUR PARTAGÉ,invariants communs; spécialisation métier encore limitée,source,603,22,UNCHANGED
src/elit21/security/ApiCredential.cpp,76,🟡,ADAPTATEUR PARTAGÉ,invariants communs; spécialisation métier encore limitée,source,613,22,UNCHANGED
src/elit21/security/AuditChain.cpp,76,🟡,ADAPTATEUR PARTAGÉ,invariants communs; spécialisation métier encore limitée,source,598,22,UNCHANGED
src/elit21/security/Base64.cpp,76,🟡,ADAPTATEUR PARTAGÉ,invariants communs; spécialisation métier encore limitée,source,578,22,UNCHANGED
src/elit21/security/CertificateStore.cpp,76,🟡,ADAPTATEUR PARTAGÉ,invariants communs; spécialisation métier encore limitée,source,628,22,UNCHANGED
src/elit21/security/ConstantTimeCompare.cpp,76,🟡,ADAPTATEUR PARTAGÉ,invariants communs; spécialisation métier encore limitée,source,643,22,UNCHANGED
src/elit21/security/CredentialManager.cpp,76,🟡,ADAPTATEUR PARTAGÉ,invariants communs; spécialisation métier encore limitée,source,628,22,UNCHANGED
src/elit21/security/Crypto.cpp,95,✅,MÉTIER AVANCÉ,logique métier dédiée: HMAC,source,2054,15,UNCHANGED
src/elit21/security/DataEncryptor.cpp,95,✅,MÉTIER AVANCÉ,logique métier dédiée: EVP_aes_256_gcm,source,8244,165,UNCHANGED
src/elit21/security/DataRedactor.cpp,76,🟡,ADAPTATEUR PARTAGÉ,invariants communs; spécialisation métier encore limitée,source,1162,8,UNCHANGED
src/elit21/security/HmacSigner.cpp,76,🟡,ADAPTATEUR PARTAGÉ,invariants communs; spécialisation métier encore limitée,source,598,22,UNCHANGED
src/elit21/security/KeyDerivation.cpp,76,🟡,ADAPTATEUR PARTAGÉ,invariants communs; spécialisation métier encore limitée,source,613,22,UNCHANGED
src/elit21/security/KeyRotationManager.cpp,76,🟡,ADAPTATEUR PARTAGÉ,invariants communs; spécialisation métier encore limitée,source,633,22,UNCHANGED
src/elit21/security/Md5Digest.cpp,76,🟡,ADAPTATEUR PARTAGÉ,invariants communs; spécialisation métier encore limitée,source,593,22,UNCHANGED
src/elit21/security/RandomGenerator.cpp,76,🟡,ADAPTATEUR PARTAGÉ,invariants communs; spécialisation métier encore limitée,source,623,22,UNCHANGED
src/elit21/security/Secret.cpp,76,🟡,ADAPTATEUR PARTAGÉ,invariants communs; spécialisation métier encore limitée,source,578,22,UNCHANGED
src/elit21/security/SecretStore.cpp,76,🟡,ADAPTATEUR PARTAGÉ,invariants communs; spécialisation métier encore limitée,source,603,22,UNCHANGED
src/elit21/security/SecureBuffer.cpp,76,🟡,ADAPTATEUR PARTAGÉ,invariants communs; spécialisation métier encore limitée,source,608,22,UNCHANGED
src/elit21/security/Sha256Digest.cpp,76,🟡,ADAPTATEUR PARTAGÉ,invariants communs; spécialisation métier encore limitée,source,608,22,UNCHANGED
src/elit21/security/SignatureVerifier.cpp,76,🟡,ADAPTATEUR PARTAGÉ,invariants communs; spécialisation métier encore limitée,source,633,22,UNCHANGED
src/elit21/security/TokenVault.cpp,76,🟡,ADAPTATEUR PARTAGÉ,invariants communs; spécialisation métier encore limitée,source,598,22,UNCHANGED
src/elit21/security/WebhookReplayGuard.cpp,76,🟡,ADAPTATEUR PARTAGÉ,invariants communs; spécialisation métier encore limitée,source,648,22,UNCHANGED
src/elit21/serialization/CsvReader.cpp,76,🟡,ADAPTATEUR PARTAGÉ,invariants communs; spécialisation métier encore limitée,source,597,22,UNCHANGED
src/elit21/serialization/CsvWriter.cpp,76,🟡,ADAPTATEUR PARTAGÉ,invariants communs; spécialisation métier encore limitée,source,598,22,UNCHANGED
src/elit21/serialization/JsonDeserializer.cpp,76,🟡,ADAPTATEUR PARTAGÉ,invariants communs; spécialisation métier encore limitée,source,645,22,UNCHANGED
src/elit21/serialization/JsonDocument.cpp,76,🟡,ADAPTATEUR PARTAGÉ,invariants communs; spécialisation métier encore limitée,source,622,22,UNCHANGED
src/elit21/serialization/JsonSerializer.cpp,76,🟡,ADAPTATEUR PARTAGÉ,invariants communs; spécialisation métier encore limitée,source,635,22,UNCHANGED
src/elit21/serialization/JsonValue.cpp,76,🟡,ADAPTATEUR PARTAGÉ,invariants communs; spécialisation métier encore limitée,source,607,22,UNCHANGED
src/elit21/serialization/ModelSerializer.cpp,76,🟡,ADAPTATEUR PARTAGÉ,invariants communs; spécialisation métier encore limitée,source,640,22,UNCHANGED
src/elit21/serialization/QueryStringSerializer.cpp,76,🟡,ADAPTATEUR PARTAGÉ,invariants communs; spécialisation métier encore limitée,source,670,22,UNCHANGED
src/elit21/shopify/ShopifyApiVersion.cpp,64,🟡,MINIMAL,interface ou implémentation minimale,shopify,654,9,UNCHANGED
src/elit21/shopify/ShopifyClient.cpp,99,✅,MÉTIER AVANCÉ,"logique métier dédiée: productVariantsBulkCreate, productVariantsBulkUpdate, inventorySetQuantities",shopify,33808,692,MODIFIED
src/elit21/shopify/ShopifyConfig.cpp,76,🟡,ADAPTATEUR PARTAGÉ,invariants communs; spécialisation métier encore limitée,shopify,619,22,UNCHANGED
src/elit21/shopify/ShopifyEndpoints.cpp,64,🟡,MINIMAL,interface ou implémentation minimale,shopify,1002,10,UNCHANGED
src/elit21/shopify/ShopifyError.cpp,76,🟡,ADAPTATEUR PARTAGÉ,invariants communs; spécialisation métier encore limitée,shopify,614,22,UNCHANGED
src/elit21/shopify/ShopifyErrorMapper.cpp,76,🟡,ADAPTATEUR PARTAGÉ,invariants communs; spécialisation métier encore limitée,shopify,647,22,UNCHANGED
src/elit21/shopify/ShopifyModels.cpp,86,🟢,FONCTIONNEL,code dédié compilable,shopify,2046,61,MODIFIED
src/elit21/shopify/ShopifyRateLimitState.cpp,76,🟡,ADAPTATEUR PARTAGÉ,invariants communs; spécialisation métier encore limitée,shopify,659,22,UNCHANGED
src/elit21/shopify/ShopifyScopes.cpp,64,🟡,MINIMAL,interface ou implémentation minimale,shopify,906,11,UNCHANGED
src/elit21/shopify/ShopifyServiceFactory.cpp,81,🟢,ADAPTATEUR PARTAGÉ,invariants communs; spécialisation métier encore limitée,shopify,653,22,UNCHANGED
src/elit21/shopify/ShopifyWebhook.cpp,91,✅,IMPLÉMENTÉ,implémentation dédiée substantielle,shopify,6775,140,UNCHANGED
src/elit21/shopify/ShopifyWebhookProcessor.cpp,97,✅,MÉTIER AVANCÉ,"logique métier dédiée: ShopifyWebhookProcessor, enqueueUniqueTask, HMAC",shopify,5907,122,NEW
src/elit21/shopify/ShopifyWebhookRegistry.cpp,89,🟢,FONCTIONNEL,code dédié compilable,shopify,3232,88,NEW
src/elit21/shopify/auth/ShopifyAuthorizationUrlBuilder.cpp,64,🟡,MINIMAL,interface ou implémentation minimale,shopify,525,5,UNCHANGED
src/elit21/shopify/auth/ShopifyOAuthClient.cpp,69,🟡,MINIMAL,interface ou implémentation minimale,shopify,1144,5,UNCHANGED
src/elit21/shopify/auth/ShopifyOAuthStateStore.cpp,64,🟡,MINIMAL,interface ou implémentation minimale,shopify,728,4,UNCHANGED
src/elit21/shopify/auth/ShopifyTokenManager.cpp,64,🟡,MINIMAL,interface ou implémentation minimale,shopify,468,3,UNCHANGED
src/elit21/shopify/auth/ShopifyTokenRefreshPolicy.cpp,64,🟡,MINIMAL,interface ou implémentation minimale,shopify,59,2,UNCHANGED
src/elit21/shopify/bulk/BulkDownloadManager.cpp,81,🟢,ADAPTATEUR PARTAGÉ,invariants communs; spécialisation métier encore limitée,shopify,667,22,UNCHANGED
src/elit21/shopify/bulk/BulkInventorySynchronizer.cpp,81,🟢,ADAPTATEUR PARTAGÉ,invariants communs; spécialisation métier encore limitée,shopify,698,22,UNCHANGED
src/elit21/shopify/bulk/BulkJsonlParser.cpp,81,🟢,ADAPTATEUR PARTAGÉ,invariants communs; spécialisation métier encore limitée,shopify,656,22,UNCHANGED
src/elit21/shopify/bulk/BulkOperationMonitor.cpp,81,🟢,ADAPTATEUR PARTAGÉ,invariants communs; spécialisation métier encore limitée,shopify,668,22,UNCHANGED
src/elit21/shopify/bulk/BulkOrderExporter.cpp,81,🟢,ADAPTATEUR PARTAGÉ,invariants communs; spécialisation métier encore limitée,shopify,663,22,UNCHANGED
src/elit21/shopify/bulk/BulkProductExporter.cpp,81,🟢,ADAPTATEUR PARTAGÉ,invariants communs; spécialisation métier encore limitée,shopify,675,22,UNCHANGED
src/elit21/shopify/bulk/BulkProductImporter.cpp,81,🟢,ADAPTATEUR PARTAGÉ,invariants communs; spécialisation métier encore limitée,shopify,675,22,UNCHANGED
src/elit21/shopify/bulk/BulkUploadManager.cpp,81,🟢,ADAPTATEUR PARTAGÉ,invariants communs; spécialisation métier encore limitée,shopify,657,22,UNCHANGED
src/elit21/shopify/bulk/StagedUploadManager.cpp,76,🟡,ADAPTATEUR PARTAGÉ,invariants communs; spécialisation métier encore limitée,shopify,667,22,UNCHANGED
src/elit21/shopify/graphql/GraphqlDocument.cpp,64,🟡,MINIMAL,interface ou implémentation minimale,shopify,910,8,UNCHANGED
src/elit21/shopify/graphql/GraphqlError.cpp,64,🟡,MINIMAL,interface ou implémentation minimale,shopify,49,2,UNCHANGED
src/elit21/shopify/graphql/GraphqlOperation.cpp,76,🟡,ADAPTATEUR PARTAGÉ,invariants communs; spécialisation métier encore limitée,shopify,670,22,UNCHANGED
src/elit21/shopify/graphql/GraphqlRequest.cpp,64,🟡,MINIMAL,interface ou implémentation minimale,shopify,379,6,UNCHANGED
src/elit21/shopify/graphql/GraphqlResponse.cpp,64,🟡,MINIMAL,interface ou implémentation minimale,shopify,958,7,UNCHANGED
src/elit21/shopify/graphql/GraphqlTransport.cpp,91,✅,IMPLÉMENTÉ,implémentation dédiée substantielle,shopify,7235,184,MODIFIED
src/elit21/shopify/graphql/ShopifyCostThrottler.cpp,64,🟡,MINIMAL,interface ou implémentation minimale,shopify,789,9,UNCHANGED
src/elit21/shopify/graphql/ShopifyGraphqlClient.cpp,69,🟡,MINIMAL,interface ou implémentation minimale,shopify,383,3,UNCHANGED
src/elit21/shopify/graphql/ShopifyGraphqlPaginator.cpp,64,🟡,MINIMAL,interface ou implémentation minimale,shopify,259,3,UNCHANGED
src/elit21/shopify/graphql/ShopifyQueryBuilder.cpp,64,🟡,MINIMAL,interface ou implémentation minimale,shopify,655,8,UNCHANGED
src/elit21/shopify/graphql/ShopifyUserErrorParser.cpp,64,🟡,MINIMAL,interface ou implémentation minimale,shopify,781,7,UNCHANGED
src/elit21/shopify/models/ShopifyBulkOperation.cpp,81,🟢,ADAPTATEUR PARTAGÉ,invariants communs; spécialisation métier encore limitée,shopify,686,22,UNCHANGED
src/elit21/shopify/models/ShopifyCollection.cpp,76,🟡,ADAPTATEUR PARTAGÉ,invariants communs; spécialisation métier encore limitée,shopify,671,22,UNCHANGED
src/elit21/shopify/models/ShopifyCustomer.cpp,76,🟡,ADAPTATEUR PARTAGÉ,invariants communs; spécialisation métier encore limitée,shopify,661,22,UNCHANGED
src/elit21/shopify/models/ShopifyDiscount.cpp,76,🟡,ADAPTATEUR PARTAGÉ,invariants communs; spécialisation métier encore limitée,shopify,661,22,UNCHANGED
src/elit21/shopify/models/ShopifyFulfillment.cpp,76,🟡,ADAPTATEUR PARTAGÉ,invariants communs; spécialisation métier encore limitée,shopify,676,22,UNCHANGED
src/elit21/shopify/models/ShopifyFulfillmentOrder.cpp,76,🟡,ADAPTATEUR PARTAGÉ,invariants communs; spécialisation métier encore limitée,shopify,701,22,UNCHANGED
src/elit21/shopify/models/ShopifyInventoryItem.cpp,76,🟡,ADAPTATEUR PARTAGÉ,invariants communs; spécialisation métier encore limitée,shopify,686,22,UNCHANGED
src/elit21/shopify/models/ShopifyInventoryLevel.cpp,76,🟡,ADAPTATEUR PARTAGÉ,invariants communs; spécialisation métier encore limitée,shopify,691,22,UNCHANGED
src/elit21/shopify/models/ShopifyLocation.cpp,76,🟡,ADAPTATEUR PARTAGÉ,invariants communs; spécialisation métier encore limitée,shopify,661,22,UNCHANGED
src/elit21/shopify/models/ShopifyMarket.cpp,76,🟡,ADAPTATEUR PARTAGÉ,invariants communs; spécialisation métier encore limitée,shopify,651,22,UNCHANGED
src/elit21/shopify/models/ShopifyMedia.cpp,76,🟡,ADAPTATEUR PARTAGÉ,invariants communs; spécialisation métier encore limitée,shopify,646,22,UNCHANGED
src/elit21/shopify/models/ShopifyMetafield.cpp,76,🟡,ADAPTATEUR PARTAGÉ,invariants communs; spécialisation métier encore limitée,shopify,666,22,UNCHANGED
src/elit21/shopify/models/ShopifyMetaobject.cpp,76,🟡,ADAPTATEUR PARTAGÉ,invariants communs; spécialisation métier encore limitée,shopify,671,22,UNCHANGED
src/elit21/shopify/models/ShopifyOrder.cpp,76,🟡,ADAPTATEUR PARTAGÉ,invariants communs; spécialisation métier encore limitée,shopify,646,22,UNCHANGED
src/elit21/shopify/models/ShopifyOrderLine.cpp,76,🟡,ADAPTATEUR PARTAGÉ,invariants communs; spécialisation métier encore limitée,shopify,666,22,UNCHANGED
src/elit21/shopify/models/ShopifyProduct.cpp,76,🟡,ADAPTATEUR PARTAGÉ,invariants communs; spécialisation métier encore limitée,shopify,656,22,UNCHANGED
src/elit21/shopify/models/ShopifyProductVariant.cpp,76,🟡,ADAPTATEUR PARTAGÉ,invariants communs; spécialisation métier encore limitée,shopify,691,22,UNCHANGED
src/elit21/shopify/models/ShopifyPublication.cpp,76,🟡,ADAPTATEUR PARTAGÉ,invariants communs; spécialisation métier encore limitée,shopify,676,22,UNCHANGED
src/elit21/shopify/models/ShopifyRefund.cpp,76,🟡,ADAPTATEUR PARTAGÉ,invariants communs; spécialisation métier encore limitée,shopify,651,22,UNCHANGED
src/elit21/shopify/models/ShopifyReturn.cpp,76,🟡,ADAPTATEUR PARTAGÉ,invariants communs; spécialisation métier encore limitée,shopify,651,22,UNCHANGED
src/elit21/shopify/models/ShopifyShop.cpp,76,🟡,ADAPTATEUR PARTAGÉ,invariants communs; spécialisation métier encore limitée,shopify,641,22,UNCHANGED
src/elit21/shopify/models/ShopifyTrackingInfo.cpp,76,🟡,ADAPTATEUR PARTAGÉ,invariants communs; spécialisation métier encore limitée,shopify,681,22,UNCHANGED
src/elit21/shopify/models/ShopifyTransaction.cpp,76,🟡,ADAPTATEUR PARTAGÉ,invariants communs; spécialisation métier encore limitée,shopify,676,22,UNCHANGED
src/elit21/shopify/models/ShopifyWebhookSubscription.cpp,81,🟢,ADAPTATEUR PARTAGÉ,invariants communs; spécialisation métier encore limitée,shopify,716,22,UNCHANGED
src/elit21/shopify/mutations/BulkOperationMutations.cpp,95,✅,MÉTIER AVANCÉ,logique métier dédiée: bulkOperationRunQuery,shopify,374,3,UNCHANGED
src/elit21/shopify/mutations/CollectionMutations.cpp,69,🟡,MINIMAL,interface ou implémentation minimale,shopify,352,3,UNCHANGED
src/elit21/shopify/mutations/CustomerMutations.cpp,69,🟡,MINIMAL,interface ou implémentation minimale,shopify,338,3,UNCHANGED
src/elit21/shopify/mutations/DiscountMutations.cpp,69,🟡,MINIMAL,interface ou implémentation minimale,shopify,418,3,UNCHANGED
src/elit21/shopify/mutations/DraftOrderMutations.cpp,69,🟡,MINIMAL,interface ou implémentation minimale,shopify,352,3,UNCHANGED
src/elit21/shopify/mutations/FileMutations.cpp,69,🟡,MINIMAL,interface ou implémentation minimale,shopify,331,3,UNCHANGED
src/elit21/shopify/mutations/FulfillmentMutations.cpp,69,🟡,MINIMAL,interface ou implémentation minimale,shopify,384,3,UNCHANGED
src/elit21/shopify/mutations/FulfillmentOrderMutations.cpp,69,🟡,MINIMAL,interface ou implémentation minimale,shopify,431,3,UNCHANGED
src/elit21/shopify/mutations/InventoryMutations.cpp,95,✅,MÉTIER AVANCÉ,logique métier dédiée: inventorySetQuantities,shopify,401,3,UNCHANGED
src/elit21/shopify/mutations/MetafieldMutations.cpp,69,🟡,MINIMAL,interface ou implémentation minimale,shopify,382,3,UNCHANGED
src/elit21/shopify/mutations/MetaobjectMutations.cpp,69,🟡,MINIMAL,interface ou implémentation minimale,shopify,380,3,UNCHANGED
src/elit21/shopify/mutations/OrderMutations.cpp,69,🟡,MINIMAL,interface ou implémentation minimale,shopify,317,3,UNCHANGED
src/elit21/shopify/mutations/ProductMediaMutations.cpp,69,🟡,MINIMAL,interface ou implémentation minimale,shopify,409,3,UNCHANGED
src/elit21/shopify/mutations/ProductMutations.cpp,69,🟡,MINIMAL,interface ou implémentation minimale,shopify,343,3,UNCHANGED
src/elit21/shopify/mutations/ProductVariantMutations.cpp,95,✅,MÉTIER AVANCÉ,logique métier dédiée: productVariantsBulkUpdate,shopify,449,3,UNCHANGED
src/elit21/shopify/mutations/PublicationMutations.cpp,69,🟡,MINIMAL,interface ou implémentation minimale,shopify,380,3,UNCHANGED
src/elit21/shopify/mutations/RefundMutations.cpp,69,🟡,MINIMAL,interface ou implémentation minimale,shopify,324,3,UNCHANGED
src/elit21/shopify/mutations/ReturnMutations.cpp,69,🟡,MINIMAL,interface ou implémentation minimale,shopify,342,3,UNCHANGED
src/elit21/shopify/mutations/WebhookMutations.cpp,69,🟡,MINIMAL,interface ou implémentation minimale,shopify,479,3,UNCHANGED
src/elit21/shopify/queries/BulkOperationQueries.cpp,69,🟡,MINIMAL,interface ou implémentation minimale,shopify,367,3,UNCHANGED
src/elit21/shopify/queries/CollectionQueries.cpp,69,🟡,MINIMAL,interface ou implémentation minimale,shopify,364,3,UNCHANGED
src/elit21/shopify/queries/CustomerQueries.cpp,69,🟡,MINIMAL,interface ou implémentation minimale,shopify,376,3,UNCHANGED
src/elit21/shopify/queries/DiscountQueries.cpp,69,🟡,MINIMAL,interface ou implémentation minimale,shopify,334,3,UNCHANGED
src/elit21/shopify/queries/DraftOrderQueries.cpp,69,🟡,MINIMAL,interface ou implémentation minimale,shopify,341,3,UNCHANGED
src/elit21/shopify/queries/FileQueries.cpp,69,🟡,MINIMAL,interface ou implémentation minimale,shopify,336,3,UNCHANGED
src/elit21/shopify/queries/FulfillmentOrderQueries.cpp,69,🟡,MINIMAL,interface ou implémentation minimale,shopify,427,3,UNCHANGED
src/elit21/shopify/queries/FulfillmentQueries.cpp,69,🟡,MINIMAL,interface ou implémentation minimale,shopify,338,3,UNCHANGED
src/elit21/shopify/queries/InventoryQueries.cpp,69,🟡,MINIMAL,interface ou implémentation minimale,shopify,462,3,UNCHANGED
src/elit21/shopify/queries/LocationQueries.cpp,69,🟡,MINIMAL,interface ou implémentation minimale,shopify,330,3,UNCHANGED
src/elit21/shopify/queries/MarketQueries.cpp,69,🟡,MINIMAL,interface ou implémentation minimale,shopify,291,3,UNCHANGED
src/elit21/shopify/queries/MetafieldQueries.cpp,69,🟡,MINIMAL,interface ou implémentation minimale,shopify,353,3,UNCHANGED
src/elit21/shopify/queries/MetaobjectQueries.cpp,69,🟡,MINIMAL,interface ou implémentation minimale,shopify,330,3,UNCHANGED
src/elit21/shopify/queries/OrderQueries.cpp,69,🟡,MINIMAL,interface ou implémentation minimale,shopify,449,3,UNCHANGED
src/elit21/shopify/queries/ProductQueries.cpp,69,🟡,MINIMAL,interface ou implémentation minimale,shopify,471,3,UNCHANGED
src/elit21/shopify/queries/ProductVariantQueries.cpp,69,🟡,MINIMAL,interface ou implémentation minimale,shopify,329,3,UNCHANGED
src/elit21/shopify/queries/PublicationQueries.cpp,69,🟡,MINIMAL,interface ou implémentation minimale,shopify,318,3,UNCHANGED
src/elit21/shopify/queries/RefundQueries.cpp,69,🟡,MINIMAL,interface ou implémentation minimale,shopify,322,3,UNCHANGED
src/elit21/shopify/queries/ReturnQueries.cpp,69,🟡,MINIMAL,interface ou implémentation minimale,shopify,292,3,UNCHANGED
src/elit21/shopify/queries/ShopQueries.cpp,69,🟡,MINIMAL,interface ou implémentation minimale,shopify,293,3,UNCHANGED
src/elit21/shopify/queries/TransactionQueries.cpp,69,🟡,MINIMAL,interface ou implémentation minimale,shopify,350,3,UNCHANGED
src/elit21/shopify/queries/WebhookQueries.cpp,69,🟡,MINIMAL,interface ou implémentation minimale,shopify,336,3,UNCHANGED
src/elit21/shopify/services/ShopifyBulkOperationService.cpp,81,🟢,ADAPTATEUR PARTAGÉ,invariants communs; spécialisation métier encore limitée,shopify,723,22,UNCHANGED
src/elit21/shopify/services/ShopifyCatalogService.cpp,81,🟢,ADAPTATEUR PARTAGÉ,invariants communs; spécialisation métier encore limitée,shopify,693,22,UNCHANGED
src/elit21/shopify/services/ShopifyCollectionService.cpp,81,🟢,ADAPTATEUR PARTAGÉ,invariants communs; spécialisation métier encore limitée,shopify,708,22,UNCHANGED
src/elit21/shopify/services/ShopifyCustomerService.cpp,81,🟢,ADAPTATEUR PARTAGÉ,invariants communs; spécialisation métier encore limitée,shopify,698,22,UNCHANGED
src/elit21/shopify/services/ShopifyDiscountService.cpp,81,🟢,ADAPTATEUR PARTAGÉ,invariants communs; spécialisation métier encore limitée,shopify,698,22,UNCHANGED
src/elit21/shopify/services/ShopifyDraftOrderService.cpp,81,🟢,ADAPTATEUR PARTAGÉ,invariants communs; spécialisation métier encore limitée,shopify,708,22,UNCHANGED
src/elit21/shopify/services/ShopifyFileService.cpp,81,🟢,ADAPTATEUR PARTAGÉ,invariants communs; spécialisation métier encore limitée,shopify,678,22,UNCHANGED
src/elit21/shopify/services/ShopifyFulfillmentOrderService.cpp,81,🟢,ADAPTATEUR PARTAGÉ,invariants communs; spécialisation métier encore limitée,shopify,738,22,UNCHANGED
src/elit21/shopify/services/ShopifyFulfillmentService.cpp,81,🟢,ADAPTATEUR PARTAGÉ,invariants communs; spécialisation métier encore limitée,shopify,713,22,UNCHANGED
src/elit21/shopify/services/ShopifyInventoryService.cpp,81,🟢,ADAPTATEUR PARTAGÉ,invariants communs; spécialisation métier encore limitée,shopify,703,22,UNCHANGED
src/elit21/shopify/services/ShopifyLocationService.cpp,81,🟢,ADAPTATEUR PARTAGÉ,invariants communs; spécialisation métier encore limitée,shopify,698,22,UNCHANGED
src/elit21/shopify/services/ShopifyMarketService.cpp,81,🟢,ADAPTATEUR PARTAGÉ,invariants communs; spécialisation métier encore limitée,shopify,688,22,UNCHANGED
src/elit21/shopify/services/ShopifyMediaService.cpp,81,🟢,ADAPTATEUR PARTAGÉ,invariants communs; spécialisation métier encore limitée,shopify,683,22,UNCHANGED
src/elit21/shopify/services/ShopifyMetafieldService.cpp,81,🟢,ADAPTATEUR PARTAGÉ,invariants communs; spécialisation métier encore limitée,shopify,703,22,UNCHANGED
src/elit21/shopify/services/ShopifyOrderService.cpp,81,🟢,ADAPTATEUR PARTAGÉ,invariants communs; spécialisation métier encore limitée,shopify,683,22,UNCHANGED
src/elit21/shopify/services/ShopifyProductService.cpp,81,🟢,ADAPTATEUR PARTAGÉ,invariants communs; spécialisation métier encore limitée,shopify,693,22,UNCHANGED
src/elit21/shopify/services/ShopifyPublicationService.cpp,81,🟢,ADAPTATEUR PARTAGÉ,invariants communs; spécialisation métier encore limitée,shopify,713,22,UNCHANGED
src/elit21/shopify/services/ShopifyRefundService.cpp,81,🟢,ADAPTATEUR PARTAGÉ,invariants communs; spécialisation métier encore limitée,shopify,694,22,UNCHANGED
src/elit21/shopify/services/ShopifyReturnService.cpp,81,🟢,ADAPTATEUR PARTAGÉ,invariants communs; spécialisation métier encore limitée,shopify,694,22,UNCHANGED
src/elit21/shopify/services/ShopifyShopService.cpp,81,🟢,ADAPTATEUR PARTAGÉ,invariants communs; spécialisation métier encore limitée,shopify,678,22,UNCHANGED
src/elit21/shopify/services/ShopifyVariantService.cpp,81,🟢,ADAPTATEUR PARTAGÉ,invariants communs; spécialisation métier encore limitée,shopify,693,22,UNCHANGED
src/elit21/shopify/services/ShopifyWebhookService.cpp,81,🟢,ADAPTATEUR PARTAGÉ,invariants communs; spécialisation métier encore limitée,shopify,693,22,UNCHANGED
src/elit21/shopify/webhooks/AppUninstalledWebhookHandler.cpp,81,🟢,ADAPTATEUR PARTAGÉ,invariants communs; spécialisation métier encore limitée,shopify,734,22,UNCHANGED
src/elit21/shopify/webhooks/CustomerWebhookHandler.cpp,81,🟢,ADAPTATEUR PARTAGÉ,invariants communs; spécialisation métier encore limitée,shopify,704,22,UNCHANGED
src/elit21/shopify/webhooks/FulfillmentWebhookHandler.cpp,81,🟢,ADAPTATEUR PARTAGÉ,invariants communs; spécialisation métier encore limitée,shopify,719,22,UNCHANGED
src/elit21/shopify/webhooks/InventoryWebhookHandler.cpp,81,🟢,ADAPTATEUR PARTAGÉ,invariants communs; spécialisation métier encore limitée,shopify,709,22,UNCHANGED
src/elit21/shopify/webhooks/OrderWebhookHandler.cpp,81,🟢,ADAPTATEUR PARTAGÉ,invariants communs; spécialisation métier encore limitée,shopify,689,22,UNCHANGED
src/elit21/shopify/webhooks/ProductWebhookHandler.cpp,81,🟢,ADAPTATEUR PARTAGÉ,invariants communs; spécialisation métier encore limitée,shopify,699,22,UNCHANGED
src/elit21/shopify/webhooks/RefundWebhookHandler.cpp,81,🟢,ADAPTATEUR PARTAGÉ,invariants communs; spécialisation métier encore limitée,shopify,694,22,UNCHANGED
src/elit21/shopify/webhooks/ShopWebhookHandler.cpp,81,🟢,ADAPTATEUR PARTAGÉ,invariants communs; spécialisation métier encore limitée,shopify,684,22,UNCHANGED
src/elit21/shopify/webhooks/ShopifyWebhook.cpp,81,🟢,ADAPTATEUR PARTAGÉ,invariants communs; spécialisation métier encore limitée,shopify,664,22,UNCHANGED
src/elit21/shopify/webhooks/ShopifyWebhookDispatcher.cpp,81,🟢,ADAPTATEUR PARTAGÉ,invariants communs; spécialisation métier encore limitée,shopify,711,22,UNCHANGED
src/elit21/shopify/webhooks/ShopifyWebhookParser.cpp,81,🟢,ADAPTATEUR PARTAGÉ,invariants communs; spécialisation métier encore limitée,shopify,704,22,UNCHANGED
src/elit21/shopify/webhooks/ShopifyWebhookReceiver.cpp,81,🟢,ADAPTATEUR PARTAGÉ,invariants communs; spécialisation métier encore limitée,shopify,704,22,UNCHANGED
src/elit21/shopify/webhooks/ShopifyWebhookRegistrar.cpp,81,🟢,ADAPTATEUR PARTAGÉ,invariants communs; spécialisation métier encore limitée,shopify,709,22,UNCHANGED
src/elit21/shopify/webhooks/ShopifyWebhookSignatureVerifier.cpp,81,🟢,ADAPTATEUR PARTAGÉ,invariants communs; spécialisation métier encore limitée,shopify,749,22,UNCHANGED
src/elit21/shopify/webhooks/ShopifyWebhookTopic.cpp,81,🟢,ADAPTATEUR PARTAGÉ,invariants communs; spécialisation métier encore limitée,shopify,689,22,UNCHANGED
src/elit21/sourcing/CanadaProductEligibilityChecker.cpp,76,🟡,ADAPTATEUR PARTAGÉ,invariants communs; spécialisation métier encore limitée,source,717,22,UNCHANGED
src/elit21/sourcing/CandidateProduct.cpp,76,🟡,ADAPTATEUR PARTAGÉ,invariants communs; spécialisation métier encore limitée,source,627,22,UNCHANGED
src/elit21/sourcing/CandidateProductRepository.cpp,76,🟡,ADAPTATEUR PARTAGÉ,invariants communs; spécialisation métier encore limitée,source,677,22,UNCHANGED
src/elit21/sourcing/CatalogDiscoveryEngine.cpp,76,🟡,ADAPTATEUR PARTAGÉ,invariants communs; spécialisation métier encore limitée,source,652,22,UNCHANGED
src/elit21/sourcing/CompetitionAnalyzer.cpp,76,🟡,ADAPTATEUR PARTAGÉ,invariants communs; spécialisation métier encore limitée,source,632,22,UNCHANGED
src/elit21/sourcing/DuplicateProductDetector.cpp,76,🟡,ADAPTATEUR PARTAGÉ,invariants communs; spécialisation métier encore limitée,source,657,22,UNCHANGED
src/elit21/sourcing/ImageSearchDiscovery.cpp,76,🟡,ADAPTATEUR PARTAGÉ,invariants communs; spécialisation métier encore limitée,source,637,22,UNCHANGED
src/elit21/sourcing/MarginOpportunityAnalyzer.cpp,76,🟡,ADAPTATEUR PARTAGÉ,invariants communs; spécialisation métier encore limitée,source,662,22,UNCHANGED
src/elit21/sourcing/ProductCandidatePipeline.cpp,76,🟡,ADAPTATEUR PARTAGÉ,invariants communs; spécialisation métier encore limitée,source,662,22,UNCHANGED
src/elit21/sourcing/ProductEligibilityChecker.cpp,76,🟡,ADAPTATEUR PARTAGÉ,invariants communs; spécialisation métier encore limitée,source,687,22,UNCHANGED
src/elit21/sourcing/ProductQualityAnalyzer.cpp,76,🟡,ADAPTATEUR PARTAGÉ,invariants communs; spécialisation métier encore limitée,source,647,22,UNCHANGED
src/elit21/sourcing/ProductRecommendationDiscovery.cpp,76,🟡,ADAPTATEUR PARTAGÉ,invariants communs; spécialisation métier encore limitée,source,697,22,UNCHANGED
src/elit21/sourcing/ProductRiskAnalyzer.cpp,76,🟡,ADAPTATEUR PARTAGÉ,invariants communs; spécialisation métier encore limitée,source,632,22,UNCHANGED
src/elit21/sourcing/ProductScorer.cpp,76,🟡,ADAPTATEUR PARTAGÉ,invariants communs; spécialisation métier encore limitée,source,627,22,UNCHANGED
src/elit21/sourcing/ProductSelectionPolicy.cpp,76,🟡,ADAPTATEUR PARTAGÉ,invariants communs; spécialisation métier encore limitée,source,672,22,UNCHANGED
src/elit21/sourcing/ProhibitedProductDetector.cpp,76,🟡,ADAPTATEUR PARTAGÉ,invariants communs; spécialisation métier encore limitée,source,662,22,UNCHANGED
src/elit21/sourcing/ReviewScoreAnalyzer.cpp,76,🟡,ADAPTATEUR PARTAGÉ,invariants communs; spécialisation métier encore limitée,source,632,22,UNCHANGED
src/elit21/sourcing/SellerReliabilityAnalyzer.cpp,76,🟡,ADAPTATEUR PARTAGÉ,invariants communs; spécialisation métier encore limitée,source,662,22,UNCHANGED
src/elit21/sourcing/SellerScorer.cpp,76,🟡,ADAPTATEUR PARTAGÉ,invariants communs; spécialisation métier encore limitée,source,610,22,UNCHANGED
src/elit21/sourcing/ShippingEligibilityAnalyzer.cpp,76,🟡,ADAPTATEUR PARTAGÉ,invariants communs; spécialisation métier encore limitée,source,672,22,UNCHANGED
src/elit21/sourcing/SourcingCoordinator.cpp,76,🟡,ADAPTATEUR PARTAGÉ,invariants communs; spécialisation métier encore limitée,source,637,22,UNCHANGED
src/elit21/sourcing/SourcingDecision.cpp,76,🟡,ADAPTATEUR PARTAGÉ,invariants communs; spécialisation métier encore limitée,source,627,22,UNCHANGED
src/elit21/sourcing/SourcingEngine.cpp,64,🟡,MINIMAL,interface ou implémentation minimale,source,506,4,UNCHANGED
src/elit21/sourcing/SourcingPolicy.cpp,76,🟡,ADAPTATEUR PARTAGÉ,invariants communs; spécialisation métier encore limitée,source,620,22,UNCHANGED
src/elit21/sourcing/TrendAnalyzer.cpp,76,🟡,ADAPTATEUR PARTAGÉ,invariants communs; spécialisation métier encore limitée,source,602,22,UNCHANGED
src/elit21/storage/BackupManager.cpp,76,🟡,ADAPTATEUR PARTAGÉ,invariants communs; spécialisation métier encore limitée,source,603,22,UNCHANGED
src/elit21/storage/Cache.cpp,76,🟡,ADAPTATEUR PARTAGÉ,invariants communs; spécialisation métier encore limitée,source,572,22,UNCHANGED
src/elit21/storage/CacheEntry.cpp,76,🟡,ADAPTATEUR PARTAGÉ,invariants communs; spécialisation métier encore limitée,source,597,22,UNCHANGED
src/elit21/storage/Database.cpp,98,✅,MÉTIER AVANCÉ,"logique métier dédiée: enqueueUniqueTask, setSyncCheckpoint, sqlite3_prepare",source,47984,951,MODIFIED
src/elit21/storage/DatabaseConnection.cpp,76,🟡,ADAPTATEUR PARTAGÉ,invariants communs; spécialisation métier encore limitée,source,637,22,UNCHANGED
src/elit21/storage/DatabaseMigrator.cpp,76,🟡,ADAPTATEUR PARTAGÉ,invariants communs; spécialisation métier encore limitée,source,627,22,UNCHANGED
src/elit21/storage/DatabaseTransaction.cpp,76,🟡,ADAPTATEUR PARTAGÉ,invariants communs; spécialisation métier encore limitée,source,633,22,UNCHANGED
src/elit21/storage/Entity.cpp,76,🟡,ADAPTATEUR PARTAGÉ,invariants communs; spécialisation métier encore limitée,source,577,22,UNCHANGED
src/elit21/storage/Migration.cpp,76,🟡,ADAPTATEUR PARTAGÉ,invariants communs; spécialisation métier encore limitée,source,592,22,UNCHANGED
src/elit21/storage/MigrationRepository.cpp,76,🟡,ADAPTATEUR PARTAGÉ,invariants communs; spécialisation métier encore limitée,source,642,22,UNCHANGED
src/elit21/storage/QueryBuilder.cpp,76,🟡,ADAPTATEUR PARTAGÉ,invariants communs; spécialisation métier encore limitée,source,610,22,UNCHANGED
src/elit21/storage/Repository.cpp,76,🟡,ADAPTATEUR PARTAGÉ,invariants communs; spécialisation métier encore limitée,source,597,22,UNCHANGED
src/elit21/storage/Row.cpp,76,🟡,ADAPTATEUR PARTAGÉ,invariants communs; spécialisation métier encore limitée,source,562,22,UNCHANGED
src/elit21/storage/SqliteConnection.cpp,76,🟡,ADAPTATEUR PARTAGÉ,invariants communs; spécialisation métier encore limitée,source,627,22,UNCHANGED
src/elit21/storage/SqliteDatabase.cpp,76,🟡,ADAPTATEUR PARTAGÉ,invariants communs; spécialisation métier encore limitée,source,617,22,UNCHANGED
src/elit21/storage/SqliteStatement.cpp,76,🟡,ADAPTATEUR PARTAGÉ,invariants communs; spécialisation métier encore limitée,source,622,22,UNCHANGED
src/elit21/storage/StorageHealthCheck.cpp,76,🟡,ADAPTATEUR PARTAGÉ,invariants communs; spécialisation métier encore limitée,source,627,22,UNCHANGED
src/elit21/storage/UnitOfWork.cpp,76,🟡,ADAPTATEUR PARTAGÉ,invariants communs; spécialisation métier encore limitée,source,597,22,UNCHANGED
src/elit21/terminal/AnsiTerminal.cpp,76,🟡,ADAPTATEUR PARTAGÉ,invariants communs; spécialisation métier encore limitée,source,621,22,UNCHANGED
src/elit21/terminal/CommandHistory.cpp,76,🟡,ADAPTATEUR PARTAGÉ,invariants communs; spécialisation métier encore limitée,source,631,22,UNCHANGED
src/elit21/terminal/CommandLine.cpp,76,🟡,ADAPTATEUR PARTAGÉ,invariants communs; spécialisation métier encore limitée,source,616,22,UNCHANGED
src/elit21/terminal/CommandParser.cpp,76,🟡,ADAPTATEUR PARTAGÉ,invariants communs; spécialisation métier encore limitée,source,629,22,UNCHANGED
src/elit21/terminal/CommandRegistry.cpp,76,🟡,ADAPTATEUR PARTAGÉ,invariants communs; spécialisation métier encore limitée,source,636,22,UNCHANGED
src/elit21/terminal/ConsoleInput.cpp,76,🟡,ADAPTATEUR PARTAGÉ,invariants communs; spécialisation métier encore limitée,source,621,22,UNCHANGED
src/elit21/terminal/ConsoleOutput.cpp,76,🟡,ADAPTATEUR PARTAGÉ,invariants communs; spécialisation métier encore limitée,source,626,22,UNCHANGED
src/elit21/terminal/Dashboard.cpp,73,🟡,PARTIEL,module court mais utilisable,source,3888,26,UNCHANGED
src/elit21/terminal/DashboardController.cpp,76,🟡,ADAPTATEUR PARTAGÉ,invariants communs; spécialisation métier encore limitée,source,656,22,UNCHANGED
src/elit21/terminal/FixedPositionRenderer.cpp,76,🟡,ADAPTATEUR PARTAGÉ,invariants communs; spécialisation métier encore limitée,source,666,22,UNCHANGED
src/elit21/terminal/KeyboardHandler.cpp,76,🟡,ADAPTATEUR PARTAGÉ,invariants communs; spécialisation métier encore limitée,source,636,22,UNCHANGED
src/elit21/terminal/Layout.cpp,76,🟡,ADAPTATEUR PARTAGÉ,invariants communs; spécialisation métier encore limitée,source,591,22,UNCHANGED
src/elit21/terminal/ProgressBar.cpp,76,🟡,ADAPTATEUR PARTAGÉ,invariants communs; spécialisation métier encore limitée,source,616,22,UNCHANGED
src/elit21/terminal/ScreenBuffer.cpp,76,🟡,ADAPTATEUR PARTAGÉ,invariants communs; spécialisation métier encore limitée,source,621,22,UNCHANGED
src/elit21/terminal/StatusCounter.cpp,76,🟡,ADAPTATEUR PARTAGÉ,invariants communs; spécialisation métier encore limitée,source,626,22,UNCHANGED
src/elit21/terminal/TableRenderer.cpp,76,🟡,ADAPTATEUR PARTAGÉ,invariants communs; spécialisation métier encore limitée,source,626,22,UNCHANGED
src/elit21/terminal/TerminalApplication.cpp,76,🟡,ADAPTATEUR PARTAGÉ,invariants communs; spécialisation métier encore limitée,source,656,22,UNCHANGED
src/elit21/terminal/TerminalColor.cpp,76,🟡,ADAPTATEUR PARTAGÉ,invariants communs; spécialisation métier encore limitée,source,626,22,UNCHANGED
src/elit21/terminal/TerminalCommand.cpp,76,🟡,ADAPTATEUR PARTAGÉ,invariants communs; spécialisation métier encore limitée,source,636,22,UNCHANGED
src/elit21/terminal/TerminalDimensions.cpp,76,🟡,ADAPTATEUR PARTAGÉ,invariants communs; spécialisation métier encore limitée,source,651,22,UNCHANGED
src/elit21/terminal/TerminalEvent.cpp,76,🟡,ADAPTATEUR PARTAGÉ,invariants communs; spécialisation métier encore limitée,source,626,22,UNCHANGED
src/elit21/terminal/TerminalPanel.cpp,76,🟡,ADAPTATEUR PARTAGÉ,invariants communs; spécialisation métier encore limitée,source,626,22,UNCHANGED
src/elit21/terminal/TerminalRenderer.cpp,76,🟡,ADAPTATEUR PARTAGÉ,invariants communs; spécialisation métier encore limitée,source,641,22,UNCHANGED
src/elit21/terminal/UnicodeSanitizer.cpp,76,🟡,ADAPTATEUR PARTAGÉ,invariants communs; spécialisation métier encore limitée,source,644,22,UNCHANGED
src/elit21/terminal/commands/ApproveCommand.cpp,76,🟡,ADAPTATEUR PARTAGÉ,invariants communs; spécialisation métier encore limitée,source,671,22,UNCHANGED
src/elit21/terminal/commands/BackupCommand.cpp,76,🟡,ADAPTATEUR PARTAGÉ,invariants communs; spécialisation métier encore limitée,source,657,22,UNCHANGED
src/elit21/terminal/commands/CatalogCommand.cpp,76,🟡,ADAPTATEUR PARTAGÉ,invariants communs; spécialisation métier encore limitée,source,671,22,UNCHANGED
src/elit21/terminal/commands/ConfigCommand.cpp,76,🟡,ADAPTATEUR PARTAGÉ,invariants communs; spécialisation métier encore limitée,source,666,22,UNCHANGED
src/elit21/terminal/commands/DiagnosticsCommand.cpp,76,🟡,ADAPTATEUR PARTAGÉ,invariants communs; spécialisation métier encore limitée,source,691,22,UNCHANGED
src/elit21/terminal/commands/FulfillmentCommand.cpp,76,🟡,ADAPTATEUR PARTAGÉ,invariants communs; spécialisation métier encore limitée,source,691,22,UNCHANGED
src/elit21/terminal/commands/HealthCommand.cpp,76,🟡,ADAPTATEUR PARTAGÉ,invariants communs; spécialisation métier encore limitée,source,656,22,UNCHANGED
src/elit21/terminal/commands/HelpCommand.cpp,76,🟡,ADAPTATEUR PARTAGÉ,invariants communs; spécialisation métier encore limitée,source,656,22,UNCHANGED
src/elit21/terminal/commands/InventoryCommand.cpp,76,🟡,ADAPTATEUR PARTAGÉ,invariants communs; spécialisation métier encore limitée,source,681,22,UNCHANGED
src/elit21/terminal/commands/OrderCommand.cpp,76,🟡,ADAPTATEUR PARTAGÉ,invariants communs; spécialisation métier encore limitée,source,661,22,UNCHANGED
src/elit21/terminal/commands/PauseCommand.cpp,76,🟡,ADAPTATEUR PARTAGÉ,invariants communs; spécialisation métier encore limitée,source,661,22,UNCHANGED
src/elit21/terminal/commands/PricingCommand.cpp,76,🟡,ADAPTATEUR PARTAGÉ,invariants communs; spécialisation métier encore limitée,source,671,22,UNCHANGED
src/elit21/terminal/commands/RejectCommand.cpp,76,🟡,ADAPTATEUR PARTAGÉ,invariants communs; spécialisation métier encore limitée,source,666,22,UNCHANGED
src/elit21/terminal/commands/ReportCommand.cpp,76,🟡,ADAPTATEUR PARTAGÉ,invariants communs; spécialisation métier encore limitée,source,666,22,UNCHANGED
src/elit21/terminal/commands/ResumeCommand.cpp,76,🟡,ADAPTATEUR PARTAGÉ,invariants communs; spécialisation métier encore limitée,source,666,22,UNCHANGED
src/elit21/terminal/commands/SourcingCommand.cpp,76,🟡,ADAPTATEUR PARTAGÉ,invariants communs; spécialisation métier encore limitée,source,676,22,UNCHANGED
src/elit21/terminal/commands/StartCommand.cpp,76,🟡,ADAPTATEUR PARTAGÉ,invariants communs; spécialisation métier encore limitée,source,661,22,UNCHANGED
src/elit21/terminal/commands/StatusCommand.cpp,76,🟡,ADAPTATEUR PARTAGÉ,invariants communs; spécialisation métier encore limitée,source,666,22,UNCHANGED
src/elit21/terminal/commands/StopCommand.cpp,76,🟡,ADAPTATEUR PARTAGÉ,invariants communs; spécialisation métier encore limitée,source,656,22,UNCHANGED
src/elit21/terminal/commands/SyncCommand.cpp,76,🟡,ADAPTATEUR PARTAGÉ,invariants communs; spécialisation métier encore limitée,source,647,22,UNCHANGED
src/elit21/terminal/panels/AlertsPanel.cpp,76,🟡,ADAPTATEUR PARTAGÉ,invariants communs; spécialisation métier encore limitée,source,648,22,UNCHANGED
src/elit21/terminal/panels/AliExpressPanel.cpp,76,🟡,ADAPTATEUR PARTAGÉ,invariants communs; spécialisation métier encore limitée,source,668,22,UNCHANGED
src/elit21/terminal/panels/AutomationPanel.cpp,76,🟡,ADAPTATEUR PARTAGÉ,invariants communs; spécialisation métier encore limitée,source,668,22,UNCHANGED
src/elit21/terminal/panels/CatalogPanel.cpp,76,🟡,ADAPTATEUR PARTAGÉ,invariants communs; spécialisation métier encore limitée,source,653,22,UNCHANGED
src/elit21/terminal/panels/CustomerPanel.cpp,76,🟡,ADAPTATEUR PARTAGÉ,invariants communs; spécialisation métier encore limitée,source,658,22,UNCHANGED
src/elit21/terminal/panels/FinancialPanel.cpp,76,🟡,ADAPTATEUR PARTAGÉ,invariants communs; spécialisation métier encore limitée,source,663,22,UNCHANGED
src/elit21/terminal/panels/FulfillmentPanel.cpp,76,🟡,ADAPTATEUR PARTAGÉ,invariants communs; spécialisation métier encore limitée,source,673,22,UNCHANGED
src/elit21/terminal/panels/HealthPanel.cpp,76,🟡,ADAPTATEUR PARTAGÉ,invariants communs; spécialisation métier encore limitée,source,638,22,UNCHANGED
src/elit21/terminal/panels/InventoryPanel.cpp,76,🟡,ADAPTATEUR PARTAGÉ,invariants communs; spécialisation métier encore limitée,source,663,22,UNCHANGED
src/elit21/terminal/panels/LogPanel.cpp,76,🟡,ADAPTATEUR PARTAGÉ,invariants communs; spécialisation métier encore limitée,source,633,22,UNCHANGED
src/elit21/terminal/panels/OrderPanel.cpp,76,🟡,ADAPTATEUR PARTAGÉ,invariants communs; spécialisation métier encore limitée,source,643,22,UNCHANGED
src/elit21/terminal/panels/ShopifyPanel.cpp,76,🟡,ADAPTATEUR PARTAGÉ,invariants communs; spécialisation métier encore limitée,source,653,22,UNCHANGED
src/elit21/terminal/panels/SourcingPanel.cpp,76,🟡,ADAPTATEUR PARTAGÉ,invariants communs; spécialisation métier encore limitée,source,658,22,UNCHANGED
src/elit21/terminal/panels/StatusPanel.cpp,76,🟡,ADAPTATEUR PARTAGÉ,invariants communs; spécialisation métier encore limitée,source,648,22,UNCHANGED
src/elit21/terminal/panels/SystemPanel.cpp,76,🟡,ADAPTATEUR PARTAGÉ,invariants communs; spécialisation métier encore limitée,source,648,22,UNCHANGED
src/elit21/util/StringUtil.cpp,64,🟡,MINIMAL,interface ou implémentation minimale,source,1604,16,UNCHANGED
src/elit21/util/TimeUtil.cpp,86,🟢,FONCTIONNEL,code dédié compilable,source,1525,63,UNCHANGED
src/elit21/workflow/Activity.cpp,76,🟡,ADAPTATEUR PARTAGÉ,invariants communs; spécialisation métier encore limitée,source,593,22,UNCHANGED
src/elit21/workflow/ActivityContext.cpp,76,🟡,ADAPTATEUR PARTAGÉ,invariants communs; spécialisation métier encore limitée,source,628,22,UNCHANGED
src/elit21/workflow/ActivityResult.cpp,76,🟡,ADAPTATEUR PARTAGÉ,invariants communs; spécialisation métier encore limitée,source,623,22,UNCHANGED
src/elit21/workflow/CompensationAction.cpp,76,🟡,ADAPTATEUR PARTAGÉ,invariants communs; spécialisation métier encore limitée,source,643,22,UNCHANGED
src/elit21/workflow/Saga.cpp,76,🟡,ADAPTATEUR PARTAGÉ,invariants communs; spécialisation métier encore limitée,source,568,22,UNCHANGED
src/elit21/workflow/SagaCoordinator.cpp,76,🟡,ADAPTATEUR PARTAGÉ,invariants communs; spécialisation métier encore limitée,source,623,22,UNCHANGED
src/elit21/workflow/StateMachine.cpp,76,🟡,ADAPTATEUR PARTAGÉ,invariants communs; spécialisation métier encore limitée,source,613,22,UNCHANGED
src/elit21/workflow/StateTransition.cpp,76,🟡,ADAPTATEUR PARTAGÉ,invariants communs; spécialisation métier encore limitée,source,628,22,UNCHANGED
src/elit21/workflow/Workflow.cpp,76,🟡,ADAPTATEUR PARTAGÉ,invariants communs; spécialisation métier encore limitée,source,588,22,UNCHANGED
src/elit21/workflow/WorkflowCheckpoint.cpp,76,🟡,ADAPTATEUR PARTAGÉ,invariants communs; spécialisation métier encore limitée,source,638,22,UNCHANGED
src/elit21/workflow/WorkflowContext.cpp,76,🟡,ADAPTATEUR PARTAGÉ,invariants communs; spécialisation métier encore limitée,source,623,22,UNCHANGED
src/elit21/workflow/WorkflowDefinition.cpp,76,🟡,ADAPTATEUR PARTAGÉ,invariants communs; spécialisation métier encore limitée,source,638,22,UNCHANGED
src/elit21/workflow/WorkflowEngine.cpp,76,🟡,ADAPTATEUR PARTAGÉ,invariants communs; spécialisation métier encore limitée,source,618,22,UNCHANGED
src/elit21/workflow/WorkflowInstance.cpp,76,🟡,ADAPTATEUR PARTAGÉ,invariants communs; spécialisation métier encore limitée,source,628,22,UNCHANGED
src/elit21/workflow/WorkflowRepository.cpp,76,🟡,ADAPTATEUR PARTAGÉ,invariants communs; spécialisation métier encore limitée,source,638,22,UNCHANGED
src/elit21/workflow/WorkflowScheduler.cpp,76,🟡,ADAPTATEUR PARTAGÉ,invariants communs; spécialisation métier encore limitée,source,629,22,UNCHANGED
src/elit21/workflow/WorkflowState.cpp,76,🟡,ADAPTATEUR PARTAGÉ,invariants communs; spécialisation métier encore limitée,source,613,22,UNCHANGED
tests/CMakeLists.txt,88,📘,DOCUMENTÉ,documentation ou rapport,tests,787,9,UNCHANGED
tests/TestScenarios.h,99,✅,MÉTIER AVANCÉ,"logique métier dédiée: ShopifyWebhookProcessor, enqueueUniqueTask, setSyncCheckpoint",tests,21819,444,MODIFIED
tests/contract/AliExpressIopContractTests.cpp,94,🧪✅,TEST RÉEL,scénario exécutable,tests,134,6,UNCHANGED
tests/contract/AliExpressTopContractTests.cpp,94,🧪✅,TEST RÉEL,scénario exécutable,tests,134,6,UNCHANGED
tests/contract/MappingContractTests.cpp,94,🧪✅,TEST RÉEL,scénario exécutable,tests,128,6,UNCHANGED
tests/contract/ShopifyGraphqlContractTests.cpp,94,🧪✅,TEST RÉEL,scénario exécutable,tests,132,6,UNCHANGED
tests/contract/ShopifyWebhookContractTests.cpp,94,🧪✅,TEST RÉEL,scénario exécutable,tests,132,6,UNCHANGED
tests/end_to_end/CustomerOrderEndToEndTests.cpp,94,🧪✅,TEST RÉEL,scénario exécutable,tests,136,6,UNCHANGED
tests/end_to_end/FulfillmentEndToEndTests.cpp,94,🧪✅,TEST RÉEL,scénario exécutable,tests,134,6,UNCHANGED
tests/end_to_end/InventorySyncEndToEndTests.cpp,94,🧪✅,TEST RÉEL,scénario exécutable,tests,135,6,UNCHANGED
tests/end_to_end/ProductImportEndToEndTests.cpp,94,🧪✅,TEST RÉEL,scénario exécutable,tests,133,6,UNCHANGED
tests/end_to_end/RecoveryEndToEndTests.cpp,94,🧪✅,TEST RÉEL,scénario exécutable,tests,129,6,UNCHANGED
tests/end_to_end/RefundEndToEndTests.cpp,94,🧪✅,TEST RÉEL,scénario exécutable,tests,129,6,UNCHANGED
tests/end_to_end/SupplierOrderEndToEndTests.cpp,94,🧪✅,TEST RÉEL,scénario exécutable,tests,136,6,UNCHANGED
tests/extended_test_main.cpp,94,🧪✅,TEST RÉEL,scénario exécutable,tests,10886,144,UNCHANGED
tests/fault_injection/AliExpressTimeoutTests.cpp,94,🧪✅,TEST RÉEL,scénario exécutable,tests,137,6,UNCHANGED
tests/fault_injection/DatabaseFailureTests.cpp,94,🧪✅,TEST RÉEL,scénario exécutable,tests,133,6,UNCHANGED
tests/fault_injection/DuplicateWebhookTests.cpp,94,🧪✅,TEST RÉEL,scénario exécutable,tests,134,6,UNCHANGED
tests/fault_injection/NetworkFailureTests.cpp,94,🧪✅,TEST RÉEL,scénario exécutable,tests,134,6,UNCHANGED
tests/fault_injection/ProcessCrashRecoveryTests.cpp,94,🧪✅,TEST RÉEL,scénario exécutable,tests,138,6,UNCHANGED
tests/fault_injection/ShopifyThrottleTests.cpp,94,🧪✅,TEST RÉEL,scénario exécutable,tests,132,6,UNCHANGED
tests/fault_injection/TokenExpirationTests.cpp,94,🧪✅,TEST RÉEL,scénario exécutable,tests,135,6,UNCHANGED
tests/integration/AliExpressFreightIntegrationTests.cpp,94,🧪✅,TEST RÉEL,scénario exécutable,tests,144,6,UNCHANGED
tests/integration/AliExpressOrderIntegrationTests.cpp,94,🧪✅,TEST RÉEL,scénario exécutable,tests,142,6,UNCHANGED
tests/integration/AliExpressProductIntegrationTests.cpp,94,🧪✅,TEST RÉEL,scénario exécutable,tests,144,6,UNCHANGED
tests/integration/AliExpressTrackingIntegrationTests.cpp,94,🧪✅,TEST RÉEL,scénario exécutable,tests,145,6,UNCHANGED
tests/integration/AliExpressTransportIntegrationTests.cpp,94,🧪✅,TEST RÉEL,scénario exécutable,tests,146,6,UNCHANGED
tests/integration/DatabaseIntegrationTests.cpp,94,🧪✅,TEST RÉEL,scénario exécutable,tests,133,6,UNCHANGED
tests/integration/ShopifyBulkOperationIntegrationTests.cpp,94,🧪✅,TEST RÉEL,scénario exécutable,tests,144,6,UNCHANGED
tests/integration/ShopifyGraphqlIntegrationTests.cpp,94,🧪✅,TEST RÉEL,scénario exécutable,tests,138,6,UNCHANGED
tests/integration/ShopifyWebhookIntegrationTests.cpp,94,🧪✅,TEST RÉEL,scénario exécutable,tests,138,6,UNCHANGED
tests/integration/WorkflowIntegrationTests.cpp,94,🧪✅,TEST RÉEL,scénario exécutable,tests,135,6,UNCHANGED
tests/mocks/MockAliExpressClient.cpp,74,🧪🟡,TEST PARTIEL,couverture limitée,tests,119,4,UNCHANGED
tests/mocks/MockAliExpressClient.h,64,🟡,MINIMAL,interface ou implémentation minimale,tests,455,15,UNCHANGED
tests/mocks/MockClock.cpp,74,🧪🟡,TEST PARTIEL,couverture limitée,tests,97,4,UNCHANGED
tests/mocks/MockClock.h,64,🟡,MINIMAL,interface ou implémentation minimale,tests,444,15,UNCHANGED
tests/mocks/MockDatabase.cpp,94,🧪✅,TEST RÉEL,scénario exécutable,tests,103,4,UNCHANGED
tests/mocks/MockDatabase.h,64,🟡,MINIMAL,interface ou implémentation minimale,tests,447,15,UNCHANGED
tests/mocks/MockHttpClient.cpp,74,🧪🟡,TEST PARTIEL,couverture limitée,tests,107,4,UNCHANGED
tests/mocks/MockHttpClient.h,64,🟡,MINIMAL,interface ou implémentation minimale,tests,449,15,UNCHANGED
tests/mocks/MockShopifyClient.cpp,74,🧪🟡,TEST PARTIEL,couverture limitée,tests,113,4,UNCHANGED
tests/mocks/MockShopifyClient.h,64,🟡,MINIMAL,interface ou implémentation minimale,tests,452,15,UNCHANGED
tests/mocks/MockTaskQueue.cpp,74,🧪🟡,TEST PARTIEL,couverture limitée,tests,105,4,UNCHANGED
tests/mocks/MockTaskQueue.h,64,🟡,MINIMAL,interface ou implémentation minimale,tests,448,15,UNCHANGED
tests/performance/CatalogSyncBenchmark.cpp,94,🧪✅,TEST RÉEL,scénario exécutable,tests,128,6,UNCHANGED
tests/performance/DatabaseBenchmark.cpp,94,🧪✅,TEST RÉEL,scénario exécutable,tests,126,6,UNCHANGED
tests/performance/InventorySyncBenchmark.cpp,94,🧪✅,TEST RÉEL,scénario exécutable,tests,132,6,UNCHANGED
tests/performance/OrderProcessingBenchmark.cpp,94,🧪✅,TEST RÉEL,scénario exécutable,tests,135,6,UNCHANGED
tests/performance/WebhookThroughputBenchmark.cpp,94,🧪✅,TEST RÉEL,scénario exécutable,tests,134,6,UNCHANGED
tests/security/CredentialEncryptionTests.cpp,94,🧪✅,TEST RÉEL,scénario exécutable,tests,133,6,UNCHANGED
tests/security/HmacVerificationTests.cpp,94,🧪✅,TEST RÉEL,scénario exécutable,tests,126,6,UNCHANGED
tests/security/ReplayProtectionTests.cpp,94,🧪✅,TEST RÉEL,scénario exécutable,tests,126,6,UNCHANGED
tests/security/RequestSigningTests.cpp,94,🧪✅,TEST RÉEL,scénario exécutable,tests,127,6,UNCHANGED
tests/security/SecretRedactionTests.cpp,94,🧪✅,TEST RÉEL,scénario exécutable,tests,128,6,UNCHANGED
tests/security/SqlInjectionResistanceTests.cpp,94,🧪✅,TEST RÉEL,scénario exécutable,tests,133,6,UNCHANGED
tests/unit/aliexpress/AliexpressModuleTests.cpp,94,🧪✅,TEST RÉEL,scénario exécutable,tests,136,6,UNCHANGED
tests/unit/automation/AutomationModuleTests.cpp,94,🧪✅,TEST RÉEL,scénario exécutable,tests,136,6,UNCHANGED
tests/unit/catalog/CatalogModuleTests.cpp,94,🧪✅,TEST RÉEL,scénario exécutable,tests,130,6,UNCHANGED
tests/unit/compliance/ComplianceModuleTests.cpp,94,🧪✅,TEST RÉEL,scénario exécutable,tests,136,6,UNCHANGED
tests/unit/configuration/ConfigurationModuleTests.cpp,94,🧪✅,TEST RÉEL,scénario exécutable,tests,142,6,UNCHANGED
tests/unit/core/CoreModuleTests.cpp,94,🧪✅,TEST RÉEL,scénario exécutable,tests,124,6,UNCHANGED
tests/unit/finance/FinanceModuleTests.cpp,94,🧪✅,TEST RÉEL,scénario exécutable,tests,130,6,UNCHANGED
tests/unit/fulfillment/FulfillmentModuleTests.cpp,94,🧪✅,TEST RÉEL,scénario exécutable,tests,138,6,UNCHANGED
tests/unit/inventory/InventoryModuleTests.cpp,94,🧪✅,TEST RÉEL,scénario exécutable,tests,133,6,UNCHANGED
tests/unit/mapping/MappingModuleTests.cpp,94,🧪✅,TEST RÉEL,scénario exécutable,tests,130,6,UNCHANGED
tests/unit/orders/OrdersModuleTests.cpp,94,🧪✅,TEST RÉEL,scénario exécutable,tests,128,6,UNCHANGED
tests/unit/pricing/PricingModuleTests.cpp,94,🧪✅,TEST RÉEL,scénario exécutable,tests,127,6,UNCHANGED
tests/unit/returns/ReturnsModuleTests.cpp,94,🧪✅,TEST RÉEL,scénario exécutable,tests,130,6,UNCHANGED
tests/unit/risk/RiskModuleTests.cpp,94,🧪✅,TEST RÉEL,scénario exécutable,tests,124,6,UNCHANGED
tests/unit/security/SecurityModuleTests.cpp,94,🧪✅,TEST RÉEL,scénario exécutable,tests,132,6,UNCHANGED
tests/unit/shopify/ShopifyModuleTests.cpp,94,🧪✅,TEST RÉEL,scénario exécutable,tests,127,6,UNCHANGED
tests/unit/sourcing/SourcingModuleTests.cpp,94,🧪✅,TEST RÉEL,scénario exécutable,tests,132,6,UNCHANGED
tests/unit/storage/StorageModuleTests.cpp,94,🧪✅,TEST RÉEL,scénario exécutable,tests,128,6,UNCHANGED
tests/unit/terminal/TerminalModuleTests.cpp,94,🧪✅,TEST RÉEL,scénario exécutable,tests,132,6,UNCHANGED
tests/unit_tests.cpp,94,🧪✅,TEST RÉEL,scénario exécutable,tests,1435,9,UNCHANGED
tools/aliexpress_request_tester/main.cpp,64,🟡,MINIMAL,interface ou implémentation minimale,executables,820,7,UNCHANGED
tools/database_inspector/main.cpp,95,✅,MÉTIER AVANCÉ,logique métier dédiée: sqlite3_prepare,executables,1041,6,UNCHANGED
tools/graphql_query_tester/main.cpp,73,🟡,PARTIEL,module court mais utilisable,executables,1497,43,UNCHANGED
tools/inventory_reconciler/main.cpp,95,✅,MÉTIER AVANCÉ,logique métier dédiée: migrateDirectory,executables,804,5,UNCHANGED
tools/log_analyzer/main.cpp,64,🟡,MINIMAL,interface ou implémentation minimale,executables,561,6,UNCHANGED
tools/order_reconciler/main.cpp,95,✅,MÉTIER AVANCÉ,logique métier dédiée: migrateDirectory,executables,680,5,UNCHANGED
tools/product_mapping_editor/main.cpp,95,✅,MÉTIER AVANCÉ,logique métier dédiée: sqlite3_prepare,executables,1084,5,UNCHANGED
tools/project_progress_analyzer/main.cpp,73,🟡,PARTIEL,module court mais utilisable,executables,1206,29,NEW
tools/secret_generator/main.cpp,64,🟡,MINIMAL,interface ou implémentation minimale,executables,252,5,UNCHANGED
tools/webhook_replayer/main.cpp,64,🟡,MINIMAL,interface ou implémentation minimale,executables,963,8,UNCHANGED
